[12Jun2026 23:37:29.145] [main/INFO] [cpw.mods.modlauncher.Launcher/MODLAUNCHER]: ModLauncher running: args [--launchTarget, forgeserver, --fml.forgeVersion, 47.4.10, --fml.mcVersion, 1.20.1, --fml.forgeGroup, net.minecraftforge, --fml.mcpVersion, 20230612.114412]
[12Jun2026 23:37:29.149] [main/INFO] [cpw.mods.modlauncher.Launcher/MODLAUNCHER]: ModLauncher 10.0.9+10.0.9+main.dcd20f30 starting: java version 25.0.1 by Eclipse Adoptium; OS Windows 10 arch amd64 version 10.0
[12Jun2026 23:37:29.175] [main/DEBUG] [cpw.mods.modlauncher.LaunchServiceHandler/MODLAUNCHER]: Found launch services [fmlclientdev,forgeclient,minecraft,forgegametestserverdev,fmlserveruserdev,fmlclient,fmldatauserdev,forgeserverdev,forgeserveruserdev,forgeclientdev,forgeclientuserdev,forgeserver,forgedatadev,fmlserver,fmlclientuserdev,fmlserverdev,forgedatauserdev,testharness,forgegametestserveruserdev]
[12Jun2026 23:37:29.189] [main/DEBUG] [cpw.mods.modlauncher.NameMappingServiceHandler/MODLAUNCHER]: Found naming services : [srgtomcp]
[12Jun2026 23:37:29.207] [main/DEBUG] [cpw.mods.modlauncher.LaunchPluginHandler/MODLAUNCHER]: Found launch plugins: [mixin,eventbus,slf4jfixer,object_holder_definalize,runtime_enum_extender,capability_token_subclass,accesstransformer,runtimedistcleaner]
[12Jun2026 23:37:29.218] [main/DEBUG] [cpw.mods.modlauncher.TransformationServicesHandler/MODLAUNCHER]: Discovering transformation services
[12Jun2026 23:37:29.225] [main/DEBUG] [net.minecraftforge.fml.loading.FMLPaths/CORE]: Path GAMEDIR is C:\Users\Main\Documents\GitHub\Forge-1.20.1-Server
[12Jun2026 23:37:29.226] [main/DEBUG] [net.minecraftforge.fml.loading.FMLPaths/CORE]: Path MODSDIR is C:\Users\Main\Documents\GitHub\Forge-1.20.1-Server\mods
[12Jun2026 23:37:29.226] [main/DEBUG] [net.minecraftforge.fml.loading.FMLPaths/CORE]: Path CONFIGDIR is C:\Users\Main\Documents\GitHub\Forge-1.20.1-Server\config
[12Jun2026 23:37:29.227] [main/DEBUG] [net.minecraftforge.fml.loading.FMLPaths/CORE]: Path FMLCONFIG is C:\Users\Main\Documents\GitHub\Forge-1.20.1-Server\config\fml.toml
[12Jun2026 23:37:29.660] [main/DEBUG] [cpw.mods.modlauncher.TransformationServicesHandler/MODLAUNCHER]: Found additional transformation services from discovery services: [C:\Users\Main\Documents\GitHub\Forge-1.20.1-Server\mods\Connector-1.0.0-beta.48+1.20.1.jar][C:\Users\Main\Documents\GitHub\Forge-1.20.1-Server\mods\Connector-1.0.0-beta.48+1.20.1.jar][C:\Users\Main\Documents\GitHub\Forge-1.20.1-Server\mods\Connector-1.0.0-beta.48+1.20.1.jar]
[12Jun2026 23:37:29.698] [main/INFO] [net.minecraftforge.fml.loading.ImmediateWindowHandler/]: ImmediateWindowProvider not loading because launch target is forgeserver
[12Jun2026 23:37:29.709] [main/INFO] [mixin-transmog/]: Mixin Transmogrifier is definitely up to no good...
[12Jun2026 23:37:29.735] [main/DEBUG] [mixin-transmog/]: Replaced the mixin launch plugin
[12Jun2026 23:37:29.735] [main/INFO] [mixin-transmog/]: crimes against java were committed
[12Jun2026 23:37:29.740] [main/DEBUG] [cpw.mods.modlauncher.TransformationServicesHandler/MODLAUNCHER]: Found transformer services : [mixin,fml,mixin-transmogrifier,connector_loader]
[12Jun2026 23:37:29.740] [main/DEBUG] [cpw.mods.modlauncher.TransformationServicesHandler/MODLAUNCHER]: Transformation services loading
[12Jun2026 23:37:29.741] [main/DEBUG] [cpw.mods.modlauncher.TransformationServiceDecorator/MODLAUNCHER]: Loading service mixin
[12Jun2026 23:37:29.741] [main/DEBUG] [cpw.mods.modlauncher.TransformationServiceDecorator/MODLAUNCHER]: Loaded service mixin
[12Jun2026 23:37:29.742] [main/DEBUG] [cpw.mods.modlauncher.TransformationServiceDecorator/MODLAUNCHER]: Loading service fml
[12Jun2026 23:37:29.743] [main/DEBUG] [net.minecraftforge.fml.loading.LauncherVersion/CORE]: Found FMLLauncher version 1.0
[12Jun2026 23:37:29.743] [main/DEBUG] [net.minecraftforge.fml.loading.FMLLoader/CORE]: FML 1.0 loading
[12Jun2026 23:37:29.743] [main/DEBUG] [net.minecraftforge.fml.loading.FMLLoader/CORE]: FML found ModLauncher version : 10.0.9+10.0.9+main.dcd20f30
[12Jun2026 23:37:29.743] [main/DEBUG] [net.minecraftforge.fml.loading.FMLLoader/CORE]: Requesting CoreMods to not apply the fix for ASMAPI.findFirstInstructionBefore by default
[12Jun2026 23:37:29.744] [main/DEBUG] [net.minecraftforge.fml.loading.FMLLoader/CORE]: FML found AccessTransformer version : 8.0.4+66+master.c09db6d7
[12Jun2026 23:37:29.745] [main/DEBUG] [net.minecraftforge.fml.loading.FMLLoader/CORE]: FML found EventBus version : 6.0.5+6.0.5+master.eb8e549b
[12Jun2026 23:37:29.745] [main/DEBUG] [net.minecraftforge.fml.loading.FMLLoader/CORE]: Found Runtime Dist Cleaner
[12Jun2026 23:37:29.748] [main/DEBUG] [net.minecraftforge.coremod.CoreModEngine/]: CoreMods will preserve legacy behavior of ASMAPI.findFirstInstructionBefore for backwards-compatibility
[12Jun2026 23:37:29.749] [main/DEBUG] [net.minecraftforge.fml.loading.FMLLoader/CORE]: FML found CoreMod version : 5.2.4
[12Jun2026 23:37:29.750] [main/DEBUG] [net.minecraftforge.fml.loading.FMLLoader/CORE]: Found ForgeSPI package implementation version 7.0.1+7.0.1+master.d2b38bf6
[12Jun2026 23:37:29.750] [main/DEBUG] [net.minecraftforge.fml.loading.FMLLoader/CORE]: Found ForgeSPI package specification 5
[12Jun2026 23:37:29.750] [main/DEBUG] [cpw.mods.modlauncher.TransformationServiceDecorator/MODLAUNCHER]: Loaded service fml
[12Jun2026 23:37:29.750] [main/DEBUG] [cpw.mods.modlauncher.TransformationServiceDecorator/MODLAUNCHER]: Loading service mixin-transmogrifier
[12Jun2026 23:37:29.750] [main/DEBUG] [mixin-transmog/]: onLoad called
[12Jun2026 23:37:29.751] [main/DEBUG] [mixin-transmog/]: mixin, fml, mixin-transmogrifier, connector_loader
[12Jun2026 23:37:29.753] [main/DEBUG] [cpw.mods.modlauncher.TransformationServiceDecorator/MODLAUNCHER]: Loading service mixin
[12Jun2026 23:37:29.754] [main/DEBUG] [cpw.mods.modlauncher.TransformationServiceDecorator/MODLAUNCHER]: Loaded service mixin
[12Jun2026 23:37:29.754] [main/DEBUG] [cpw.mods.modlauncher.TransformationServiceDecorator/MODLAUNCHER]: Loaded service mixin-transmogrifier
[12Jun2026 23:37:29.754] [main/DEBUG] [cpw.mods.modlauncher.TransformationServiceDecorator/MODLAUNCHER]: Loading service connector_loader
[12Jun2026 23:37:29.756] [main/DEBUG] [cpw.mods.modlauncher.TransformationServiceDecorator/MODLAUNCHER]: Loaded service connector_loader
[12Jun2026 23:37:29.758] [main/DEBUG] [cpw.mods.modlauncher.TransformationServicesHandler/MODLAUNCHER]: Configuring option handling for services
[12Jun2026 23:37:29.766] [main/DEBUG] [cpw.mods.modlauncher.TransformationServicesHandler/MODLAUNCHER]: Transformation services initializing
[12Jun2026 23:37:29.766] [main/DEBUG] [cpw.mods.modlauncher.TransformationServiceDecorator/MODLAUNCHER]: Initializing transformation service mixin
[12Jun2026 23:37:29.767] [main/INFO] [mixin-transmog/]: Original mixin transformation service successfully crobbed by mixin-transmogrifier!
[12Jun2026 23:37:29.768] [main/DEBUG] [cpw.mods.modlauncher.TransformationServiceDecorator/MODLAUNCHER]: Initialized transformation service mixin
[12Jun2026 23:37:29.768] [main/DEBUG] [cpw.mods.modlauncher.TransformationServiceDecorator/MODLAUNCHER]: Initializing transformation service fml
[12Jun2026 23:37:29.768] [main/DEBUG] [net.minecraftforge.fml.loading.FMLServiceProvider/CORE]: Setting up basic FML game directories
[12Jun2026 23:37:29.769] [main/DEBUG] [net.minecraftforge.fml.loading.FMLPaths/CORE]: Path GAMEDIR is C:\Users\Main\Documents\GitHub\Forge-1.20.1-Server
[12Jun2026 23:37:29.769] [main/DEBUG] [net.minecraftforge.fml.loading.FMLPaths/CORE]: Path MODSDIR is C:\Users\Main\Documents\GitHub\Forge-1.20.1-Server\mods
[12Jun2026 23:37:29.769] [main/DEBUG] [net.minecraftforge.fml.loading.FMLPaths/CORE]: Path CONFIGDIR is C:\Users\Main\Documents\GitHub\Forge-1.20.1-Server\config
[12Jun2026 23:37:29.769] [main/DEBUG] [net.minecraftforge.fml.loading.FMLPaths/CORE]: Path FMLCONFIG is C:\Users\Main\Documents\GitHub\Forge-1.20.1-Server\config\fml.toml
[12Jun2026 23:37:29.769] [main/DEBUG] [net.minecraftforge.fml.loading.FMLServiceProvider/CORE]: Loading configuration
[12Jun2026 23:37:29.772] [main/DEBUG] [net.minecraftforge.fml.loading.FMLServiceProvider/CORE]: Preparing ModFile
[12Jun2026 23:37:29.778] [main/DEBUG] [net.minecraftforge.fml.loading.FMLServiceProvider/CORE]: Preparing launch handler
[12Jun2026 23:37:29.779] [main/DEBUG] [net.minecraftforge.fml.loading.FMLLoader/CORE]: Using forgeserver as launch service
[12Jun2026 23:37:29.792] [main/DEBUG] [net.minecraftforge.fml.loading.FMLLoader/CORE]: Received command line version data  : VersionInfo[forgeVersion=47.4.10, mcVersion=1.20.1, mcpVersion=20230612.114412, forgeGroup=net.minecraftforge]
[12Jun2026 23:37:29.793] [main/DEBUG] [cpw.mods.modlauncher.TransformationServiceDecorator/MODLAUNCHER]: Initialized transformation service fml
[12Jun2026 23:37:29.794] [main/DEBUG] [cpw.mods.modlauncher.TransformationServiceDecorator/MODLAUNCHER]: Initializing transformation service mixin-transmogrifier
[12Jun2026 23:37:29.794] [main/DEBUG] [mixin-transmog/]: initialize called
[12Jun2026 23:37:29.803] [main/DEBUG] [mixin/]: MixinService [ModLauncher] was successfully booted in cpw.mods.cl.ModuleClassLoader@262b2c86
[12Jun2026 23:37:29.815] [main/INFO] [mixin/]: SpongePowered MIXIN Subsystem Version=0.8.5 Source=union:/C:/Users/Main/Documents/GitHub/Forge-1.20.1-Server/mods/Connector-1.0.0-beta.48+1.20.1.jar%23131%23134!/ Service=ModLauncher Env=SERVER
[12Jun2026 23:37:29.818] [main/DEBUG] [mixin/]: Initialising Mixin Platform Manager
[12Jun2026 23:37:29.818] [main/DEBUG] [mixin/]: Adding mixin platform agents for container ModLauncher Root Container(ModLauncher:4f56a0a2)
[12Jun2026 23:37:29.819] [main/DEBUG] [mixin/]: Instancing new MixinPlatformAgentMinecraftForge for ModLauncher Root Container(ModLauncher:4f56a0a2)
[12Jun2026 23:37:29.819] [main/DEBUG] [mixin/]: MixinPlatformAgentMinecraftForge rejected container ModLauncher Root Container(ModLauncher:4f56a0a2)
[12Jun2026 23:37:29.820] [main/DEBUG] [mixin/]: Instancing new MixinPlatformAgentDefault for ModLauncher Root Container(ModLauncher:4f56a0a2)
[12Jun2026 23:37:29.820] [main/DEBUG] [mixin/]: MixinPlatformAgentDefault accepted container ModLauncher Root Container(ModLauncher:4f56a0a2)
[12Jun2026 23:37:29.822] [main/DEBUG] [cpw.mods.modlauncher.TransformationServiceDecorator/MODLAUNCHER]: Initialized transformation service mixin-transmogrifier
[12Jun2026 23:37:29.822] [main/DEBUG] [cpw.mods.modlauncher.TransformationServiceDecorator/MODLAUNCHER]: Initializing transformation service connector_loader
[12Jun2026 23:37:29.826] [main/DEBUG] [cpw.mods.modlauncher.TransformationServiceDecorator/MODLAUNCHER]: Initialized transformation service connector_loader
[12Jun2026 23:37:29.826] [main/DEBUG] [cpw.mods.modlauncher.NameMappingServiceHandler/MODLAUNCHER]: Current naming domain is 'srg'
[12Jun2026 23:37:29.827] [main/DEBUG] [cpw.mods.modlauncher.NameMappingServiceHandler/MODLAUNCHER]: Identified name mapping providers {}
[12Jun2026 23:37:29.827] [main/DEBUG] [cpw.mods.modlauncher.TransformationServicesHandler/MODLAUNCHER]: Transformation services begin scanning
[12Jun2026 23:37:29.828] [main/DEBUG] [cpw.mods.modlauncher.TransformationServiceDecorator/MODLAUNCHER]: Beginning scan trigger - transformation service mixin
[12Jun2026 23:37:29.828] [main/DEBUG] [cpw.mods.modlauncher.TransformationServiceDecorator/MODLAUNCHER]: End scan trigger - transformation service mixin
[12Jun2026 23:37:29.828] [main/DEBUG] [cpw.mods.modlauncher.TransformationServiceDecorator/MODLAUNCHER]: Beginning scan trigger - transformation service fml
[12Jun2026 23:37:29.829] [main/DEBUG] [net.minecraftforge.fml.loading.FMLServiceProvider/CORE]: Initiating mod scan
[12Jun2026 23:37:29.840] [main/DEBUG] [net.minecraftforge.fml.loading.moddiscovery.ModListHandler/CORE]: Found mod coordinates from lists: []
[12Jun2026 23:37:29.847] [main/DEBUG] [net.minecraftforge.fml.loading.moddiscovery.ModDiscoverer/CORE]: Found Mod Locators : (connector_early_locator:1.0.0-beta.48+1.20.1),(mods folder:null),(maven libs:null),(exploded directory:null),(minecraft:null),(userdev classpath:null)
[12Jun2026 23:37:29.847] [main/DEBUG] [net.minecraftforge.fml.loading.moddiscovery.ModDiscoverer/CORE]: Found Dependency Locators : (connector_locator:1.0.0-beta.48+1.20.1),(JarInJar:null)
[12Jun2026 23:37:29.872] [main/DEBUG] [net.minecraftforge.fml.loading.moddiscovery.ModFileParser/LOADING]: Considering mod file candidate 
[12Jun2026 23:37:29.924] [main/DEBUG] [net.minecraftforge.fml.loading.moddiscovery.ModFileInfo/LOADING]: Found valid mod file Connector-1.0.0-beta.48+1.20.1-mod.jar with {connectormod} mods - versions {1.0.0-beta.48+1.20.1}
[12Jun2026 23:37:29.931] [main/DEBUG] [net.minecraftforge.fml.loading.moddiscovery.ModFileParser/LOADING]: Considering mod file candidate C:\Users\Main\Documents\GitHub\Forge-1.20.1-Server\mods\almanac-1.20.x-forge-1.0.2.jar
[12Jun2026 23:37:29.933] [main/DEBUG] [net.minecraftforge.fml.loading.moddiscovery.ModFileInfo/LOADING]: Found valid mod file almanac-1.20.x-forge-1.0.2.jar with {almanac} mods - versions {1.0.2}
[12Jun2026 23:37:29.935] [main/DEBUG] [net.minecraftforge.fml.loading.moddiscovery.ModFileParser/LOADING]: Considering mod file candidate C:\Users\Main\Documents\GitHub\Forge-1.20.1-Server\mods\appleskin-forge-mc1.20.1-2.5.1.jar
[12Jun2026 23:37:29.937] [main/DEBUG] [net.minecraftforge.fml.loading.moddiscovery.ModFileInfo/LOADING]: Found valid mod file appleskin-forge-mc1.20.1-2.5.1.jar with {appleskin} mods - versions {2.5.1+mc1.20.1}
[12Jun2026 23:37:29.940] [main/DEBUG] [net.minecraftforge.fml.loading.moddiscovery.ModFileParser/LOADING]: Considering mod file candidate C:\Users\Main\Documents\GitHub\Forge-1.20.1-Server\mods\architectury-9.2.14-forge.jar
[12Jun2026 23:37:29.941] [main/DEBUG] [net.minecraftforge.fml.loading.moddiscovery.ModFileInfo/LOADING]: Found valid mod file architectury-9.2.14-forge.jar with {architectury} mods - versions {9.2.14}
[12Jun2026 23:37:29.944] [main/DEBUG] [net.minecraftforge.fml.loading.moddiscovery.ModFileParser/LOADING]: Considering mod file candidate C:\Users\Main\Documents\GitHub\Forge-1.20.1-Server\mods\balm-forge-1.20.1-7.3.38-all.jar
[12Jun2026 23:37:29.946] [main/DEBUG] [net.minecraftforge.fml.loading.moddiscovery.ModFileInfo/LOADING]: Found valid mod file balm-forge-1.20.1-7.3.38-all.jar with {balm} mods - versions {7.3.38}
[12Jun2026 23:37:29.948] [main/DEBUG] [net.minecraftforge.fml.loading.moddiscovery.ModFileParser/LOADING]: Considering mod file candidate C:\Users\Main\Documents\GitHub\Forge-1.20.1-Server\mods\Chunky-1.3.146.jar
[12Jun2026 23:37:29.950] [main/DEBUG] [net.minecraftforge.fml.loading.moddiscovery.ModFileInfo/LOADING]: Found valid mod file Chunky-1.3.146.jar with {chunky} mods - versions {1.3.146}
[12Jun2026 23:37:29.953] [main/DEBUG] [net.minecraftforge.fml.loading.moddiscovery.ModFileParser/LOADING]: Considering mod file candidate C:\Users\Main\Documents\GitHub\Forge-1.20.1-Server\mods\connectivity-1.20.1-7.6.jar
[12Jun2026 23:37:29.957] [main/DEBUG] [net.minecraftforge.fml.loading.moddiscovery.ModFileInfo/LOADING]: Found valid mod file connectivity-1.20.1-7.6.jar with {connectivity} mods - versions {1.20.1-7.6}
[12Jun2026 23:37:29.959] [main/DEBUG] [net.minecraftforge.fml.loading.moddiscovery.ModFileParser/LOADING]: Considering mod file candidate C:\Users\Main\Documents\GitHub\Forge-1.20.1-Server\mods\coroutil-forge-1.20.1-1.3.7.jar
[12Jun2026 23:37:29.961] [main/DEBUG] [net.minecraftforge.fml.loading.moddiscovery.ModFileInfo/LOADING]: Found valid mod file coroutil-forge-1.20.1-1.3.7.jar with {coroutil} mods - versions {1.20.1-1.3.7}
[12Jun2026 23:37:29.964] [main/DEBUG] [net.minecraftforge.fml.loading.moddiscovery.ModFileParser/LOADING]: Considering mod file candidate C:\Users\Main\Documents\GitHub\Forge-1.20.1-Server\mods\cristellib-1.1.6-forge.jar
[12Jun2026 23:37:29.966] [main/DEBUG] [net.minecraftforge.fml.loading.moddiscovery.ModFileInfo/LOADING]: Found valid mod file cristellib-1.1.6-forge.jar with {cristellib} mods - versions {1.1.6}
[12Jun2026 23:37:29.969] [main/DEBUG] [net.minecraftforge.fml.loading.moddiscovery.ModFileParser/LOADING]: Considering mod file candidate C:\Users\Main\Documents\GitHub\Forge-1.20.1-Server\mods\cupboard-1.20.1-3.7.jar
[12Jun2026 23:37:29.970] [main/DEBUG] [net.minecraftforge.fml.loading.moddiscovery.ModFileInfo/LOADING]: Found valid mod file cupboard-1.20.1-3.7.jar with {cupboard} mods - versions {1.20.1-3.7}
[12Jun2026 23:37:29.976] [main/DEBUG] [net.minecraftforge.fml.loading.moddiscovery.ModFileParser/LOADING]: Considering mod file candidate C:\Users\Main\Documents\GitHub\Forge-1.20.1-Server\mods\ferritecore-6.0.1-forge.jar
[12Jun2026 23:37:29.977] [main/DEBUG] [net.minecraftforge.fml.loading.moddiscovery.ModFileInfo/LOADING]: Found valid mod file ferritecore-6.0.1-forge.jar with {ferritecore} mods - versions {6.0.1}
[12Jun2026 23:37:29.980] [main/DEBUG] [net.minecraftforge.fml.loading.moddiscovery.ModFileParser/LOADING]: Considering mod file candidate C:\Users\Main\Documents\GitHub\Forge-1.20.1-Server\mods\ftb-library-forge-2001.2.12.jar
[12Jun2026 23:37:29.981] [main/DEBUG] [net.minecraftforge.fml.loading.moddiscovery.ModFileInfo/LOADING]: Found valid mod file ftb-library-forge-2001.2.12.jar with {ftblibrary} mods - versions {2001.2.12}
[12Jun2026 23:37:29.984] [main/DEBUG] [net.minecraftforge.fml.loading.moddiscovery.ModFileParser/LOADING]: Considering mod file candidate C:\Users\Main\Documents\GitHub\Forge-1.20.1-Server\mods\ftb-ultimine-forge-2001.1.8.jar
[12Jun2026 23:37:29.985] [main/DEBUG] [net.minecraftforge.fml.loading.moddiscovery.ModFileInfo/LOADING]: Found valid mod file ftb-ultimine-forge-2001.1.8.jar with {ftbultimine} mods - versions {2001.1.8}
[12Jun2026 23:37:29.988] [main/DEBUG] [net.minecraftforge.fml.loading.moddiscovery.ModFileParser/LOADING]: Considering mod file candidate C:\Users\Main\Documents\GitHub\Forge-1.20.1-Server\mods\gravestone-forge-1.20.1-1.0.35.jar
[12Jun2026 23:37:29.989] [main/DEBUG] [net.minecraftforge.fml.loading.moddiscovery.ModFileInfo/LOADING]: Found valid mod file gravestone-forge-1.20.1-1.0.35.jar with {gravestone} mods - versions {1.20.1-1.0.35}
[12Jun2026 23:37:29.991] [main/DEBUG] [net.minecraftforge.fml.loading.moddiscovery.ModFileParser/LOADING]: Considering mod file candidate C:\Users\Main\Documents\GitHub\Forge-1.20.1-Server\mods\immersive_armors-1.7.2+1.20.1-forge.jar
[12Jun2026 23:37:29.993] [main/DEBUG] [net.minecraftforge.fml.loading.moddiscovery.ModFileInfo/LOADING]: Found valid mod file immersive_armors-1.7.2+1.20.1-forge.jar with {immersive_armors} mods - versions {1.7.2+1.20.1}
[12Jun2026 23:37:29.995] [main/DEBUG] [net.minecraftforge.fml.loading.moddiscovery.ModFileParser/LOADING]: Considering mod file candidate C:\Users\Main\Documents\GitHub\Forge-1.20.1-Server\mods\letmedespawn-1.20.x-forge-1.5.0.jar
[12Jun2026 23:37:29.996] [main/DEBUG] [net.minecraftforge.fml.loading.moddiscovery.ModFileInfo/LOADING]: Found valid mod file letmedespawn-1.20.x-forge-1.5.0.jar with {letmedespawn} mods - versions {1.5.0}
[12Jun2026 23:37:29.998] [main/DEBUG] [net.minecraftforge.fml.loading.moddiscovery.ModFileParser/LOADING]: Considering mod file candidate C:\Users\Main\Documents\GitHub\Forge-1.20.1-Server\mods\lithostitched-forge-1.20.1-1.4.11.jar
[12Jun2026 23:37:30.000] [main/DEBUG] [net.minecraftforge.fml.loading.moddiscovery.ModFileInfo/LOADING]: Found valid mod file lithostitched-forge-1.20.1-1.4.11.jar with {lithostitched} mods - versions {1.4.11}
[12Jun2026 23:37:30.003] [main/DEBUG] [net.minecraftforge.fml.loading.moddiscovery.ModFileParser/LOADING]: Considering mod file candidate C:\Users\Main\Documents\GitHub\Forge-1.20.1-Server\mods\plasmovoice-forge-1.20.1-2.1.9.jar
[12Jun2026 23:37:30.004] [main/DEBUG] [net.minecraftforge.fml.loading.moddiscovery.ModFileInfo/LOADING]: Found valid mod file plasmovoice-forge-1.20.1-2.1.9.jar with {plasmovoice} mods - versions {2.1.9}
[12Jun2026 23:37:30.007] [main/DEBUG] [net.minecraftforge.fml.loading.moddiscovery.ModFileParser/LOADING]: Considering mod file candidate C:\Users\Main\Documents\GitHub\Forge-1.20.1-Server\mods\skinlayers3d-forge-1.11.1-mc1.20.1.jar
[12Jun2026 23:37:30.008] [main/DEBUG] [net.minecraftforge.fml.loading.moddiscovery.ModFileInfo/LOADING]: Found valid mod file skinlayers3d-forge-1.11.1-mc1.20.1.jar with {skinlayers3d} mods - versions {1.11.1}
[12Jun2026 23:37:30.011] [main/DEBUG] [net.minecraftforge.fml.loading.moddiscovery.ModFileParser/LOADING]: Considering mod file candidate C:\Users\Main\Documents\GitHub\Forge-1.20.1-Server\mods\skinrestorer-2.7.0+1.20-forge.jar
[12Jun2026 23:37:30.011] [main/DEBUG] [net.minecraftforge.fml.loading.moddiscovery.ModFileInfo/LOADING]: Found valid mod file skinrestorer-2.7.0+1.20-forge.jar with {skinrestorer} mods - versions {2.7.0+1.20-forge}
[12Jun2026 23:37:30.014] [main/DEBUG] [net.minecraftforge.fml.loading.moddiscovery.ModFileParser/LOADING]: Considering mod file candidate C:\Users\Main\Documents\GitHub\Forge-1.20.1-Server\mods\smoothchunk-1.20.1-4.1.jar
[12Jun2026 23:37:30.015] [main/DEBUG] [net.minecraftforge.fml.loading.moddiscovery.ModFileInfo/LOADING]: Found valid mod file smoothchunk-1.20.1-4.1.jar with {smoothchunk} mods - versions {1.20.1-4.1}
[12Jun2026 23:37:30.018] [main/DEBUG] [net.minecraftforge.fml.loading.moddiscovery.ModFileParser/LOADING]: Considering mod file candidate C:\Users\Main\Documents\GitHub\Forge-1.20.1-Server\mods\tectonic-3.0.17-forge-1.20.1.jar
[12Jun2026 23:37:30.019] [main/DEBUG] [net.minecraftforge.fml.loading.moddiscovery.ModFileInfo/LOADING]: Found valid mod file tectonic-3.0.17-forge-1.20.1.jar with {tectonic} mods - versions {3.0.17}
[12Jun2026 23:37:30.028] [main/DEBUG] [net.minecraftforge.fml.loading.moddiscovery.ModFileParser/LOADING]: Considering mod file candidate C:\Users\Main\Documents\GitHub\Forge-1.20.1-Server\mods\Terralith_1.20.x_v2.5.4.jar
[12Jun2026 23:37:30.029] [main/DEBUG] [net.minecraftforge.fml.loading.moddiscovery.ModFileInfo/LOADING]: Found valid mod file Terralith_1.20.x_v2.5.4.jar with {terralith} mods - versions {2.5.4}
[12Jun2026 23:37:30.032] [main/DEBUG] [net.minecraftforge.fml.loading.moddiscovery.ModFileParser/LOADING]: Considering mod file candidate C:\Users\Main\Documents\GitHub\Forge-1.20.1-Server\mods\Towns-and-Towers-1.12-Fabric+Forge.jar
[12Jun2026 23:37:30.033] [main/DEBUG] [net.minecraftforge.fml.loading.moddiscovery.ModFileInfo/LOADING]: Found valid mod file Towns-and-Towers-1.12-Fabric+Forge.jar with {t_and_t} mods - versions {0.0NONE}
[12Jun2026 23:37:30.035] [main/DEBUG] [net.minecraftforge.fml.loading.moddiscovery.ModFileParser/LOADING]: Considering mod file candidate C:\Users\Main\Documents\GitHub\Forge-1.20.1-Server\mods\trade-cycling-forge-1.20.1-1.0.7.jar
[12Jun2026 23:37:30.036] [main/DEBUG] [net.minecraftforge.fml.loading.moddiscovery.ModFileInfo/LOADING]: Found valid mod file trade-cycling-forge-1.20.1-1.0.7.jar with {trade_cycling} mods - versions {1.20.1-1.0.7}
[12Jun2026 23:37:30.039] [main/DEBUG] [net.minecraftforge.fml.loading.moddiscovery.ModFileParser/LOADING]: Considering mod file candidate C:\Users\Main\Documents\GitHub\Forge-1.20.1-Server\mods\travelersbackpack-forge-1.20.1-9.1.55.jar
[12Jun2026 23:37:30.040] [main/DEBUG] [net.minecraftforge.fml.loading.moddiscovery.ModFileInfo/LOADING]: Found valid mod file travelersbackpack-forge-1.20.1-9.1.55.jar with {travelersbackpack} mods - versions {9.1.55}
[12Jun2026 23:37:30.042] [main/DEBUG] [net.minecraftforge.fml.loading.moddiscovery.ModFileParser/LOADING]: Considering mod file candidate C:\Users\Main\Documents\GitHub\Forge-1.20.1-Server\mods\valhelsia_core-forge-1.20.1-1.1.2.jar
[12Jun2026 23:37:30.043] [main/DEBUG] [net.minecraftforge.fml.loading.moddiscovery.ModFileInfo/LOADING]: Found valid mod file valhelsia_core-forge-1.20.1-1.1.2.jar with {valhelsia_core} mods - versions {1.1.2}
[12Jun2026 23:37:30.047] [main/DEBUG] [net.minecraftforge.fml.loading.moddiscovery.ModFileParser/LOADING]: Considering mod file candidate C:\Users\Main\Documents\GitHub\Forge-1.20.1-Server\mods\valhelsia_structures-forge-1.20.1-1.1.2.jar
[12Jun2026 23:37:30.048] [main/DEBUG] [net.minecraftforge.fml.loading.moddiscovery.ModFileInfo/LOADING]: Found valid mod file valhelsia_structures-forge-1.20.1-1.1.2.jar with {valhelsia_structures} mods - versions {1.20.1-1.1.2}
[12Jun2026 23:37:30.050] [main/DEBUG] [net.minecraftforge.fml.loading.moddiscovery.ModFileParser/LOADING]: Considering mod file candidate C:\Users\Main\Documents\GitHub\Forge-1.20.1-Server\mods\watut-forge-1.20.1-1.2.3.jar
[12Jun2026 23:37:30.051] [main/DEBUG] [net.minecraftforge.fml.loading.moddiscovery.ModFileInfo/LOADING]: Found valid mod file watut-forge-1.20.1-1.2.3.jar with {watut} mods - versions {1.20.1-1.2.3}
[12Jun2026 23:37:30.054] [main/DEBUG] [net.minecraftforge.fml.loading.moddiscovery.ModFileParser/LOADING]: Considering mod file candidate C:\Users\Main\Documents\GitHub\Forge-1.20.1-Server\mods\waystones-forge-1.20.1-14.1.20.jar
[12Jun2026 23:37:30.055] [main/DEBUG] [net.minecraftforge.fml.loading.moddiscovery.ModFileInfo/LOADING]: Found valid mod file waystones-forge-1.20.1-14.1.20.jar with {waystones} mods - versions {14.1.20}
[12Jun2026 23:37:30.058] [main/DEBUG] [net.minecraftforge.fml.loading.moddiscovery.ModFileParser/LOADING]: Considering mod file candidate C:\Users\Main\Documents\GitHub\Forge-1.20.1-Server\mods\xaerominimap-forge-1.20.1-25.3.13.jar
[12Jun2026 23:37:30.059] [main/DEBUG] [net.minecraftforge.fml.loading.moddiscovery.ModFileInfo/LOADING]: Found valid mod file xaerominimap-forge-1.20.1-25.3.13.jar with {xaerominimap} mods - versions {25.3.13}
[12Jun2026 23:37:30.059] [main/WARN] [net.minecraftforge.fml.loading.moddiscovery.ModDiscoverer/SCAN]: Locator {mods folder locator at C:\Users\Main\Documents\GitHub\Forge-1.20.1-Server\mods} returned 1 files which are client-side-only mods, but we're on a dedicated server. They will be skipped!
[12Jun2026 23:37:30.147] [main/DEBUG] [net.minecraftforge.fml.loading.moddiscovery.ModFileInfo/LOADING]: Found valid mod file server-1.20.1-20230612.114412-srg.jar with {minecraft} mods - versions {1.20.1}
[12Jun2026 23:37:30.153] [main/DEBUG] [net.minecraftforge.fml.loading.moddiscovery.ModFileParser/LOADING]: Considering mod file candidate C:\Users\Main\Documents\GitHub\Forge-1.20.1-Server\libraries\net\minecraftforge\fmlcore\1.20.1-47.4.10\fmlcore-1.20.1-47.4.10.jar
[12Jun2026 23:37:30.154] [main/WARN] [net.minecraftforge.fml.loading.moddiscovery.ModFileParser/LOADING]: Mod file C:\Users\Main\Documents\GitHub\Forge-1.20.1-Server\libraries\net\minecraftforge\fmlcore\1.20.1-47.4.10\fmlcore-1.20.1-47.4.10.jar is missing mods.toml file
[12Jun2026 23:37:30.159] [main/DEBUG] [net.minecraftforge.fml.loading.moddiscovery.ModFileParser/LOADING]: Considering mod file candidate C:\Users\Main\Documents\GitHub\Forge-1.20.1-Server\libraries\net\minecraftforge\javafmllanguage\1.20.1-47.4.10\javafmllanguage-1.20.1-47.4.10.jar
[12Jun2026 23:37:30.160] [main/WARN] [net.minecraftforge.fml.loading.moddiscovery.ModFileParser/LOADING]: Mod file C:\Users\Main\Documents\GitHub\Forge-1.20.1-Server\libraries\net\minecraftforge\javafmllanguage\1.20.1-47.4.10\javafmllanguage-1.20.1-47.4.10.jar is missing mods.toml file
[12Jun2026 23:37:30.164] [main/DEBUG] [net.minecraftforge.fml.loading.moddiscovery.ModFileParser/LOADING]: Considering mod file candidate C:\Users\Main\Documents\GitHub\Forge-1.20.1-Server\libraries\net\minecraftforge\lowcodelanguage\1.20.1-47.4.10\lowcodelanguage-1.20.1-47.4.10.jar
[12Jun2026 23:37:30.164] [main/WARN] [net.minecraftforge.fml.loading.moddiscovery.ModFileParser/LOADING]: Mod file C:\Users\Main\Documents\GitHub\Forge-1.20.1-Server\libraries\net\minecraftforge\lowcodelanguage\1.20.1-47.4.10\lowcodelanguage-1.20.1-47.4.10.jar is missing mods.toml file
[12Jun2026 23:37:30.168] [main/DEBUG] [net.minecraftforge.fml.loading.moddiscovery.ModFileParser/LOADING]: Considering mod file candidate C:\Users\Main\Documents\GitHub\Forge-1.20.1-Server\libraries\net\minecraftforge\mclanguage\1.20.1-47.4.10\mclanguage-1.20.1-47.4.10.jar
[12Jun2026 23:37:30.168] [main/WARN] [net.minecraftforge.fml.loading.moddiscovery.ModFileParser/LOADING]: Mod file C:\Users\Main\Documents\GitHub\Forge-1.20.1-Server\libraries\net\minecraftforge\mclanguage\1.20.1-47.4.10\mclanguage-1.20.1-47.4.10.jar is missing mods.toml file
[12Jun2026 23:37:30.198] [main/DEBUG] [net.minecraftforge.fml.loading.moddiscovery.ModFileParser/LOADING]: Considering mod file candidate C:\Users\Main\Documents\GitHub\Forge-1.20.1-Server\libraries\net\minecraftforge\forge\1.20.1-47.4.10\forge-1.20.1-47.4.10-universal.jar
[12Jun2026 23:37:30.199] [main/DEBUG] [net.minecraftforge.fml.loading.moddiscovery.ModFileInfo/LOADING]: Found valid mod file forge-1.20.1-47.4.10-universal.jar with {forge} mods - versions {47.4.10}
[12Jun2026 23:37:30.221] [main/DEBUG] [net.minecraftforge.fml.loading.moddiscovery.AbstractJarFileDependencyLocator/]: Failed to load resource META-INF\jarjar\metadata.json from server-1.20.1-20230612.114412-srg.jar, it does not contain dependency information.
[12Jun2026 23:37:30.221] [main/DEBUG] [net.minecraftforge.fml.loading.moddiscovery.AbstractJarFileDependencyLocator/]: Failed to load resource META-INF\jarjar\metadata.json from smoothchunk-1.20.1-4.1.jar, it does not contain dependency information.
[12Jun2026 23:37:30.222] [main/DEBUG] [net.minecraftforge.fml.loading.moddiscovery.AbstractJarFileDependencyLocator/]: Failed to load resource META-INF\jarjar\metadata.json from trade-cycling-forge-1.20.1-1.0.7.jar, it does not contain dependency information.
[12Jun2026 23:37:30.222] [main/DEBUG] [net.minecraftforge.fml.loading.moddiscovery.AbstractJarFileDependencyLocator/]: Failed to load resource META-INF\jarjar\metadata.json from almanac-1.20.x-forge-1.0.2.jar, it does not contain dependency information.
[12Jun2026 23:37:30.222] [main/DEBUG] [net.minecraftforge.fml.loading.moddiscovery.AbstractJarFileDependencyLocator/]: Failed to load resource META-INF\jarjar\metadata.json from ftb-library-forge-2001.2.12.jar, it does not contain dependency information.
[12Jun2026 23:37:30.222] [main/DEBUG] [net.minecraftforge.fml.loading.moddiscovery.AbstractJarFileDependencyLocator/]: Failed to load resource META-INF\jarjar\metadata.json from valhelsia_structures-forge-1.20.1-1.1.2.jar, it does not contain dependency information.
[12Jun2026 23:37:30.222] [main/DEBUG] [net.minecraftforge.fml.loading.moddiscovery.AbstractJarFileDependencyLocator/]: Failed to load resource META-INF\jarjar\metadata.json from Chunky-1.3.146.jar, it does not contain dependency information.
[12Jun2026 23:37:30.222] [main/DEBUG] [net.minecraftforge.fml.loading.moddiscovery.AbstractJarFileDependencyLocator/]: Failed to load resource META-INF\jarjar\metadata.json from lithostitched-forge-1.20.1-1.4.11.jar, it does not contain dependency information.
[12Jun2026 23:37:30.222] [main/DEBUG] [net.minecraftforge.fml.loading.moddiscovery.AbstractJarFileDependencyLocator/]: Failed to load resource META-INF\jarjar\metadata.json from connectivity-1.20.1-7.6.jar, it does not contain dependency information.
[12Jun2026 23:37:30.222] [main/DEBUG] [net.minecraftforge.fml.loading.moddiscovery.AbstractJarFileDependencyLocator/]: Failed to load resource META-INF\jarjar\metadata.json from waystones-forge-1.20.1-14.1.20.jar, it does not contain dependency information.
[12Jun2026 23:37:30.223] [main/DEBUG] [net.minecraftforge.fml.loading.moddiscovery.AbstractJarFileDependencyLocator/]: Failed to load resource META-INF\jarjar\metadata.json from gravestone-forge-1.20.1-1.0.35.jar, it does not contain dependency information.
[12Jun2026 23:37:30.223] [main/DEBUG] [net.minecraftforge.fml.loading.moddiscovery.AbstractJarFileDependencyLocator/]: Failed to load resource META-INF\jarjar\metadata.json from travelersbackpack-forge-1.20.1-9.1.55.jar, it does not contain dependency information.
[12Jun2026 23:37:30.223] [main/DEBUG] [net.minecraftforge.fml.loading.moddiscovery.AbstractJarFileDependencyLocator/]: Failed to load resource META-INF\jarjar\metadata.json from plasmovoice-forge-1.20.1-2.1.9.jar, it does not contain dependency information.
[12Jun2026 23:37:30.223] [main/DEBUG] [net.minecraftforge.fml.loading.moddiscovery.AbstractJarFileDependencyLocator/]: Failed to load resource META-INF\jarjar\metadata.json from ftb-ultimine-forge-2001.1.8.jar, it does not contain dependency information.
[12Jun2026 23:37:30.223] [main/DEBUG] [net.minecraftforge.fml.loading.moddiscovery.AbstractJarFileDependencyLocator/]: Failed to load resource META-INF\jarjar\metadata.json from coroutil-forge-1.20.1-1.3.7.jar, it does not contain dependency information.
[12Jun2026 23:37:30.223] [main/DEBUG] [net.minecraftforge.fml.loading.moddiscovery.AbstractJarFileDependencyLocator/]: Failed to load resource META-INF\jarjar\metadata.json from architectury-9.2.14-forge.jar, it does not contain dependency information.
[12Jun2026 23:37:30.223] [main/DEBUG] [net.minecraftforge.fml.loading.moddiscovery.AbstractJarFileDependencyLocator/]: Failed to load resource META-INF\jarjar\metadata.json from appleskin-forge-mc1.20.1-2.5.1.jar, it does not contain dependency information.
[12Jun2026 23:37:30.223] [main/DEBUG] [net.minecraftforge.fml.loading.moddiscovery.AbstractJarFileDependencyLocator/]: Failed to load resource META-INF\jarjar\metadata.json from ferritecore-6.0.1-forge.jar, it does not contain dependency information.
[12Jun2026 23:37:30.223] [main/DEBUG] [net.minecraftforge.fml.loading.moddiscovery.AbstractJarFileDependencyLocator/]: Failed to load resource META-INF\jarjar\metadata.json from cupboard-1.20.1-3.7.jar, it does not contain dependency information.
[12Jun2026 23:37:30.224] [main/DEBUG] [net.minecraftforge.fml.loading.moddiscovery.AbstractJarFileDependencyLocator/]: Failed to load resource META-INF\jarjar\metadata.json from Terralith_1.20.x_v2.5.4.jar, it does not contain dependency information.
[12Jun2026 23:37:30.224] [main/DEBUG] [net.minecraftforge.fml.loading.moddiscovery.AbstractJarFileDependencyLocator/]: Failed to load resource META-INF\jarjar\metadata.json from immersive_armors-1.7.2+1.20.1-forge.jar, it does not contain dependency information.
[12Jun2026 23:37:30.224] [main/DEBUG] [net.minecraftforge.fml.loading.moddiscovery.AbstractJarFileDependencyLocator/]: Failed to load resource META-INF\jarjar\metadata.json from watut-forge-1.20.1-1.2.3.jar, it does not contain dependency information.
[12Jun2026 23:37:30.224] [main/DEBUG] [net.minecraftforge.fml.loading.moddiscovery.AbstractJarFileDependencyLocator/]: Failed to load resource META-INF\jarjar\metadata.json from forge-1.20.1-47.4.10-universal.jar, it does not contain dependency information.
[12Jun2026 23:37:30.224] [main/DEBUG] [net.minecraftforge.fml.loading.moddiscovery.AbstractJarFileDependencyLocator/]: Failed to load resource META-INF\jarjar\metadata.json from Towns-and-Towers-1.12-Fabric+Forge.jar, it does not contain dependency information.
[12Jun2026 23:37:30.224] [main/DEBUG] [net.minecraftforge.fml.loading.moddiscovery.AbstractJarFileDependencyLocator/]: Failed to load resource META-INF\jarjar\metadata.json from letmedespawn-1.20.x-forge-1.5.0.jar, it does not contain dependency information.
[12Jun2026 23:37:30.224] [main/DEBUG] [net.minecraftforge.fml.loading.moddiscovery.AbstractJarFileDependencyLocator/]: Failed to load resource META-INF\jarjar\metadata.json from valhelsia_core-forge-1.20.1-1.1.2.jar, it does not contain dependency information.
[12Jun2026 23:37:30.224] [main/DEBUG] [net.minecraftforge.fml.loading.moddiscovery.AbstractJarFileDependencyLocator/]: Failed to load resource META-INF\jarjar\metadata.json from tectonic-3.0.17-forge-1.20.1.jar, it does not contain dependency information.
[12Jun2026 23:37:30.224] [main/DEBUG] [net.minecraftforge.fml.loading.moddiscovery.AbstractJarFileDependencyLocator/]: Failed to load resource META-INF\jarjar\metadata.json from mclanguage-1.20.1-47.4.10.jar, it does not contain dependency information.
[12Jun2026 23:37:30.224] [main/DEBUG] [net.minecraftforge.fml.loading.moddiscovery.AbstractJarFileDependencyLocator/]: Failed to load resource META-INF\jarjar\metadata.json from javafmllanguage-1.20.1-47.4.10.jar, it does not contain dependency information.
[12Jun2026 23:37:30.224] [main/DEBUG] [net.minecraftforge.fml.loading.moddiscovery.AbstractJarFileDependencyLocator/]: Failed to load resource META-INF\jarjar\metadata.json from fmlcore-1.20.1-47.4.10.jar, it does not contain dependency information.
[12Jun2026 23:37:30.224] [main/DEBUG] [net.minecraftforge.fml.loading.moddiscovery.AbstractJarFileDependencyLocator/]: Failed to load resource META-INF\jarjar\metadata.json from lowcodelanguage-1.20.1-47.4.10.jar, it does not contain dependency information.
[12Jun2026 23:37:30.269] [main/DEBUG] [net.minecraftforge.fml.loading.moddiscovery.ModFileParser/LOADING]: Considering mod file candidate 
[12Jun2026 23:37:30.270] [main/DEBUG] [net.minecraftforge.fml.loading.moddiscovery.ModFileInfo/LOADING]: Found valid mod file kuma-api-forge-20.1.12+1.20.1.jar with {kuma_api} mods - versions {20.1.12}
[12Jun2026 23:37:30.276] [main/DEBUG] [net.minecraftforge.fml.loading.moddiscovery.ModFileParser/LOADING]: Considering mod file candidate 
[12Jun2026 23:37:30.277] [main/DEBUG] [net.minecraftforge.fml.loading.moddiscovery.ModFileInfo/LOADING]: Found valid mod file mixinextras-forge-0.3.2.jar with {mixinextras} mods - versions {0.3.2}
[12Jun2026 23:37:30.286] [main/DEBUG] [net.minecraftforge.fml.loading.moddiscovery.ModFileParser/LOADING]: Considering mod file candidate 
[12Jun2026 23:37:30.287] [main/DEBUG] [net.minecraftforge.fml.loading.moddiscovery.ModFileInfo/LOADING]: Found valid mod file xaerolib-forge-1.20.1-1.1.15.jar with {xaerolib} mods - versions {1.1.15}
[12Jun2026 23:37:30.289] [main/DEBUG] [net.minecraftforge.fml.loading.moddiscovery.AbstractJarFileDependencyLocator/]: Failed to load resource META-INF\jarjar\metadata.json from kuma-api-forge-20.1.12+1.20.1.jar, it does not contain dependency information.
[12Jun2026 23:37:30.290] [main/DEBUG] [net.minecraftforge.fml.loading.moddiscovery.AbstractJarFileDependencyLocator/]: Failed to load resource META-INF\jarjar\metadata.json from java-client-3.2.1-SNAPSHOT.jar, it does not contain dependency information.
[12Jun2026 23:37:30.293] [main/DEBUG] [net.minecraftforge.fml.loading.moddiscovery.AbstractJarFileDependencyLocator/]: Failed to load resource META-INF\jarjar\metadata.json from runtime-1.0.0+1.20.1.jar, it does not contain dependency information.
[12Jun2026 23:37:30.294] [main/DEBUG] [net.minecraftforge.fml.loading.moddiscovery.AbstractJarFileDependencyLocator/]: Failed to load resource META-INF\jarjar\metadata.json from Connector-1.0.0-beta.48+1.20.1-fabricloader.jar, it does not contain dependency information.
[12Jun2026 23:37:30.294] [main/DEBUG] [net.minecraftforge.fml.loading.moddiscovery.AbstractJarFileDependencyLocator/]: Failed to load resource META-INF\jarjar\metadata.json from xaerolib-forge-1.20.1-1.1.15.jar, it does not contain dependency information.
[12Jun2026 23:37:30.294] [main/DEBUG] [net.minecraftforge.fml.loading.moddiscovery.AbstractJarFileDependencyLocator/]: Failed to load resource META-INF\jarjar\metadata.json from jankson-1.2.3.jar, it does not contain dependency information.
[12Jun2026 23:37:30.294] [main/DEBUG] [net.minecraftforge.fml.loading.moddiscovery.AbstractJarFileDependencyLocator/]: Failed to load resource META-INF\jarjar\metadata.json from MixinExtras-0.3.2.jar, it does not contain dependency information.
[12Jun2026 23:37:30.332] [main/DEBUG] [net.minecraftforge.fml.loading.moddiscovery.ModFileParser/LOADING]: Considering mod file candidate 
[12Jun2026 23:37:30.332] [main/DEBUG] [net.minecraftforge.fml.loading.moddiscovery.ModFileInfo/LOADING]: Found valid mod file xaerolib-forge-1.20.1-1.1.15.jar with {xaerolib} mods - versions {1.1.15}
[12Jun2026 23:37:30.335] [main/DEBUG] [net.minecraftforge.fml.loading.moddiscovery.ModFileParser/LOADING]: Considering mod file candidate 
[12Jun2026 23:37:30.336] [main/DEBUG] [net.minecraftforge.fml.loading.moddiscovery.ModFileInfo/LOADING]: Found valid mod file mixinextras-forge-0.3.2.jar with {mixinextras} mods - versions {0.3.2}
[12Jun2026 23:37:30.337] [main/DEBUG] [net.minecraftforge.fml.loading.moddiscovery.ModFileParser/LOADING]: Considering mod file candidate 
[12Jun2026 23:37:30.338] [main/DEBUG] [net.minecraftforge.fml.loading.moddiscovery.ModFileInfo/LOADING]: Found valid mod file kuma-api-forge-20.1.12+1.20.1.jar with {kuma_api} mods - versions {20.1.12}
[12Jun2026 23:37:30.340] [main/INFO] [net.minecraftforge.fml.loading.moddiscovery.JarInJarDependencyLocator/]: Found 8 dependencies adding them to mods collection
[12Jun2026 23:37:30.682] [main/INFO] [org.sinytra.connector.locator.DependencyResolver/]: Dependency resolution found 0 candidates to load
[12Jun2026 23:37:30.687] [main/DEBUG] [org.sinytra.connector.locator.SplitPackageMerger/]: Found 0 split packages across 0 jars
[12Jun2026 23:37:31.079] [main/DEBUG] [net.minecraftforge.fml.loading.moddiscovery.ModFileParser/LOADING]: Considering mod file candidate C:\Users\Main\Documents\GitHub\Forge-1.20.1-Server\mods\smoothchunk-1.20.1-4.1.jar
[12Jun2026 23:37:31.080] [main/DEBUG] [net.minecraftforge.fml.loading.moddiscovery.ModFileInfo/LOADING]: Found valid mod file smoothchunk-1.20.1-4.1.jar with {smoothchunk} mods - versions {1.20.1-4.1}
[12Jun2026 23:37:31.081] [main/DEBUG] [net.minecraftforge.fml.loading.moddiscovery.ModFile/LOADING]: Loading mod file C:\Users\Main\Documents\GitHub\Forge-1.20.1-Server\mods\smoothchunk-1.20.1-4.1.jar with languages [LanguageSpec[languageName=javafml, acceptedVersions=[36,)]]
[12Jun2026 23:37:31.083] [main/DEBUG] [net.minecraftforge.fml.loading.moddiscovery.ModFileInfo/LOADING]: Found valid mod file server-1.20.1-20230612.114412-srg.jar with {minecraft} mods - versions {1.20.1}
[12Jun2026 23:37:31.083] [main/DEBUG] [net.minecraftforge.fml.loading.moddiscovery.ModFile/LOADING]: Loading mod file C:\Users\Main\Documents\GitHub\Forge-1.20.1-Server\libraries\net\minecraft\server\1.20.1-20230612.114412\server-1.20.1-20230612.114412-srg.jar with languages [LanguageSpec[languageName=minecraft, acceptedVersions=1]]
[12Jun2026 23:37:31.083] [main/DEBUG] [net.minecraftforge.fml.loading.moddiscovery.ModFileParser/LOADING]: Considering mod file candidate 
[12Jun2026 23:37:31.084] [main/DEBUG] [net.minecraftforge.fml.loading.moddiscovery.ModFileInfo/LOADING]: Found valid mod file kuma-api-forge-20.1.12+1.20.1.jar with {kuma_api} mods - versions {20.1.12}
[12Jun2026 23:37:31.084] [main/DEBUG] [net.minecraftforge.fml.loading.moddiscovery.ModFile/LOADING]: Loading mod file  with languages [LanguageSpec[languageName=javafml, acceptedVersions=[47,)]]
[12Jun2026 23:37:31.084] [main/DEBUG] [net.minecraftforge.fml.loading.moddiscovery.ModFileParser/LOADING]: Considering mod file candidate C:\Users\Main\Documents\GitHub\Forge-1.20.1-Server\mods\trade-cycling-forge-1.20.1-1.0.7.jar
[12Jun2026 23:37:31.085] [main/DEBUG] [net.minecraftforge.fml.loading.moddiscovery.ModFileInfo/LOADING]: Found valid mod file trade-cycling-forge-1.20.1-1.0.7.jar with {trade_cycling} mods - versions {1.20.1-1.0.7}
[12Jun2026 23:37:31.086] [main/DEBUG] [net.minecraftforge.fml.loading.moddiscovery.ModFile/LOADING]: Loading mod file C:\Users\Main\Documents\GitHub\Forge-1.20.1-Server\mods\trade-cycling-forge-1.20.1-1.0.7.jar with languages [LanguageSpec[languageName=javafml, acceptedVersions=[47,)]]
[12Jun2026 23:37:31.086] [main/DEBUG] [net.minecraftforge.fml.loading.moddiscovery.ModFileParser/LOADING]: Considering mod file candidate C:\Users\Main\Documents\GitHub\Forge-1.20.1-Server\mods\almanac-1.20.x-forge-1.0.2.jar
[12Jun2026 23:37:31.087] [main/DEBUG] [net.minecraftforge.fml.loading.moddiscovery.ModFileInfo/LOADING]: Found valid mod file almanac-1.20.x-forge-1.0.2.jar with {almanac} mods - versions {1.0.2}
[12Jun2026 23:37:31.087] [main/DEBUG] [net.minecraftforge.fml.loading.moddiscovery.ModFile/LOADING]: Loading mod file C:\Users\Main\Documents\GitHub\Forge-1.20.1-Server\mods\almanac-1.20.x-forge-1.0.2.jar with languages [LanguageSpec[languageName=javafml, acceptedVersions=[47,)]]
[12Jun2026 23:37:31.087] [main/DEBUG] [net.minecraftforge.fml.loading.moddiscovery.ModFileParser/LOADING]: Considering mod file candidate C:\Users\Main\Documents\GitHub\Forge-1.20.1-Server\mods\ftb-library-forge-2001.2.12.jar
[12Jun2026 23:37:31.088] [main/DEBUG] [net.minecraftforge.fml.loading.moddiscovery.ModFileInfo/LOADING]: Found valid mod file ftb-library-forge-2001.2.12.jar with {ftblibrary} mods - versions {2001.2.12}
[12Jun2026 23:37:31.088] [main/DEBUG] [net.minecraftforge.fml.loading.moddiscovery.ModFile/LOADING]: Loading mod file C:\Users\Main\Documents\GitHub\Forge-1.20.1-Server\mods\ftb-library-forge-2001.2.12.jar with languages [LanguageSpec[languageName=javafml, acceptedVersions=[47,)]]
[12Jun2026 23:37:31.088] [main/DEBUG] [net.minecraftforge.fml.loading.moddiscovery.ModFileParser/LOADING]: Considering mod file candidate C:\Users\Main\Documents\GitHub\Forge-1.20.1-Server\mods\valhelsia_structures-forge-1.20.1-1.1.2.jar
[12Jun2026 23:37:31.089] [main/DEBUG] [net.minecraftforge.fml.loading.moddiscovery.ModFileInfo/LOADING]: Found valid mod file valhelsia_structures-forge-1.20.1-1.1.2.jar with {valhelsia_structures} mods - versions {1.20.1-1.1.2}
[12Jun2026 23:37:31.090] [main/DEBUG] [net.minecraftforge.fml.loading.moddiscovery.ModFile/LOADING]: Loading mod file C:\Users\Main\Documents\GitHub\Forge-1.20.1-Server\mods\valhelsia_structures-forge-1.20.1-1.1.2.jar with languages [LanguageSpec[languageName=javafml, acceptedVersions=[47,)]]
[12Jun2026 23:37:31.090] [main/DEBUG] [net.minecraftforge.fml.loading.moddiscovery.ModFileParser/LOADING]: Considering mod file candidate C:\Users\Main\Documents\GitHub\Forge-1.20.1-Server\mods\Chunky-1.3.146.jar
[12Jun2026 23:37:31.090] [main/DEBUG] [net.minecraftforge.fml.loading.moddiscovery.ModFileInfo/LOADING]: Found valid mod file Chunky-1.3.146.jar with {chunky} mods - versions {1.3.146}
[12Jun2026 23:37:31.091] [main/DEBUG] [net.minecraftforge.fml.loading.moddiscovery.ModFile/LOADING]: Loading mod file C:\Users\Main\Documents\GitHub\Forge-1.20.1-Server\mods\Chunky-1.3.146.jar with languages [LanguageSpec[languageName=javafml, acceptedVersions=[38,)]]
[12Jun2026 23:37:31.091] [main/DEBUG] [net.minecraftforge.fml.loading.moddiscovery.ModFileParser/LOADING]: Considering mod file candidate C:\Users\Main\Documents\GitHub\Forge-1.20.1-Server\mods\lithostitched-forge-1.20.1-1.4.11.jar
[12Jun2026 23:37:31.091] [main/DEBUG] [net.minecraftforge.fml.loading.moddiscovery.ModFileInfo/LOADING]: Found valid mod file lithostitched-forge-1.20.1-1.4.11.jar with {lithostitched} mods - versions {1.4.11}
[12Jun2026 23:37:31.091] [main/DEBUG] [net.minecraftforge.fml.loading.moddiscovery.ModFile/LOADING]: Loading mod file C:\Users\Main\Documents\GitHub\Forge-1.20.1-Server\mods\lithostitched-forge-1.20.1-1.4.11.jar with languages [LanguageSpec[languageName=javafml, acceptedVersions=[46,)]]
[12Jun2026 23:37:31.091] [main/DEBUG] [net.minecraftforge.fml.loading.moddiscovery.ModFileParser/LOADING]: Considering mod file candidate 
[12Jun2026 23:37:31.092] [main/DEBUG] [net.minecraftforge.fml.loading.moddiscovery.ModFileInfo/LOADING]: Found valid mod file xaerolib-forge-1.20.1-1.1.15.jar with {xaerolib} mods - versions {1.1.15}
[12Jun2026 23:37:31.092] [main/DEBUG] [net.minecraftforge.fml.loading.moddiscovery.ModFile/LOADING]: Loading mod file  with languages [LanguageSpec[languageName=javafml, acceptedVersions=[46,48)]]
[12Jun2026 23:37:31.092] [main/DEBUG] [net.minecraftforge.fml.loading.moddiscovery.ModFileParser/LOADING]: Considering mod file candidate C:\Users\Main\Documents\GitHub\Forge-1.20.1-Server\mods\connectivity-1.20.1-7.6.jar
[12Jun2026 23:37:31.093] [main/DEBUG] [net.minecraftforge.fml.loading.moddiscovery.ModFileInfo/LOADING]: Found valid mod file connectivity-1.20.1-7.6.jar with {connectivity} mods - versions {1.20.1-7.6}
[12Jun2026 23:37:31.093] [main/DEBUG] [net.minecraftforge.fml.loading.moddiscovery.ModFile/LOADING]: Loading mod file C:\Users\Main\Documents\GitHub\Forge-1.20.1-Server\mods\connectivity-1.20.1-7.6.jar with languages [LanguageSpec[languageName=javafml, acceptedVersions=[28,)]]
[12Jun2026 23:37:31.093] [main/DEBUG] [net.minecraftforge.fml.loading.moddiscovery.ModFileParser/LOADING]: Considering mod file candidate C:\Users\Main\Documents\GitHub\Forge-1.20.1-Server\mods\waystones-forge-1.20.1-14.1.20.jar
[12Jun2026 23:37:31.093] [main/DEBUG] [net.minecraftforge.fml.loading.moddiscovery.ModFileInfo/LOADING]: Found valid mod file waystones-forge-1.20.1-14.1.20.jar with {waystones} mods - versions {14.1.20}
[12Jun2026 23:37:31.094] [main/DEBUG] [net.minecraftforge.fml.loading.moddiscovery.ModFile/LOADING]: Loading mod file C:\Users\Main\Documents\GitHub\Forge-1.20.1-Server\mods\waystones-forge-1.20.1-14.1.20.jar with languages [LanguageSpec[languageName=javafml, acceptedVersions=[46,)]]
[12Jun2026 23:37:31.094] [main/DEBUG] [net.minecraftforge.fml.loading.moddiscovery.ModFileParser/LOADING]: Considering mod file candidate C:\Users\Main\Documents\GitHub\Forge-1.20.1-Server\mods\xaerominimap-forge-1.20.1-25.3.13.jar
[12Jun2026 23:37:31.095] [main/DEBUG] [net.minecraftforge.fml.loading.moddiscovery.ModFileInfo/LOADING]: Found valid mod file xaerominimap-forge-1.20.1-25.3.13.jar with {xaerominimap} mods - versions {25.3.13}
[12Jun2026 23:37:31.095] [main/DEBUG] [net.minecraftforge.fml.loading.moddiscovery.ModFile/LOADING]: Loading mod file C:\Users\Main\Documents\GitHub\Forge-1.20.1-Server\mods\xaerominimap-forge-1.20.1-25.3.13.jar with languages [LanguageSpec[languageName=javafml, acceptedVersions=[46,48)]]
[12Jun2026 23:37:31.097] [main/DEBUG] [net.minecraftforge.fml.loading.moddiscovery.ModFileParser/LOADING]: Found coremod xaerohud_core with Javascript path META-INF/xaerohud_core.js
[12Jun2026 23:37:31.097] [main/DEBUG] [net.minecraftforge.fml.loading.moddiscovery.ModFile/LOADING]: Found coremod META-INF/xaerohud_core.js
[12Jun2026 23:37:31.097] [main/DEBUG] [net.minecraftforge.fml.loading.moddiscovery.ModFileParser/LOADING]: Considering mod file candidate C:\Users\Main\Documents\GitHub\Forge-1.20.1-Server\mods\gravestone-forge-1.20.1-1.0.35.jar
[12Jun2026 23:37:31.098] [main/DEBUG] [net.minecraftforge.fml.loading.moddiscovery.ModFileInfo/LOADING]: Found valid mod file gravestone-forge-1.20.1-1.0.35.jar with {gravestone} mods - versions {1.20.1-1.0.35}
[12Jun2026 23:37:31.098] [main/DEBUG] [net.minecraftforge.fml.loading.moddiscovery.ModFile/LOADING]: Loading mod file C:\Users\Main\Documents\GitHub\Forge-1.20.1-Server\mods\gravestone-forge-1.20.1-1.0.35.jar with languages [LanguageSpec[languageName=javafml, acceptedVersions=*]]
[12Jun2026 23:37:31.098] [main/DEBUG] [net.minecraftforge.fml.loading.moddiscovery.ModFileParser/LOADING]: Considering mod file candidate C:\Users\Main\Documents\GitHub\Forge-1.20.1-Server\mods\travelersbackpack-forge-1.20.1-9.1.55.jar
[12Jun2026 23:37:31.098] [main/DEBUG] [net.minecraftforge.fml.loading.moddiscovery.ModFileInfo/LOADING]: Found valid mod file travelersbackpack-forge-1.20.1-9.1.55.jar with {travelersbackpack} mods - versions {9.1.55}
[12Jun2026 23:37:31.098] [main/DEBUG] [net.minecraftforge.fml.loading.moddiscovery.ModFile/LOADING]: Loading mod file C:\Users\Main\Documents\GitHub\Forge-1.20.1-Server\mods\travelersbackpack-forge-1.20.1-9.1.55.jar with languages [LanguageSpec[languageName=javafml, acceptedVersions=[46,)]]
[12Jun2026 23:37:31.099] [main/DEBUG] [net.minecraftforge.fml.loading.moddiscovery.ModFileParser/LOADING]: Considering mod file candidate C:\Users\Main\Documents\GitHub\Forge-1.20.1-Server\mods\plasmovoice-forge-1.20.1-2.1.9.jar
[12Jun2026 23:37:31.099] [main/DEBUG] [net.minecraftforge.fml.loading.moddiscovery.ModFileInfo/LOADING]: Found valid mod file plasmovoice-forge-1.20.1-2.1.9.jar with {plasmovoice} mods - versions {2.1.9}
[12Jun2026 23:37:31.099] [main/DEBUG] [net.minecraftforge.fml.loading.moddiscovery.ModFile/LOADING]: Loading mod file C:\Users\Main\Documents\GitHub\Forge-1.20.1-Server\mods\plasmovoice-forge-1.20.1-2.1.9.jar with languages [LanguageSpec[languageName=javafml, acceptedVersions=[46,)]]
[12Jun2026 23:37:31.099] [main/DEBUG] [net.minecraftforge.fml.loading.moddiscovery.ModFileParser/LOADING]: Considering mod file candidate 
[12Jun2026 23:37:31.099] [main/DEBUG] [net.minecraftforge.fml.loading.moddiscovery.ModFileInfo/LOADING]: Found valid mod file Connector-1.0.0-beta.48+1.20.1-mod.jar with {connectormod} mods - versions {1.0.0-beta.48+1.20.1}
[12Jun2026 23:37:31.099] [main/DEBUG] [net.minecraftforge.fml.loading.moddiscovery.ModFile/LOADING]: Loading mod file  with languages [LanguageSpec[languageName=javafml, acceptedVersions=[47,)]]
[12Jun2026 23:37:31.100] [main/DEBUG] [net.minecraftforge.fml.loading.moddiscovery.ModFileParser/LOADING]: Found coremod injectCreativeModeTabCtr with Javascript path META-INF/asm/injectCreativeModeTabCtr.js
[12Jun2026 23:37:31.100] [main/DEBUG] [net.minecraftforge.fml.loading.moddiscovery.ModFileParser/LOADING]: Found coremod injectFabricASM with Javascript path META-INF/asm/injectFabricASM.js
[12Jun2026 23:37:31.100] [main/DEBUG] [net.minecraftforge.fml.loading.moddiscovery.ModFileParser/LOADING]: Found coremod updateItemUseStartTreshold with Javascript path META-INF/asm/updateItemUseStartTreshold.js
[12Jun2026 23:37:31.100] [main/DEBUG] [net.minecraftforge.fml.loading.moddiscovery.ModFileParser/LOADING]: Found coremod expandLocalVarScope with Javascript path META-INF/asm/expandLocalVarScope.js
[12Jun2026 23:37:31.100] [main/DEBUG] [net.minecraftforge.fml.loading.moddiscovery.ModFileParser/LOADING]: Found coremod fixFieldSignatureChanges with Javascript path META-INF/asm/fixFieldSignatureChanges.js
[12Jun2026 23:37:31.100] [main/DEBUG] [net.minecraftforge.fml.loading.moddiscovery.ModFile/LOADING]: Found coremod META-INF/asm/injectCreativeModeTabCtr.js
[12Jun2026 23:37:31.100] [main/DEBUG] [net.minecraftforge.fml.loading.moddiscovery.ModFile/LOADING]: Found coremod META-INF/asm/injectFabricASM.js
[12Jun2026 23:37:31.100] [main/DEBUG] [net.minecraftforge.fml.loading.moddiscovery.ModFile/LOADING]: Found coremod META-INF/asm/updateItemUseStartTreshold.js
[12Jun2026 23:37:31.100] [main/DEBUG] [net.minecraftforge.fml.loading.moddiscovery.ModFile/LOADING]: Found coremod META-INF/asm/expandLocalVarScope.js
[12Jun2026 23:37:31.100] [main/DEBUG] [net.minecraftforge.fml.loading.moddiscovery.ModFile/LOADING]: Found coremod META-INF/asm/fixFieldSignatureChanges.js
[12Jun2026 23:37:31.100] [main/DEBUG] [net.minecraftforge.fml.loading.moddiscovery.ModFileParser/LOADING]: Considering mod file candidate C:\Users\Main\Documents\GitHub\Forge-1.20.1-Server\mods\ftb-ultimine-forge-2001.1.8.jar
[12Jun2026 23:37:31.100] [main/DEBUG] [net.minecraftforge.fml.loading.moddiscovery.ModFileInfo/LOADING]: Found valid mod file ftb-ultimine-forge-2001.1.8.jar with {ftbultimine} mods - versions {2001.1.8}
[12Jun2026 23:37:31.100] [main/DEBUG] [net.minecraftforge.fml.loading.moddiscovery.ModFile/LOADING]: Loading mod file C:\Users\Main\Documents\GitHub\Forge-1.20.1-Server\mods\ftb-ultimine-forge-2001.1.8.jar with languages [LanguageSpec[languageName=javafml, acceptedVersions=[47,)]]
[12Jun2026 23:37:31.100] [main/DEBUG] [net.minecraftforge.fml.loading.moddiscovery.ModFileParser/LOADING]: Considering mod file candidate C:\Users\Main\Documents\GitHub\Forge-1.20.1-Server\mods\coroutil-forge-1.20.1-1.3.7.jar
[12Jun2026 23:37:31.101] [main/DEBUG] [net.minecraftforge.fml.loading.moddiscovery.ModFileInfo/LOADING]: Found valid mod file coroutil-forge-1.20.1-1.3.7.jar with {coroutil} mods - versions {1.20.1-1.3.7}
[12Jun2026 23:37:31.101] [main/DEBUG] [net.minecraftforge.fml.loading.moddiscovery.ModFile/LOADING]: Loading mod file C:\Users\Main\Documents\GitHub\Forge-1.20.1-Server\mods\coroutil-forge-1.20.1-1.3.7.jar with languages [LanguageSpec[languageName=javafml, acceptedVersions=[47,)]]
[12Jun2026 23:37:31.101] [main/DEBUG] [net.minecraftforge.fml.loading.moddiscovery.ModFileParser/LOADING]: Considering mod file candidate C:\Users\Main\Documents\GitHub\Forge-1.20.1-Server\mods\appleskin-forge-mc1.20.1-2.5.1.jar
[12Jun2026 23:37:31.101] [main/DEBUG] [net.minecraftforge.fml.loading.moddiscovery.ModFileInfo/LOADING]: Found valid mod file appleskin-forge-mc1.20.1-2.5.1.jar with {appleskin} mods - versions {2.5.1+mc1.20.1}
[12Jun2026 23:37:31.101] [main/DEBUG] [net.minecraftforge.fml.loading.moddiscovery.ModFile/LOADING]: Loading mod file C:\Users\Main\Documents\GitHub\Forge-1.20.1-Server\mods\appleskin-forge-mc1.20.1-2.5.1.jar with languages [LanguageSpec[languageName=javafml, acceptedVersions=[47,)]]
[12Jun2026 23:37:31.102] [main/DEBUG] [net.minecraftforge.fml.loading.moddiscovery.ModFileParser/LOADING]: Considering mod file candidate C:\Users\Main\Documents\GitHub\Forge-1.20.1-Server\mods\architectury-9.2.14-forge.jar
[12Jun2026 23:37:31.102] [main/DEBUG] [net.minecraftforge.fml.loading.moddiscovery.ModFileInfo/LOADING]: Found valid mod file architectury-9.2.14-forge.jar with {architectury} mods - versions {9.2.14}
[12Jun2026 23:37:31.102] [main/DEBUG] [net.minecraftforge.fml.loading.moddiscovery.ModFile/LOADING]: Loading mod file C:\Users\Main\Documents\GitHub\Forge-1.20.1-Server\mods\architectury-9.2.14-forge.jar with languages [LanguageSpec[languageName=javafml, acceptedVersions=[46,)]]
[12Jun2026 23:37:31.102] [main/DEBUG] [net.minecraftforge.fml.loading.moddiscovery.ModFileParser/LOADING]: Considering mod file candidate C:\Users\Main\Documents\GitHub\Forge-1.20.1-Server\mods\ferritecore-6.0.1-forge.jar
[12Jun2026 23:37:31.102] [main/DEBUG] [net.minecraftforge.fml.loading.moddiscovery.ModFileInfo/LOADING]: Found valid mod file ferritecore-6.0.1-forge.jar with {ferritecore} mods - versions {6.0.1}
[12Jun2026 23:37:31.103] [main/DEBUG] [net.minecraftforge.fml.loading.moddiscovery.ModFile/LOADING]: Loading mod file C:\Users\Main\Documents\GitHub\Forge-1.20.1-Server\mods\ferritecore-6.0.1-forge.jar with languages [LanguageSpec[languageName=javafml, acceptedVersions=[28,)]]
[12Jun2026 23:37:31.103] [main/DEBUG] [net.minecraftforge.fml.loading.moddiscovery.ModFileParser/LOADING]: Considering mod file candidate C:\Users\Main\Documents\GitHub\Forge-1.20.1-Server\mods\cupboard-1.20.1-3.7.jar
[12Jun2026 23:37:31.103] [main/DEBUG] [net.minecraftforge.fml.loading.moddiscovery.ModFileInfo/LOADING]: Found valid mod file cupboard-1.20.1-3.7.jar with {cupboard} mods - versions {1.20.1-3.7}
[12Jun2026 23:37:31.103] [main/DEBUG] [net.minecraftforge.fml.loading.moddiscovery.ModFile/LOADING]: Loading mod file C:\Users\Main\Documents\GitHub\Forge-1.20.1-Server\mods\cupboard-1.20.1-3.7.jar with languages [LanguageSpec[languageName=javafml, acceptedVersions=[36,)]]
[12Jun2026 23:37:31.103] [main/DEBUG] [net.minecraftforge.fml.loading.moddiscovery.ModFileParser/LOADING]: Considering mod file candidate C:\Users\Main\Documents\GitHub\Forge-1.20.1-Server\mods\balm-forge-1.20.1-7.3.38-all.jar
[12Jun2026 23:37:31.104] [main/DEBUG] [net.minecraftforge.fml.loading.moddiscovery.ModFileInfo/LOADING]: Found valid mod file balm-forge-1.20.1-7.3.38-all.jar with {balm} mods - versions {7.3.38}
[12Jun2026 23:37:31.104] [main/DEBUG] [net.minecraftforge.fml.loading.moddiscovery.ModFile/LOADING]: Loading mod file C:\Users\Main\Documents\GitHub\Forge-1.20.1-Server\mods\balm-forge-1.20.1-7.3.38-all.jar with languages [LanguageSpec[languageName=javafml, acceptedVersions=[46,)]]
[12Jun2026 23:37:31.104] [main/DEBUG] [net.minecraftforge.fml.loading.moddiscovery.ModFileParser/LOADING]: Considering mod file candidate C:\Users\Main\Documents\GitHub\Forge-1.20.1-Server\mods\Terralith_1.20.x_v2.5.4.jar
[12Jun2026 23:37:31.104] [main/DEBUG] [net.minecraftforge.fml.loading.moddiscovery.ModFileInfo/LOADING]: Found valid mod file Terralith_1.20.x_v2.5.4.jar with {terralith} mods - versions {2.5.4}
[12Jun2026 23:37:31.104] [main/DEBUG] [net.minecraftforge.fml.loading.moddiscovery.ModFile/LOADING]: Loading mod file C:\Users\Main\Documents\GitHub\Forge-1.20.1-Server\mods\Terralith_1.20.x_v2.5.4.jar with languages [LanguageSpec[languageName=lowcodefml, acceptedVersions=[1,)]]
[12Jun2026 23:37:31.104] [main/DEBUG] [net.minecraftforge.fml.loading.moddiscovery.ModFileParser/LOADING]: Considering mod file candidate C:\Users\Main\Documents\GitHub\Forge-1.20.1-Server\mods\immersive_armors-1.7.2+1.20.1-forge.jar
[12Jun2026 23:37:31.105] [main/DEBUG] [net.minecraftforge.fml.loading.moddiscovery.ModFileInfo/LOADING]: Found valid mod file immersive_armors-1.7.2+1.20.1-forge.jar with {immersive_armors} mods - versions {1.7.2+1.20.1}
[12Jun2026 23:37:31.105] [main/DEBUG] [net.minecraftforge.fml.loading.moddiscovery.ModFile/LOADING]: Loading mod file C:\Users\Main\Documents\GitHub\Forge-1.20.1-Server\mods\immersive_armors-1.7.2+1.20.1-forge.jar with languages [LanguageSpec[languageName=javafml, acceptedVersions=[47,)]]
[12Jun2026 23:37:31.105] [main/DEBUG] [net.minecraftforge.fml.loading.moddiscovery.ModFileParser/LOADING]: Considering mod file candidate C:\Users\Main\Documents\GitHub\Forge-1.20.1-Server\mods\watut-forge-1.20.1-1.2.3.jar
[12Jun2026 23:37:31.105] [main/DEBUG] [net.minecraftforge.fml.loading.moddiscovery.ModFileInfo/LOADING]: Found valid mod file watut-forge-1.20.1-1.2.3.jar with {watut} mods - versions {1.20.1-1.2.3}
[12Jun2026 23:37:31.106] [main/DEBUG] [net.minecraftforge.fml.loading.moddiscovery.ModFile/LOADING]: Loading mod file C:\Users\Main\Documents\GitHub\Forge-1.20.1-Server\mods\watut-forge-1.20.1-1.2.3.jar with languages [LanguageSpec[languageName=javafml, acceptedVersions=[47,)]]
[12Jun2026 23:37:31.106] [main/DEBUG] [net.minecraftforge.fml.loading.moddiscovery.ModFileParser/LOADING]: Considering mod file candidate C:\Users\Main\Documents\GitHub\Forge-1.20.1-Server\libraries\net\minecraftforge\forge\1.20.1-47.4.10\forge-1.20.1-47.4.10-universal.jar
[12Jun2026 23:37:31.106] [main/DEBUG] [net.minecraftforge.fml.loading.moddiscovery.ModFileInfo/LOADING]: Found valid mod file forge-1.20.1-47.4.10-universal.jar with {forge} mods - versions {47.4.10}
[12Jun2026 23:37:31.106] [main/DEBUG] [net.minecraftforge.fml.loading.moddiscovery.ModFile/LOADING]: Loading mod file C:\Users\Main\Documents\GitHub\Forge-1.20.1-Server\libraries\net\minecraftforge\forge\1.20.1-47.4.10\forge-1.20.1-47.4.10-universal.jar with languages [LanguageSpec[languageName=javafml, acceptedVersions=[24,]]]
[12Jun2026 23:37:31.107] [main/DEBUG] [net.minecraftforge.fml.loading.moddiscovery.ModFileParser/LOADING]: Found coremod field_to_method with Javascript path coremods/field_to_method.js
[12Jun2026 23:37:31.107] [main/DEBUG] [net.minecraftforge.fml.loading.moddiscovery.ModFileParser/LOADING]: Found coremod field_to_instanceof with Javascript path coremods/field_to_instanceof.js
[12Jun2026 23:37:31.107] [main/DEBUG] [net.minecraftforge.fml.loading.moddiscovery.ModFileParser/LOADING]: Found coremod add_bouncer_method with Javascript path coremods/add_bouncer_method.js
[12Jun2026 23:37:31.107] [main/DEBUG] [net.minecraftforge.fml.loading.moddiscovery.ModFileParser/LOADING]: Found coremod method_redirector with Javascript path coremods/method_redirector.js
[12Jun2026 23:37:31.107] [main/DEBUG] [net.minecraftforge.fml.loading.moddiscovery.ModFile/LOADING]: Found coremod coremods/field_to_method.js
[12Jun2026 23:37:31.107] [main/DEBUG] [net.minecraftforge.fml.loading.moddiscovery.ModFile/LOADING]: Found coremod coremods/field_to_instanceof.js
[12Jun2026 23:37:31.107] [main/DEBUG] [net.minecraftforge.fml.loading.moddiscovery.ModFile/LOADING]: Found coremod coremods/add_bouncer_method.js
[12Jun2026 23:37:31.107] [main/DEBUG] [net.minecraftforge.fml.loading.moddiscovery.ModFile/LOADING]: Found coremod coremods/method_redirector.js
[12Jun2026 23:37:31.107] [main/DEBUG] [net.minecraftforge.fml.loading.moddiscovery.ModFileParser/LOADING]: Considering mod file candidate C:\Users\Main\Documents\GitHub\Forge-1.20.1-Server\mods\letmedespawn-1.20.x-forge-1.5.0.jar
[12Jun2026 23:37:31.107] [main/DEBUG] [net.minecraftforge.fml.loading.moddiscovery.ModFileInfo/LOADING]: Found valid mod file letmedespawn-1.20.x-forge-1.5.0.jar with {letmedespawn} mods - versions {1.5.0}
[12Jun2026 23:37:31.107] [main/DEBUG] [net.minecraftforge.fml.loading.moddiscovery.ModFile/LOADING]: Loading mod file C:\Users\Main\Documents\GitHub\Forge-1.20.1-Server\mods\letmedespawn-1.20.x-forge-1.5.0.jar with languages [LanguageSpec[languageName=javafml, acceptedVersions=[47,)]]
[12Jun2026 23:37:31.107] [main/DEBUG] [net.minecraftforge.fml.loading.moddiscovery.ModFileParser/LOADING]: Considering mod file candidate C:\Users\Main\Documents\GitHub\Forge-1.20.1-Server\mods\Towns-and-Towers-1.12-Fabric+Forge.jar
[12Jun2026 23:37:31.108] [main/DEBUG] [net.minecraftforge.fml.loading.moddiscovery.ModFileInfo/LOADING]: Found valid mod file Towns-and-Towers-1.12-Fabric+Forge.jar with {t_and_t} mods - versions {0.0NONE}
[12Jun2026 23:37:31.108] [main/DEBUG] [net.minecraftforge.fml.loading.moddiscovery.ModFile/LOADING]: Loading mod file C:\Users\Main\Documents\GitHub\Forge-1.20.1-Server\mods\Towns-and-Towers-1.12-Fabric+Forge.jar with languages [LanguageSpec[languageName=javafml, acceptedVersions=[43,)]]
[12Jun2026 23:37:31.108] [main/DEBUG] [net.minecraftforge.fml.loading.moddiscovery.ModFileParser/LOADING]: Considering mod file candidate C:\Users\Main\Documents\GitHub\Forge-1.20.1-Server\mods\valhelsia_core-forge-1.20.1-1.1.2.jar
[12Jun2026 23:37:31.109] [main/DEBUG] [net.minecraftforge.fml.loading.moddiscovery.ModFileInfo/LOADING]: Found valid mod file valhelsia_core-forge-1.20.1-1.1.2.jar with {valhelsia_core} mods - versions {1.1.2}
[12Jun2026 23:37:31.109] [main/DEBUG] [net.minecraftforge.fml.loading.moddiscovery.ModFile/LOADING]: Loading mod file C:\Users\Main\Documents\GitHub\Forge-1.20.1-Server\mods\valhelsia_core-forge-1.20.1-1.1.2.jar with languages [LanguageSpec[languageName=javafml, acceptedVersions=[45,)]]
[12Jun2026 23:37:31.109] [main/DEBUG] [net.minecraftforge.fml.loading.moddiscovery.ModFileParser/LOADING]: Considering mod file candidate C:\Users\Main\Documents\GitHub\Forge-1.20.1-Server\mods\skinrestorer-2.7.0+1.20-forge.jar
[12Jun2026 23:37:31.109] [main/DEBUG] [net.minecraftforge.fml.loading.moddiscovery.ModFileInfo/LOADING]: Found valid mod file skinrestorer-2.7.0+1.20-forge.jar with {skinrestorer} mods - versions {2.7.0+1.20-forge}
[12Jun2026 23:37:31.109] [main/DEBUG] [net.minecraftforge.fml.loading.moddiscovery.ModFile/LOADING]: Loading mod file C:\Users\Main\Documents\GitHub\Forge-1.20.1-Server\mods\skinrestorer-2.7.0+1.20-forge.jar with languages [LanguageSpec[languageName=javafml, acceptedVersions=[46,)]]
[12Jun2026 23:37:31.109] [main/DEBUG] [net.minecraftforge.fml.loading.moddiscovery.ModFileParser/LOADING]: Considering mod file candidate C:\Users\Main\Documents\GitHub\Forge-1.20.1-Server\mods\cristellib-1.1.6-forge.jar
[12Jun2026 23:37:31.109] [main/DEBUG] [net.minecraftforge.fml.loading.moddiscovery.ModFileInfo/LOADING]: Found valid mod file cristellib-1.1.6-forge.jar with {cristellib} mods - versions {1.1.6}
[12Jun2026 23:37:31.109] [main/DEBUG] [net.minecraftforge.fml.loading.moddiscovery.ModFile/LOADING]: Loading mod file C:\Users\Main\Documents\GitHub\Forge-1.20.1-Server\mods\cristellib-1.1.6-forge.jar with languages [LanguageSpec[languageName=javafml, acceptedVersions=[47,)]]
[12Jun2026 23:37:31.109] [main/DEBUG] [net.minecraftforge.fml.loading.moddiscovery.ModFileParser/LOADING]: Considering mod file candidate C:\Users\Main\Documents\GitHub\Forge-1.20.1-Server\mods\tectonic-3.0.17-forge-1.20.1.jar
[12Jun2026 23:37:31.110] [main/DEBUG] [net.minecraftforge.fml.loading.moddiscovery.ModFileInfo/LOADING]: Found valid mod file tectonic-3.0.17-forge-1.20.1.jar with {tectonic} mods - versions {3.0.17}
[12Jun2026 23:37:31.110] [main/DEBUG] [net.minecraftforge.fml.loading.moddiscovery.ModFile/LOADING]: Loading mod file C:\Users\Main\Documents\GitHub\Forge-1.20.1-Server\mods\tectonic-3.0.17-forge-1.20.1.jar with languages [LanguageSpec[languageName=javafml, acceptedVersions=[47,)]]
[12Jun2026 23:37:31.110] [main/DEBUG] [net.minecraftforge.fml.loading.moddiscovery.ModFile/LOADING]: Loading mod file  with languages []
[12Jun2026 23:37:31.110] [main/DEBUG] [net.minecraftforge.fml.loading.moddiscovery.ModFile/LOADING]: Loading mod file  with languages []
[12Jun2026 23:37:31.110] [main/DEBUG] [net.minecraftforge.fml.loading.moddiscovery.ModFileParser/LOADING]: Considering mod file candidate 
[12Jun2026 23:37:31.110] [main/DEBUG] [net.minecraftforge.fml.loading.moddiscovery.ModFileInfo/LOADING]: Found valid mod file mixinextras-forge-0.3.2.jar with {mixinextras} mods - versions {0.3.2}
[12Jun2026 23:37:31.110] [main/DEBUG] [net.minecraftforge.fml.loading.moddiscovery.ModFile/LOADING]: Loading mod file  with languages [LanguageSpec[languageName=javafml, acceptedVersions=*]]
[12Jun2026 23:37:31.110] [main/DEBUG] [net.minecraftforge.fml.loading.moddiscovery.ModFile/LOADING]: Loading mod file  with languages []
[12Jun2026 23:37:31.110] [main/DEBUG] [net.minecraftforge.fml.loading.moddiscovery.ModFile/LOADING]: Loading mod file  with languages []
[12Jun2026 23:37:31.110] [main/DEBUG] [net.minecraftforge.fml.loading.moddiscovery.ModFile/LOADING]: Loading mod file  with languages []
[12Jun2026 23:37:31.110] [main/DEBUG] [net.minecraftforge.fml.loading.moddiscovery.ModFile/LOADING]: Loading mod file  with languages []
[12Jun2026 23:37:31.110] [main/DEBUG] [net.minecraftforge.fml.loading.moddiscovery.ModFileParser/LOADING]: Considering mod file candidate 
[12Jun2026 23:37:31.110] [main/DEBUG] [net.minecraftforge.fml.loading.moddiscovery.ModFileInfo/LOADING]: Found valid mod file mixinextras-forge-0.3.2.jar with {mixinextras} mods - versions {0.3.2}
[12Jun2026 23:37:31.111] [main/DEBUG] [net.minecraftforge.fml.loading.moddiscovery.ModFile/LOADING]: Loading mod file  with languages [LanguageSpec[languageName=javafml, acceptedVersions=*]]
[12Jun2026 23:37:31.111] [main/DEBUG] [net.minecraftforge.fml.loading.moddiscovery.ModFile/LOADING]: Loading mod file  with languages []
[12Jun2026 23:37:31.111] [main/DEBUG] [net.minecraftforge.fml.loading.moddiscovery.ModFile/LOADING]: Loading mod file  with languages []
[12Jun2026 23:37:31.112] [main/DEBUG] [cpw.mods.modlauncher.TransformationServiceDecorator/MODLAUNCHER]: End scan trigger - transformation service fml
[12Jun2026 23:37:31.112] [main/DEBUG] [cpw.mods.modlauncher.TransformationServiceDecorator/MODLAUNCHER]: Beginning scan trigger - transformation service mixin-transmogrifier
[12Jun2026 23:37:31.114] [main/DEBUG] [cpw.mods.modlauncher.TransformationServiceDecorator/MODLAUNCHER]: End scan trigger - transformation service mixin-transmogrifier
[12Jun2026 23:37:31.114] [main/DEBUG] [cpw.mods.modlauncher.TransformationServiceDecorator/MODLAUNCHER]: Beginning scan trigger - transformation service connector_loader
[12Jun2026 23:37:31.114] [main/DEBUG] [cpw.mods.modlauncher.TransformationServiceDecorator/MODLAUNCHER]: End scan trigger - transformation service connector_loader
[12Jun2026 23:37:31.125] [main/DEBUG] [net.minecraftforge.fml.loading.LanguageLoadingProvider/CORE]: Found 3 language providers
[12Jun2026 23:37:31.126] [main/DEBUG] [net.minecraftforge.fml.loading.LanguageLoadingProvider/CORE]: Found language provider minecraft, version 1.0
[12Jun2026 23:37:31.127] [main/DEBUG] [net.minecraftforge.fml.loading.LanguageLoadingProvider/CORE]: Found language provider lowcodefml, version 47
[12Jun2026 23:37:31.127] [main/DEBUG] [net.minecraftforge.fml.loading.LanguageLoadingProvider/CORE]: Found language provider javafml, version 47
[12Jun2026 23:37:31.132] [main/DEBUG] [net.minecraftforge.fml.loading.UniqueModListBuilder/]: Found 2 mods for first modid jankson, selecting most recent based on version data
[12Jun2026 23:37:31.133] [main/DEBUG] [net.minecraftforge.fml.loading.UniqueModListBuilder/]: Selected file jankson-1.2.3.jar for modid jankson with version 0.0NONE
[12Jun2026 23:37:31.133] [main/DEBUG] [net.minecraftforge.fml.loading.UniqueModListBuilder/]: Found 2 mods for first modid java.client.SNAPSHOT, selecting most recent based on version data
[12Jun2026 23:37:31.133] [main/DEBUG] [net.minecraftforge.fml.loading.UniqueModListBuilder/]: Selected file java-client-3.2.1-SNAPSHOT.jar for modid java.client.SNAPSHOT with version 0.0NONE
[12Jun2026 23:37:31.133] [main/DEBUG] [net.minecraftforge.fml.loading.UniqueModListBuilder/]: Found 2 mods for first modid mixinextras, selecting most recent based on version data
[12Jun2026 23:37:31.133] [main/DEBUG] [net.minecraftforge.fml.loading.UniqueModListBuilder/]: Selected file mixinextras-forge-0.3.2.jar for modid mixinextras with version 0.3.2
[12Jun2026 23:37:31.133] [main/DEBUG] [net.minecraftforge.fml.loading.UniqueModListBuilder/]: Found 2 mods for first modid MixinExtras, selecting most recent based on version data
[12Jun2026 23:37:31.133] [main/DEBUG] [net.minecraftforge.fml.loading.UniqueModListBuilder/]: Selected file MixinExtras-0.3.2.jar for modid MixinExtras with version 0.0NONE
[12Jun2026 23:37:31.133] [main/DEBUG] [net.minecraftforge.fml.loading.UniqueModListBuilder/]: Found 2 mods for first modid runtime._1._20._1, selecting most recent based on version data
[12Jun2026 23:37:31.133] [main/DEBUG] [net.minecraftforge.fml.loading.UniqueModListBuilder/]: Selected file runtime-1.0.0+1.20.1.jar for modid runtime._1._20._1 with version 1.0.0+1.20.1
[12Jun2026 23:37:31.135] [main/DEBUG] [net.minecraftforge.fml.loading.ModSorter/]: Configured system mods: [minecraft, forge]
[12Jun2026 23:37:31.135] [main/DEBUG] [net.minecraftforge.fml.loading.ModSorter/]: Found system mod: minecraft
[12Jun2026 23:37:31.135] [main/DEBUG] [net.minecraftforge.fml.loading.ModSorter/]: Found system mod: forge
[12Jun2026 23:37:31.138] [main/DEBUG] [net.minecraftforge.fml.loading.ModSorter/LOADING]: Found 76 mod requirements (69 mandatory, 7 optional)
[12Jun2026 23:37:31.139] [main/DEBUG] [net.minecraftforge.fml.loading.ModSorter/LOADING]: Found 0 mod requirements missing (0 mandatory, 0 optional)
[12Jun2026 23:37:31.558] [main/DEBUG] [org.sinytra.connector.service.hacks.ModuleLayerMigrator/]: Attempting to make module authlib transformable
[12Jun2026 23:37:31.559] [main/INFO] [org.sinytra.connector.service.hacks.ModuleLayerMigrator/]: Successfully made module authlib transformable
[12Jun2026 23:37:31.561] [main/DEBUG] [cpw.mods.modlauncher.TransformationServicesHandler/MODLAUNCHER]: Transformation services loading transformers
[12Jun2026 23:37:31.561] [main/DEBUG] [cpw.mods.modlauncher.TransformationServiceDecorator/MODLAUNCHER]: Initializing transformers for transformation service mixin
[12Jun2026 23:37:31.562] [main/DEBUG] [cpw.mods.modlauncher.TransformationServiceDecorator/MODLAUNCHER]: Initialized transformers for transformation service mixin
[12Jun2026 23:37:31.562] [main/DEBUG] [cpw.mods.modlauncher.TransformationServiceDecorator/MODLAUNCHER]: Initializing transformers for transformation service fml
[12Jun2026 23:37:31.562] [main/DEBUG] [net.minecraftforge.fml.loading.FMLServiceProvider/CORE]: Loading coremod transformers
[12Jun2026 23:37:31.562] [main/DEBUG] [net.minecraftforge.coremod.CoreModEngine/COREMOD]: Loading CoreMod from META-INF/xaerohud_core.js
[12Jun2026 23:37:31.759] [main/DEBUG] [net.minecraftforge.coremod.CoreModEngine/COREMOD]: CoreMod loaded successfully
[12Jun2026 23:37:31.760] [main/DEBUG] [net.minecraftforge.coremod.CoreModEngine/COREMOD]: Loading CoreMod from META-INF/asm/injectCreativeModeTabCtr.js
[12Jun2026 23:37:31.776] [main/DEBUG] [net.minecraftforge.coremod.CoreModEngine/COREMOD]: CoreMod loaded successfully
[12Jun2026 23:37:31.776] [main/DEBUG] [net.minecraftforge.coremod.CoreModEngine/COREMOD]: Loading CoreMod from META-INF/asm/injectFabricASM.js
[12Jun2026 23:37:31.824] [main/DEBUG] [net.minecraftforge.coremod.CoreModEngine/COREMOD]: CoreMod loaded successfully
[12Jun2026 23:37:31.824] [main/DEBUG] [net.minecraftforge.coremod.CoreModEngine/COREMOD]: Loading CoreMod from META-INF/asm/updateItemUseStartTreshold.js
[12Jun2026 23:37:31.834] [main/DEBUG] [net.minecraftforge.coremod.CoreModEngine/COREMOD]: CoreMod loaded successfully
[12Jun2026 23:37:31.834] [main/DEBUG] [net.minecraftforge.coremod.CoreModEngine/COREMOD]: Loading CoreMod from META-INF/asm/expandLocalVarScope.js
[12Jun2026 23:37:31.857] [main/DEBUG] [net.minecraftforge.coremod.CoreModEngine/COREMOD]: CoreMod loaded successfully
[12Jun2026 23:37:31.858] [main/DEBUG] [net.minecraftforge.coremod.CoreModEngine/COREMOD]: Loading CoreMod from META-INF/asm/fixFieldSignatureChanges.js
[12Jun2026 23:37:31.868] [main/DEBUG] [net.minecraftforge.coremod.CoreModEngine/COREMOD]: CoreMod loaded successfully
[12Jun2026 23:37:31.868] [main/DEBUG] [net.minecraftforge.coremod.CoreModEngine/COREMOD]: Loading CoreMod from coremods/field_to_method.js
[12Jun2026 23:37:31.883] [main/DEBUG] [net.minecraftforge.coremod.CoreModEngine/COREMOD]: CoreMod loaded successfully
[12Jun2026 23:37:31.883] [main/DEBUG] [net.minecraftforge.coremod.CoreModEngine/COREMOD]: Loading CoreMod from coremods/field_to_instanceof.js
[12Jun2026 23:37:31.929] [main/DEBUG] [net.minecraftforge.coremod.CoreModEngine/COREMOD]: CoreMod loaded successfully
[12Jun2026 23:37:31.929] [main/DEBUG] [net.minecraftforge.coremod.CoreModEngine/COREMOD]: Loading CoreMod from coremods/add_bouncer_method.js
[12Jun2026 23:37:31.951] [main/DEBUG] [net.minecraftforge.coremod.CoreModEngine/COREMOD]: CoreMod loaded successfully
[12Jun2026 23:37:31.951] [main/DEBUG] [net.minecraftforge.coremod.CoreModEngine/COREMOD]: Loading CoreMod from coremods/method_redirector.js
[12Jun2026 23:37:31.988] [main/DEBUG] [net.minecraftforge.coremod.CoreModEngine/COREMOD]: CoreMod loaded successfully
[12Jun2026 23:37:31.999] [main/DEBUG] [cpw.mods.modlauncher.TransformStore/MODLAUNCHER]: Adding transformer net.minecraftforge.coremod.transformer.CoreModClassTransformer@ea00de to Target : CLASS {Lnet/minecraft/world/item/CreativeModeTab;} {} {V}
[12Jun2026 23:37:32.000] [main/DEBUG] [cpw.mods.modlauncher.TransformStore/MODLAUNCHER]: Adding transformer net.minecraftforge.coremod.transformer.CoreModClassTransformer@2a50b32d to Target : CLASS {Lnet/minecraft/client/KeyMapping;} {} {V}
[12Jun2026 23:37:32.000] [main/DEBUG] [cpw.mods.modlauncher.TransformStore/MODLAUNCHER]: Adding transformer net.minecraftforge.coremod.transformer.CoreModClassTransformer@36c7cbe1 to Target : CLASS {Lnet/minecraft/world/level/biome/Biome;} {} {V}
[12Jun2026 23:37:32.000] [main/DEBUG] [cpw.mods.modlauncher.TransformStore/MODLAUNCHER]: Adding transformer net.minecraftforge.coremod.transformer.CoreModClassTransformer@1ac6dd3d to Target : CLASS {Lnet/minecraft/world/level/levelgen/structure/Structure;} {} {V}
[12Jun2026 23:37:32.000] [main/DEBUG] [cpw.mods.modlauncher.TransformStore/MODLAUNCHER]: Adding transformer net.minecraftforge.coremod.transformer.CoreModClassTransformer@562919fe to Target : CLASS {Lnet/minecraft/world/effect/MobEffectInstance;} {} {V}
[12Jun2026 23:37:32.000] [main/DEBUG] [cpw.mods.modlauncher.TransformStore/MODLAUNCHER]: Adding transformer net.minecraftforge.coremod.transformer.CoreModClassTransformer@794f11cd to Target : CLASS {Lnet/minecraft/world/level/block/LiquidBlock;} {} {V}
[12Jun2026 23:37:32.000] [main/DEBUG] [cpw.mods.modlauncher.TransformStore/MODLAUNCHER]: Adding transformer net.minecraftforge.coremod.transformer.CoreModClassTransformer@715f45c6 to Target : CLASS {Lnet/minecraft/world/item/BucketItem;} {} {V}
[12Jun2026 23:37:32.000] [main/DEBUG] [cpw.mods.modlauncher.TransformStore/MODLAUNCHER]: Adding transformer net.minecraftforge.coremod.transformer.CoreModClassTransformer@5d5c41e5 to Target : CLASS {Lnet/minecraft/world/level/block/StairBlock;} {} {V}
[12Jun2026 23:37:32.000] [main/DEBUG] [cpw.mods.modlauncher.TransformStore/MODLAUNCHER]: Adding transformer net.minecraftforge.coremod.transformer.CoreModClassTransformer@43245559 to Target : CLASS {Lnet/minecraft/world/level/block/FlowerPotBlock;} {} {V}
[12Jun2026 23:37:32.001] [main/DEBUG] [cpw.mods.modlauncher.TransformStore/MODLAUNCHER]: Adding transformer net.minecraftforge.coremod.transformer.CoreModClassTransformer@42e4e589 to Target : CLASS {Lnet/minecraft/world/item/ItemStack;} {} {V}
[12Jun2026 23:37:32.001] [main/DEBUG] [cpw.mods.modlauncher.TransformStore/MODLAUNCHER]: Adding transformer net.minecraftforge.coremod.transformer.CoreModClassTransformer@499ee966 to Target : CLASS {Lnet/minecraft/network/play/client/CClientSettingsPacket;} {} {V}
[12Jun2026 23:37:32.001] [main/DEBUG] [cpw.mods.modlauncher.TransformStore/MODLAUNCHER]: Adding transformer net.minecraftforge.coremod.transformer.CoreModClassTransformer@76f2dad9 to Target : CLASS {Lnet/minecraft/server/commands/SummonCommand;} {} {V}
[12Jun2026 23:37:32.001] [main/DEBUG] [cpw.mods.modlauncher.TransformStore/MODLAUNCHER]: Adding transformer net.minecraftforge.coremod.transformer.CoreModClassTransformer@76f2dad9 to Target : CLASS {Lnet/minecraft/world/entity/raid/Raid;} {} {V}
[12Jun2026 23:37:32.001] [main/DEBUG] [cpw.mods.modlauncher.TransformStore/MODLAUNCHER]: Adding transformer net.minecraftforge.coremod.transformer.CoreModClassTransformer@76f2dad9 to Target : CLASS {Lnet/minecraft/world/entity/monster/Zombie;} {} {V}
[12Jun2026 23:37:32.001] [main/DEBUG] [cpw.mods.modlauncher.TransformStore/MODLAUNCHER]: Adding transformer net.minecraftforge.coremod.transformer.CoreModClassTransformer@76f2dad9 to Target : CLASS {Lnet/minecraft/world/level/NaturalSpawner;} {} {V}
[12Jun2026 23:37:32.001] [main/DEBUG] [cpw.mods.modlauncher.TransformStore/MODLAUNCHER]: Adding transformer net.minecraftforge.coremod.transformer.CoreModClassTransformer@76f2dad9 to Target : CLASS {Lnet/minecraft/world/entity/animal/frog/Tadpole;} {} {V}
[12Jun2026 23:37:32.001] [main/DEBUG] [cpw.mods.modlauncher.TransformStore/MODLAUNCHER]: Adding transformer net.minecraftforge.coremod.transformer.CoreModClassTransformer@76f2dad9 to Target : CLASS {Lnet/minecraft/world/level/levelgen/PhantomSpawner;} {} {V}
[12Jun2026 23:37:32.001] [main/DEBUG] [cpw.mods.modlauncher.TransformStore/MODLAUNCHER]: Adding transformer net.minecraftforge.coremod.transformer.CoreModClassTransformer@76f2dad9 to Target : CLASS {Lnet/minecraft/server/commands/RaidCommand;} {} {V}
[12Jun2026 23:37:32.001] [main/DEBUG] [cpw.mods.modlauncher.TransformStore/MODLAUNCHER]: Adding transformer net.minecraftforge.coremod.transformer.CoreModClassTransformer@76f2dad9 to Target : CLASS {Lnet/minecraft/world/entity/monster/Spider;} {} {V}
[12Jun2026 23:37:32.001] [main/DEBUG] [cpw.mods.modlauncher.TransformStore/MODLAUNCHER]: Adding transformer net.minecraftforge.coremod.transformer.CoreModClassTransformer@76f2dad9 to Target : CLASS {Lnet/minecraft/world/level/levelgen/structure/structures/SwampHutPiece;} {} {V}
[12Jun2026 23:37:32.001] [main/DEBUG] [cpw.mods.modlauncher.TransformStore/MODLAUNCHER]: Adding transformer net.minecraftforge.coremod.transformer.CoreModClassTransformer@76f2dad9 to Target : CLASS {Lnet/minecraft/world/entity/npc/CatSpawner;} {} {V}
[12Jun2026 23:37:32.001] [main/DEBUG] [cpw.mods.modlauncher.TransformStore/MODLAUNCHER]: Adding transformer net.minecraftforge.coremod.transformer.CoreModClassTransformer@76f2dad9 to Target : CLASS {Lnet/minecraft/world/entity/monster/Strider;} {} {V}
[12Jun2026 23:37:32.001] [main/DEBUG] [cpw.mods.modlauncher.TransformStore/MODLAUNCHER]: Adding transformer net.minecraftforge.coremod.transformer.CoreModClassTransformer@76f2dad9 to Target : CLASS {Lnet/minecraft/world/entity/animal/horse/SkeletonTrapGoal;} {} {V}
[12Jun2026 23:37:32.001] [main/DEBUG] [cpw.mods.modlauncher.TransformStore/MODLAUNCHER]: Adding transformer net.minecraftforge.coremod.transformer.CoreModClassTransformer@76f2dad9 to Target : CLASS {Lnet/minecraft/world/entity/monster/ZombieVillager;} {} {V}
[12Jun2026 23:37:32.001] [main/DEBUG] [cpw.mods.modlauncher.TransformStore/MODLAUNCHER]: Adding transformer net.minecraftforge.coremod.transformer.CoreModClassTransformer@76f2dad9 to Target : CLASS {Lnet/minecraft/world/level/levelgen/structure/structures/OceanMonumentPieces$OceanMonumentPiece;} {} {V}
[12Jun2026 23:37:32.001] [main/DEBUG] [cpw.mods.modlauncher.TransformStore/MODLAUNCHER]: Adding transformer net.minecraftforge.coremod.transformer.CoreModClassTransformer@76f2dad9 to Target : CLASS {Lnet/minecraft/world/level/levelgen/PatrolSpawner;} {} {V}
[12Jun2026 23:37:32.001] [main/DEBUG] [cpw.mods.modlauncher.TransformStore/MODLAUNCHER]: Adding transformer net.minecraftforge.coremod.transformer.CoreModClassTransformer@76f2dad9 to Target : CLASS {Lnet/minecraft/world/level/levelgen/structure/templatesystem/StructureTemplate;} {} {V}
[12Jun2026 23:37:32.001] [main/DEBUG] [cpw.mods.modlauncher.TransformStore/MODLAUNCHER]: Adding transformer net.minecraftforge.coremod.transformer.CoreModClassTransformer@76f2dad9 to Target : CLASS {Lnet/minecraft/world/level/levelgen/structure/structures/WoodlandMansionPieces$WoodlandMansionPiece;} {} {V}
[12Jun2026 23:37:32.001] [main/DEBUG] [cpw.mods.modlauncher.TransformStore/MODLAUNCHER]: Adding transformer net.minecraftforge.coremod.transformer.CoreModClassTransformer@76f2dad9 to Target : CLASS {Lnet/minecraft/world/entity/ai/village/VillageSiege;} {} {V}
[12Jun2026 23:37:32.001] [main/DEBUG] [cpw.mods.modlauncher.TransformStore/MODLAUNCHER]: Adding transformer net.minecraftforge.coremod.transformer.CoreModClassTransformer@76f2dad9 to Target : CLASS {Lnet/minecraft/world/entity/npc/Villager;} {} {V}
[12Jun2026 23:37:32.001] [main/DEBUG] [cpw.mods.modlauncher.TransformStore/MODLAUNCHER]: Adding transformer net.minecraftforge.coremod.transformer.CoreModClassTransformer@76f2dad9 to Target : CLASS {Lnet/minecraft/world/entity/EntityType;} {} {V}
[12Jun2026 23:37:32.001] [main/DEBUG] [cpw.mods.modlauncher.TransformStore/MODLAUNCHER]: Adding transformer net.minecraftforge.coremod.transformer.CoreModClassTransformer@76f2dad9 to Target : CLASS {Lnet/minecraft/world/entity/monster/Evoker$EvokerSummonSpellGoal;} {} {V}
[12Jun2026 23:37:32.001] [main/DEBUG] [cpw.mods.modlauncher.TransformStore/MODLAUNCHER]: Adding transformer net.minecraftforge.coremod.transformer.CoreModClassTransformer@76f2dad9 to Target : CLASS {Lnet/minecraft/world/level/levelgen/structure/structures/OceanRuinPieces$OceanRuinPiece;} {} {V}
[12Jun2026 23:37:32.001] [main/DEBUG] [cpw.mods.modlauncher.TransformStore/MODLAUNCHER]: Adding transformer net.minecraftforge.coremod.transformer.CoreModMethodTransformer@72b0a004 to Target : METHOD {Lnet/minecraft/client/ToggleKeyMapping;} {m_90857_} {()Z}
[12Jun2026 23:37:32.001] [main/DEBUG] [cpw.mods.modlauncher.TransformStore/MODLAUNCHER]: Adding transformer net.minecraftforge.coremod.transformer.CoreModMethodTransformer@4cdba2ed to Target : METHOD {Lcom/chocohead/mm/Plugin;} {fishAddURL} {()Ljava/util/function/Consumer;}
[12Jun2026 23:37:32.001] [main/DEBUG] [cpw.mods.modlauncher.TransformStore/MODLAUNCHER]: Adding transformer net.minecraftforge.coremod.transformer.CoreModMethodTransformer@2c1f8dbd to Target : METHOD {Lcom/chocohead/mm/Plugin$1;} {generate} {(Ljava/lang/String;Ljava/util/Collection;)V}
[12Jun2026 23:37:32.002] [main/DEBUG] [cpw.mods.modlauncher.TransformStore/MODLAUNCHER]: Adding transformer net.minecraftforge.coremod.transformer.CoreModMethodTransformer@55c57422 to Target : METHOD {Lcom/chocohead/mm/EnumSubclasser;} {defineAnonymousSubclass} {(Lorg/objectweb/asm/tree/ClassNode;Lcom/chocohead/mm/api/EnumAdder$EnumAddition;Ljava/lang/String;Ljava/lang/String;)[B}
[12Jun2026 23:37:32.002] [main/DEBUG] [cpw.mods.modlauncher.TransformStore/MODLAUNCHER]: Adding transformer net.minecraftforge.coremod.transformer.CoreModMethodTransformer@22825e1e to Target : METHOD {Lme/shedaniel/mm/Plugin;} {fishAddURL} {()Ljava/util/function/Consumer;}
[12Jun2026 23:37:32.002] [main/DEBUG] [cpw.mods.modlauncher.TransformStore/MODLAUNCHER]: Adding transformer net.minecraftforge.coremod.transformer.CoreModMethodTransformer@335f5c69 to Target : METHOD {Lme/shedaniel/mm/Plugin$1;} {generate} {(Ljava/lang/String;Ljava/util/Collection;)V}
[12Jun2026 23:37:32.002] [main/DEBUG] [cpw.mods.modlauncher.TransformStore/MODLAUNCHER]: Adding transformer net.minecraftforge.coremod.transformer.CoreModMethodTransformer@63fd4dda to Target : METHOD {Lme/shedaniel/mm/EnumSubclasser;} {defineAnonymousSubclass} {(Lorg/objectweb/asm/tree/ClassNode;Lcom/chocohead/mm/api/EnumAdder$EnumAddition;Ljava/lang/String;Ljava/lang/String;)[B}
[12Jun2026 23:37:32.002] [main/DEBUG] [cpw.mods.modlauncher.TransformStore/MODLAUNCHER]: Adding transformer net.minecraftforge.coremod.transformer.CoreModMethodTransformer@1d6751e3 to Target : METHOD {Lnet/minecraft/world/entity/LivingEntity;} {m_6672_} {(Lnet/minecraft/world/InteractionHand;)V}
[12Jun2026 23:37:32.002] [main/DEBUG] [cpw.mods.modlauncher.TransformStore/MODLAUNCHER]: Adding transformer net.minecraftforge.coremod.transformer.CoreModMethodTransformer@2d258eff to Target : METHOD {Lnet/minecraft/world/entity/LivingEntity;} {m_147215_} {(Lnet/minecraft/world/effect/MobEffectInstance;Lnet/minecraft/world/entity/Entity;)V}
[12Jun2026 23:37:32.002] [main/DEBUG] [cpw.mods.modlauncher.TransformStore/MODLAUNCHER]: Adding transformer net.minecraftforge.coremod.transformer.CoreModMethodTransformer@64502326 to Target : METHOD {Lnet/minecraft/world/level/BaseSpawner;} {m_151311_} {(Lnet/minecraft/server/level/ServerLevel;Lnet/minecraft/core/BlockPos;)V}
[12Jun2026 23:37:32.002] [main/DEBUG] [cpw.mods.modlauncher.TransformationServiceDecorator/MODLAUNCHER]: Initialized transformers for transformation service fml
[12Jun2026 23:37:32.002] [main/DEBUG] [cpw.mods.modlauncher.TransformationServiceDecorator/MODLAUNCHER]: Initializing transformers for transformation service mixin-transmogrifier
[12Jun2026 23:37:32.002] [main/DEBUG] [cpw.mods.modlauncher.TransformationServiceDecorator/MODLAUNCHER]: Initialized transformers for transformation service mixin-transmogrifier
[12Jun2026 23:37:32.002] [main/DEBUG] [cpw.mods.modlauncher.TransformationServiceDecorator/MODLAUNCHER]: Initializing transformers for transformation service connector_loader
[12Jun2026 23:37:32.002] [main/DEBUG] [cpw.mods.modlauncher.TransformationServiceDecorator/MODLAUNCHER]: Initialized transformers for transformation service connector_loader
[12Jun2026 23:37:32.081] [main/DEBUG] [mixin/]: Processing prepare() for PlatformAgent[MixinPlatformAgentDefault:ModLauncher Root Container(ModLauncher:4f56a0a2)]
[12Jun2026 23:37:32.081] [main/DEBUG] [mixin/]: Processing launch tasks for PlatformAgent[MixinPlatformAgentDefault:ModLauncher Root Container(ModLauncher:4f56a0a2)]
[12Jun2026 23:37:32.082] [main/DEBUG] [mixin/]: Adding mixin platform agents for container SecureJarResource(mixin_generated_classes)
[12Jun2026 23:37:32.082] [main/DEBUG] [mixin/]: Instancing new MixinPlatformAgentMinecraftForge for SecureJarResource(mixin_generated_classes)
[12Jun2026 23:37:32.082] [main/DEBUG] [mixin/]: MixinPlatformAgentMinecraftForge rejected container SecureJarResource(mixin_generated_classes)
[12Jun2026 23:37:32.082] [main/DEBUG] [mixin/]: Instancing new MixinPlatformAgentDefault for SecureJarResource(mixin_generated_classes)
[12Jun2026 23:37:32.082] [main/DEBUG] [mixin/]: MixinPlatformAgentDefault accepted container SecureJarResource(mixin_generated_classes)
[12Jun2026 23:37:32.082] [main/DEBUG] [mixin/]: Processing prepare() for PlatformAgent[MixinPlatformAgentDefault:SecureJarResource(mixin_generated_classes)]
[12Jun2026 23:37:32.082] [main/DEBUG] [mixin/]: Adding mixin platform agents for container SecureJarResource(minecraft)
[12Jun2026 23:37:32.082] [main/DEBUG] [mixin/]: Instancing new MixinPlatformAgentMinecraftForge for SecureJarResource(minecraft)
[12Jun2026 23:37:32.082] [main/DEBUG] [mixin/]: MixinPlatformAgentMinecraftForge rejected container SecureJarResource(minecraft)
[12Jun2026 23:37:32.082] [main/DEBUG] [mixin/]: Instancing new MixinPlatformAgentDefault for SecureJarResource(minecraft)
[12Jun2026 23:37:32.082] [main/DEBUG] [mixin/]: MixinPlatformAgentDefault accepted container SecureJarResource(minecraft)
[12Jun2026 23:37:32.082] [main/DEBUG] [mixin/]: Processing prepare() for PlatformAgent[MixinPlatformAgentDefault:SecureJarResource(minecraft)]
[12Jun2026 23:37:32.082] [main/DEBUG] [mixin/]: Adding mixin platform agents for container SecureJarResource(smoothchunk)
[12Jun2026 23:37:32.082] [main/DEBUG] [mixin/]: Instancing new MixinPlatformAgentMinecraftForge for SecureJarResource(smoothchunk)
[12Jun2026 23:37:32.082] [main/DEBUG] [mixin/]: MixinPlatformAgentMinecraftForge rejected container SecureJarResource(smoothchunk)
[12Jun2026 23:37:32.082] [main/DEBUG] [mixin/]: Instancing new MixinPlatformAgentDefault for SecureJarResource(smoothchunk)
[12Jun2026 23:37:32.082] [main/DEBUG] [mixin/]: MixinPlatformAgentDefault accepted container SecureJarResource(smoothchunk)
[12Jun2026 23:37:32.082] [main/DEBUG] [mixin/]: Processing prepare() for PlatformAgent[MixinPlatformAgentDefault:SecureJarResource(smoothchunk)]
[12Jun2026 23:37:32.082] [main/DEBUG] [mixin/]: Registering mixin config: smoothchunk.mixins.json
[12Jun2026 23:37:32.117] [main/DEBUG] [mixin/]: Compatibility level JAVA_17 specified by smoothchunk.mixins.json is higher than the maximum level supported by this version of mixin (JAVA_13).
[12Jun2026 23:37:32.121] [main/INFO] [mixin/]: Compatibility level set to JAVA_17
[12Jun2026 23:37:32.122] [main/DEBUG] [mixin/]: Adding mixin platform agents for container SecureJarResource(trade_cycling)
[12Jun2026 23:37:32.122] [main/DEBUG] [mixin/]: Instancing new MixinPlatformAgentMinecraftForge for SecureJarResource(trade_cycling)
[12Jun2026 23:37:32.122] [main/DEBUG] [mixin/]: MixinPlatformAgentMinecraftForge rejected container SecureJarResource(trade_cycling)
[12Jun2026 23:37:32.122] [main/DEBUG] [mixin/]: Instancing new MixinPlatformAgentDefault for SecureJarResource(trade_cycling)
[12Jun2026 23:37:32.122] [main/DEBUG] [mixin/]: MixinPlatformAgentDefault accepted container SecureJarResource(trade_cycling)
[12Jun2026 23:37:32.122] [main/DEBUG] [mixin/]: Processing prepare() for PlatformAgent[MixinPlatformAgentDefault:SecureJarResource(trade_cycling)]
[12Jun2026 23:37:32.122] [main/DEBUG] [mixin/]: Adding mixin platform agents for container SecureJarResource(kuma_api)
[12Jun2026 23:37:32.122] [main/DEBUG] [mixin/]: Instancing new MixinPlatformAgentMinecraftForge for SecureJarResource(kuma_api)
[12Jun2026 23:37:32.122] [main/DEBUG] [mixin/]: MixinPlatformAgentMinecraftForge rejected container SecureJarResource(kuma_api)
[12Jun2026 23:37:32.122] [main/DEBUG] [mixin/]: Instancing new MixinPlatformAgentDefault for SecureJarResource(kuma_api)
[12Jun2026 23:37:32.122] [main/DEBUG] [mixin/]: MixinPlatformAgentDefault accepted container SecureJarResource(kuma_api)
[12Jun2026 23:37:32.122] [main/DEBUG] [mixin/]: Processing prepare() for PlatformAgent[MixinPlatformAgentDefault:SecureJarResource(kuma_api)]
[12Jun2026 23:37:32.122] [main/DEBUG] [mixin/]: Registering mixin config: kuma_api.mixins.json
[12Jun2026 23:37:32.124] [main/DEBUG] [mixin/]: Registering mixin config: kuma_api.forge.mixins.json
[12Jun2026 23:37:32.125] [main/DEBUG] [mixin/]: Adding mixin platform agents for container SecureJarResource(almanac)
[12Jun2026 23:37:32.125] [main/DEBUG] [mixin/]: Instancing new MixinPlatformAgentMinecraftForge for SecureJarResource(almanac)
[12Jun2026 23:37:32.125] [main/DEBUG] [mixin/]: MixinPlatformAgentMinecraftForge rejected container SecureJarResource(almanac)
[12Jun2026 23:37:32.125] [main/DEBUG] [mixin/]: Instancing new MixinPlatformAgentDefault for SecureJarResource(almanac)
[12Jun2026 23:37:32.125] [main/DEBUG] [mixin/]: MixinPlatformAgentDefault accepted container SecureJarResource(almanac)
[12Jun2026 23:37:32.126] [main/DEBUG] [mixin/]: Processing prepare() for PlatformAgent[MixinPlatformAgentDefault:SecureJarResource(almanac)]
[12Jun2026 23:37:32.126] [main/DEBUG] [mixin/]: Registering mixin config: almanac.mixins.json
[12Jun2026 23:37:32.126] [main/DEBUG] [mixin/]: Adding mixin platform agents for container SecureJarResource(valhelsia_structures)
[12Jun2026 23:37:32.127] [main/DEBUG] [mixin/]: Instancing new MixinPlatformAgentMinecraftForge for SecureJarResource(valhelsia_structures)
[12Jun2026 23:37:32.127] [main/DEBUG] [mixin/]: MixinPlatformAgentMinecraftForge rejected container SecureJarResource(valhelsia_structures)
[12Jun2026 23:37:32.127] [main/DEBUG] [mixin/]: Instancing new MixinPlatformAgentDefault for SecureJarResource(valhelsia_structures)
[12Jun2026 23:37:32.127] [main/DEBUG] [mixin/]: MixinPlatformAgentDefault accepted container SecureJarResource(valhelsia_structures)
[12Jun2026 23:37:32.127] [main/DEBUG] [mixin/]: Processing prepare() for PlatformAgent[MixinPlatformAgentDefault:SecureJarResource(valhelsia_structures)]
[12Jun2026 23:37:32.127] [main/DEBUG] [mixin/]: Registering mixin config: valhelsia_structures.mixins.json
[12Jun2026 23:37:32.128] [main/DEBUG] [mixin/]: Adding mixin platform agents for container SecureJarResource(chunky)
[12Jun2026 23:37:32.128] [main/DEBUG] [mixin/]: Instancing new MixinPlatformAgentMinecraftForge for SecureJarResource(chunky)
[12Jun2026 23:37:32.128] [main/DEBUG] [mixin/]: MixinPlatformAgentMinecraftForge rejected container SecureJarResource(chunky)
[12Jun2026 23:37:32.128] [main/DEBUG] [mixin/]: Instancing new MixinPlatformAgentDefault for SecureJarResource(chunky)
[12Jun2026 23:37:32.128] [main/DEBUG] [mixin/]: MixinPlatformAgentDefault accepted container SecureJarResource(chunky)
[12Jun2026 23:37:32.128] [main/DEBUG] [mixin/]: Processing prepare() for PlatformAgent[MixinPlatformAgentDefault:SecureJarResource(chunky)]
[12Jun2026 23:37:32.128] [main/DEBUG] [mixin/]: Adding mixin platform agents for container SecureJarResource(lithostitched)
[12Jun2026 23:37:32.128] [main/DEBUG] [mixin/]: Instancing new MixinPlatformAgentMinecraftForge for SecureJarResource(lithostitched)
[12Jun2026 23:37:32.128] [main/DEBUG] [mixin/]: MixinPlatformAgentMinecraftForge rejected container SecureJarResource(lithostitched)
[12Jun2026 23:37:32.128] [main/DEBUG] [mixin/]: Instancing new MixinPlatformAgentDefault for SecureJarResource(lithostitched)
[12Jun2026 23:37:32.128] [main/DEBUG] [mixin/]: MixinPlatformAgentDefault accepted container SecureJarResource(lithostitched)
[12Jun2026 23:37:32.128] [main/DEBUG] [mixin/]: Processing prepare() for PlatformAgent[MixinPlatformAgentDefault:SecureJarResource(lithostitched)]
[12Jun2026 23:37:32.128] [main/DEBUG] [mixin/]: Registering mixin config: lithostitched.mixins.json
[12Jun2026 23:37:32.130] [main/DEBUG] [mixin/]: Registering mixin config: lithostitched.forge.mixins.json
[12Jun2026 23:37:32.131] [main/DEBUG] [mixin/]: Adding mixin platform agents for container SecureJarResource(xaerolib)
[12Jun2026 23:37:32.131] [main/DEBUG] [mixin/]: Instancing new MixinPlatformAgentMinecraftForge for SecureJarResource(xaerolib)
[12Jun2026 23:37:32.131] [main/DEBUG] [mixin/]: MixinPlatformAgentMinecraftForge rejected container SecureJarResource(xaerolib)
[12Jun2026 23:37:32.131] [main/DEBUG] [mixin/]: Instancing new MixinPlatformAgentDefault for SecureJarResource(xaerolib)
[12Jun2026 23:37:32.131] [main/DEBUG] [mixin/]: MixinPlatformAgentDefault accepted container SecureJarResource(xaerolib)
[12Jun2026 23:37:32.131] [main/DEBUG] [mixin/]: Processing prepare() for PlatformAgent[MixinPlatformAgentDefault:SecureJarResource(xaerolib)]
[12Jun2026 23:37:32.131] [main/DEBUG] [mixin/]: Registering mixin config: xaerolib.mixins.json
[12Jun2026 23:37:32.132] [main/DEBUG] [mixin/]: Registering mixin config: xaerolib.forge.mixins.json
[12Jun2026 23:37:32.134] [main/DEBUG] [mixin/]: Adding mixin platform agents for container SecureJarResource(connectivity)
[12Jun2026 23:37:32.134] [main/DEBUG] [mixin/]: Instancing new MixinPlatformAgentMinecraftForge for SecureJarResource(connectivity)
[12Jun2026 23:37:32.134] [main/DEBUG] [mixin/]: MixinPlatformAgentMinecraftForge rejected container SecureJarResource(connectivity)
[12Jun2026 23:37:32.134] [main/DEBUG] [mixin/]: Instancing new MixinPlatformAgentDefault for SecureJarResource(connectivity)
[12Jun2026 23:37:32.134] [main/DEBUG] [mixin/]: MixinPlatformAgentDefault accepted container SecureJarResource(connectivity)
[12Jun2026 23:37:32.134] [main/DEBUG] [mixin/]: Processing prepare() for PlatformAgent[MixinPlatformAgentDefault:SecureJarResource(connectivity)]
[12Jun2026 23:37:32.134] [main/DEBUG] [mixin/]: Registering mixin config: connectivity.mixins.json
[12Jun2026 23:37:32.135] [main/DEBUG] [mixin/]: Adding mixin platform agents for container SecureJarResource(xaerominimap)
[12Jun2026 23:37:32.135] [main/DEBUG] [mixin/]: Instancing new MixinPlatformAgentMinecraftForge for SecureJarResource(xaerominimap)
[12Jun2026 23:37:32.135] [main/DEBUG] [mixin/]: MixinPlatformAgentMinecraftForge rejected container SecureJarResource(xaerominimap)
[12Jun2026 23:37:32.136] [main/DEBUG] [mixin/]: Instancing new MixinPlatformAgentDefault for SecureJarResource(xaerominimap)
[12Jun2026 23:37:32.136] [main/DEBUG] [mixin/]: MixinPlatformAgentDefault accepted container SecureJarResource(xaerominimap)
[12Jun2026 23:37:32.136] [main/DEBUG] [mixin/]: Processing prepare() for PlatformAgent[MixinPlatformAgentDefault:SecureJarResource(xaerominimap)]
[12Jun2026 23:37:32.136] [main/DEBUG] [mixin/]: Registering mixin config: xaerohud.mixins.json
[12Jun2026 23:37:32.137] [main/DEBUG] [mixin/]: Registering mixin config: xaerohud.forge.mixins.json
[12Jun2026 23:37:32.137] [main/DEBUG] [mixin/]: Registering mixin config: xaerominimap.mixins.json
[12Jun2026 23:37:32.138] [main/DEBUG] [mixin/]: Registering mixin config: xaerominimap.forge.mixins.json
[12Jun2026 23:37:32.139] [main/DEBUG] [mixin/]: Adding mixin platform agents for container SecureJarResource(waystones)
[12Jun2026 23:37:32.139] [main/DEBUG] [mixin/]: Instancing new MixinPlatformAgentMinecraftForge for SecureJarResource(waystones)
[12Jun2026 23:37:32.139] [main/DEBUG] [mixin/]: MixinPlatformAgentMinecraftForge rejected container SecureJarResource(waystones)
[12Jun2026 23:37:32.139] [main/DEBUG] [mixin/]: Instancing new MixinPlatformAgentDefault for SecureJarResource(waystones)
[12Jun2026 23:37:32.139] [main/DEBUG] [mixin/]: MixinPlatformAgentDefault accepted container SecureJarResource(waystones)
[12Jun2026 23:37:32.139] [main/DEBUG] [mixin/]: Processing prepare() for PlatformAgent[MixinPlatformAgentDefault:SecureJarResource(waystones)]
[12Jun2026 23:37:32.139] [main/DEBUG] [mixin/]: Registering mixin config: waystones.mixins.json
[12Jun2026 23:37:32.139] [main/DEBUG] [mixin/]: Adding mixin platform agents for container SecureJarResource(gravestone)
[12Jun2026 23:37:32.140] [main/DEBUG] [mixin/]: Instancing new MixinPlatformAgentMinecraftForge for SecureJarResource(gravestone)
[12Jun2026 23:37:32.140] [main/DEBUG] [mixin/]: MixinPlatformAgentMinecraftForge rejected container SecureJarResource(gravestone)
[12Jun2026 23:37:32.140] [main/DEBUG] [mixin/]: Instancing new MixinPlatformAgentDefault for SecureJarResource(gravestone)
[12Jun2026 23:37:32.140] [main/DEBUG] [mixin/]: MixinPlatformAgentDefault accepted container SecureJarResource(gravestone)
[12Jun2026 23:37:32.140] [main/DEBUG] [mixin/]: Processing prepare() for PlatformAgent[MixinPlatformAgentDefault:SecureJarResource(gravestone)]
[12Jun2026 23:37:32.140] [main/DEBUG] [mixin/]: Adding mixin platform agents for container SecureJarResource(travelersbackpack)
[12Jun2026 23:37:32.140] [main/DEBUG] [mixin/]: Instancing new MixinPlatformAgentMinecraftForge for SecureJarResource(travelersbackpack)
[12Jun2026 23:37:32.140] [main/DEBUG] [mixin/]: MixinPlatformAgentMinecraftForge rejected container SecureJarResource(travelersbackpack)
[12Jun2026 23:37:32.140] [main/DEBUG] [mixin/]: Instancing new MixinPlatformAgentDefault for SecureJarResource(travelersbackpack)
[12Jun2026 23:37:32.140] [main/DEBUG] [mixin/]: MixinPlatformAgentDefault accepted container SecureJarResource(travelersbackpack)
[12Jun2026 23:37:32.140] [main/DEBUG] [mixin/]: Processing prepare() for PlatformAgent[MixinPlatformAgentDefault:SecureJarResource(travelersbackpack)]
[12Jun2026 23:37:32.140] [main/DEBUG] [mixin/]: Registering mixin config: mixins.travelersbackpack.json
[12Jun2026 23:37:32.140] [main/DEBUG] [mixin/]: Adding mixin platform agents for container SecureJarResource(plasmovoice)
[12Jun2026 23:37:32.140] [main/DEBUG] [mixin/]: Instancing new MixinPlatformAgentMinecraftForge for SecureJarResource(plasmovoice)
[12Jun2026 23:37:32.140] [main/DEBUG] [mixin/]: MixinPlatformAgentMinecraftForge rejected container SecureJarResource(plasmovoice)
[12Jun2026 23:37:32.140] [main/DEBUG] [mixin/]: Instancing new MixinPlatformAgentDefault for SecureJarResource(plasmovoice)
[12Jun2026 23:37:32.140] [main/DEBUG] [mixin/]: MixinPlatformAgentDefault accepted container SecureJarResource(plasmovoice)
[12Jun2026 23:37:32.141] [main/DEBUG] [mixin/]: Processing prepare() for PlatformAgent[MixinPlatformAgentDefault:SecureJarResource(plasmovoice)]
[12Jun2026 23:37:32.141] [main/DEBUG] [mixin/]: Registering mixin config: plasmovoice.mixins.json
[12Jun2026 23:37:32.141] [main/DEBUG] [mixin/]: Registering mixin config: slib.mixins.json
[12Jun2026 23:37:32.142] [main/DEBUG] [mixin/]: Registering mixin config: slib-forge.mixins.json
[12Jun2026 23:37:32.142] [main/DEBUG] [mixin/]: Adding mixin platform agents for container SecureJarResource(mixinextras)
[12Jun2026 23:37:32.142] [main/DEBUG] [mixin/]: Instancing new MixinPlatformAgentMinecraftForge for SecureJarResource(mixinextras)
[12Jun2026 23:37:32.143] [main/DEBUG] [mixin/]: MixinPlatformAgentMinecraftForge rejected container SecureJarResource(mixinextras)
[12Jun2026 23:37:32.143] [main/DEBUG] [mixin/]: Instancing new MixinPlatformAgentDefault for SecureJarResource(mixinextras)
[12Jun2026 23:37:32.143] [main/DEBUG] [mixin/]: MixinPlatformAgentDefault accepted container SecureJarResource(mixinextras)
[12Jun2026 23:37:32.143] [main/DEBUG] [mixin/]: Processing prepare() for PlatformAgent[MixinPlatformAgentDefault:SecureJarResource(mixinextras)]
[12Jun2026 23:37:32.143] [main/DEBUG] [mixin/]: Registering mixin config: mixinextras.init.mixins.json
[12Jun2026 23:37:32.143] [main/DEBUG] [mixin/]: Adding mixin platform agents for container SecureJarResource(ftbultimine)
[12Jun2026 23:37:32.143] [main/DEBUG] [mixin/]: Instancing new MixinPlatformAgentMinecraftForge for SecureJarResource(ftbultimine)
[12Jun2026 23:37:32.143] [main/DEBUG] [mixin/]: MixinPlatformAgentMinecraftForge rejected container SecureJarResource(ftbultimine)
[12Jun2026 23:37:32.143] [main/DEBUG] [mixin/]: Instancing new MixinPlatformAgentDefault for SecureJarResource(ftbultimine)
[12Jun2026 23:37:32.143] [main/DEBUG] [mixin/]: MixinPlatformAgentDefault accepted container SecureJarResource(ftbultimine)
[12Jun2026 23:37:32.143] [main/DEBUG] [mixin/]: Processing prepare() for PlatformAgent[MixinPlatformAgentDefault:SecureJarResource(ftbultimine)]
[12Jun2026 23:37:32.143] [main/DEBUG] [mixin/]: Registering mixin config: ftbultimine-common.mixins.json
[12Jun2026 23:37:32.144] [main/DEBUG] [mixin/]: Compatibility level JAVA_8 specified by ftbultimine-common.mixins.json is lower than the default level supported by the current mixin service (JAVA_16).
[12Jun2026 23:37:32.145] [main/DEBUG] [mixin/]: Adding mixin platform agents for container SecureJarResource(connectormod)
[12Jun2026 23:37:32.145] [main/DEBUG] [mixin/]: Instancing new MixinPlatformAgentMinecraftForge for SecureJarResource(connectormod)
[12Jun2026 23:37:32.145] [main/DEBUG] [mixin/]: MixinPlatformAgentMinecraftForge rejected container SecureJarResource(connectormod)
[12Jun2026 23:37:32.145] [main/DEBUG] [mixin/]: Instancing new MixinPlatformAgentDefault for SecureJarResource(connectormod)
[12Jun2026 23:37:32.145] [main/DEBUG] [mixin/]: MixinPlatformAgentDefault accepted container SecureJarResource(connectormod)
[12Jun2026 23:37:32.145] [main/DEBUG] [mixin/]: Processing prepare() for PlatformAgent[MixinPlatformAgentDefault:SecureJarResource(connectormod)]
[12Jun2026 23:37:32.145] [main/DEBUG] [mixin/]: Registering mixin config: connectormod.mixins.json
[12Jun2026 23:37:32.146] [main/DEBUG] [mixin/]: Adding mixin platform agents for container SecureJarResource(coroutil)
[12Jun2026 23:37:32.146] [main/DEBUG] [mixin/]: Instancing new MixinPlatformAgentMinecraftForge for SecureJarResource(coroutil)
[12Jun2026 23:37:32.146] [main/DEBUG] [mixin/]: MixinPlatformAgentMinecraftForge rejected container SecureJarResource(coroutil)
[12Jun2026 23:37:32.146] [main/DEBUG] [mixin/]: Instancing new MixinPlatformAgentDefault for SecureJarResource(coroutil)
[12Jun2026 23:37:32.146] [main/DEBUG] [mixin/]: MixinPlatformAgentDefault accepted container SecureJarResource(coroutil)
[12Jun2026 23:37:32.146] [main/DEBUG] [mixin/]: Processing prepare() for PlatformAgent[MixinPlatformAgentDefault:SecureJarResource(coroutil)]
[12Jun2026 23:37:32.146] [main/DEBUG] [mixin/]: Registering mixin config: coroutil.mixins.json
[12Jun2026 23:37:32.146] [main/DEBUG] [mixin/]: Adding mixin platform agents for container SecureJarResource(architectury)
[12Jun2026 23:37:32.146] [main/DEBUG] [mixin/]: Instancing new MixinPlatformAgentMinecraftForge for SecureJarResource(architectury)
[12Jun2026 23:37:32.146] [main/DEBUG] [mixin/]: MixinPlatformAgentMinecraftForge rejected container SecureJarResource(architectury)
[12Jun2026 23:37:32.146] [main/DEBUG] [mixin/]: Instancing new MixinPlatformAgentDefault for SecureJarResource(architectury)
[12Jun2026 23:37:32.146] [main/DEBUG] [mixin/]: MixinPlatformAgentDefault accepted container SecureJarResource(architectury)
[12Jun2026 23:37:32.146] [main/DEBUG] [mixin/]: Processing prepare() for PlatformAgent[MixinPlatformAgentDefault:SecureJarResource(architectury)]
[12Jun2026 23:37:32.146] [main/DEBUG] [mixin/]: Registering mixin config: architectury.mixins.json
[12Jun2026 23:37:32.147] [main/DEBUG] [mixin/]: Compatibility level JAVA_16 specified by architectury.mixins.json is higher than the maximum level supported by this version of mixin (JAVA_13).
[12Jun2026 23:37:32.147] [main/DEBUG] [mixin/]: Registering mixin config: architectury-common.mixins.json
[12Jun2026 23:37:32.148] [main/DEBUG] [mixin/]: Compatibility level JAVA_16 specified by architectury-common.mixins.json is higher than the maximum level supported by this version of mixin (JAVA_13).
[12Jun2026 23:37:32.148] [main/DEBUG] [mixin/]: Adding mixin platform agents for container SecureJarResource(ftblibrary)
[12Jun2026 23:37:32.148] [main/DEBUG] [mixin/]: Instancing new MixinPlatformAgentMinecraftForge for SecureJarResource(ftblibrary)
[12Jun2026 23:37:32.148] [main/DEBUG] [mixin/]: MixinPlatformAgentMinecraftForge rejected container SecureJarResource(ftblibrary)
[12Jun2026 23:37:32.148] [main/DEBUG] [mixin/]: Instancing new MixinPlatformAgentDefault for SecureJarResource(ftblibrary)
[12Jun2026 23:37:32.148] [main/DEBUG] [mixin/]: MixinPlatformAgentDefault accepted container SecureJarResource(ftblibrary)
[12Jun2026 23:37:32.148] [main/DEBUG] [mixin/]: Processing prepare() for PlatformAgent[MixinPlatformAgentDefault:SecureJarResource(ftblibrary)]
[12Jun2026 23:37:32.148] [main/DEBUG] [mixin/]: Registering mixin config: ftblibrary-common.mixins.json
[12Jun2026 23:37:32.149] [main/DEBUG] [mixin/]: Compatibility level JAVA_8 specified by ftblibrary-common.mixins.json is lower than the default level supported by the current mixin service (JAVA_16).
[12Jun2026 23:37:32.149] [main/DEBUG] [mixin/]: Adding mixin platform agents for container SecureJarResource(ferritecore)
[12Jun2026 23:37:32.149] [main/DEBUG] [mixin/]: Instancing new MixinPlatformAgentMinecraftForge for SecureJarResource(ferritecore)
[12Jun2026 23:37:32.149] [main/DEBUG] [mixin/]: MixinPlatformAgentMinecraftForge rejected container SecureJarResource(ferritecore)
[12Jun2026 23:37:32.149] [main/DEBUG] [mixin/]: Instancing new MixinPlatformAgentDefault for SecureJarResource(ferritecore)
[12Jun2026 23:37:32.149] [main/DEBUG] [mixin/]: MixinPlatformAgentDefault accepted container SecureJarResource(ferritecore)
[12Jun2026 23:37:32.149] [main/DEBUG] [mixin/]: Processing prepare() for PlatformAgent[MixinPlatformAgentDefault:SecureJarResource(ferritecore)]
[12Jun2026 23:37:32.149] [main/DEBUG] [mixin/]: Registering mixin config: ferritecore.predicates.mixin.json
[12Jun2026 23:37:32.150] [main/DEBUG] [mixin/]: Registering mixin config: ferritecore.fastmap.mixin.json
[12Jun2026 23:37:32.151] [main/DEBUG] [mixin/]: Registering mixin config: ferritecore.mrl.mixin.json
[12Jun2026 23:37:32.152] [main/DEBUG] [mixin/]: Registering mixin config: ferritecore.dedupmultipart.mixin.json
[12Jun2026 23:37:32.152] [main/DEBUG] [mixin/]: Registering mixin config: ferritecore.blockstatecache.mixin.json
[12Jun2026 23:37:32.153] [main/DEBUG] [mixin/]: Registering mixin config: ferritecore.dedupbakedquad.mixin.json
[12Jun2026 23:37:32.153] [main/DEBUG] [mixin/]: Registering mixin config: ferritecore.threaddetec.mixin.json
[12Jun2026 23:37:32.154] [main/DEBUG] [mixin/]: Registering mixin config: ferritecore.modelsides.mixin.json
[12Jun2026 23:37:32.155] [main/DEBUG] [mixin/]: Adding mixin platform agents for container SecureJarResource(cupboard)
[12Jun2026 23:37:32.155] [main/DEBUG] [mixin/]: Instancing new MixinPlatformAgentMinecraftForge for SecureJarResource(cupboard)
[12Jun2026 23:37:32.155] [main/DEBUG] [mixin/]: MixinPlatformAgentMinecraftForge rejected container SecureJarResource(cupboard)
[12Jun2026 23:37:32.155] [main/DEBUG] [mixin/]: Instancing new MixinPlatformAgentDefault for SecureJarResource(cupboard)
[12Jun2026 23:37:32.155] [main/DEBUG] [mixin/]: MixinPlatformAgentDefault accepted container SecureJarResource(cupboard)
[12Jun2026 23:37:32.155] [main/DEBUG] [mixin/]: Processing prepare() for PlatformAgent[MixinPlatformAgentDefault:SecureJarResource(cupboard)]
[12Jun2026 23:37:32.155] [main/DEBUG] [mixin/]: Registering mixin config: cupboard.mixins.json
[12Jun2026 23:37:32.156] [main/DEBUG] [mixin/]: Adding mixin platform agents for container SecureJarResource(balm)
[12Jun2026 23:37:32.156] [main/DEBUG] [mixin/]: Instancing new MixinPlatformAgentMinecraftForge for SecureJarResource(balm)
[12Jun2026 23:37:32.156] [main/DEBUG] [mixin/]: MixinPlatformAgentMinecraftForge rejected container SecureJarResource(balm)
[12Jun2026 23:37:32.156] [main/DEBUG] [mixin/]: Instancing new MixinPlatformAgentDefault for SecureJarResource(balm)
[12Jun2026 23:37:32.156] [main/DEBUG] [mixin/]: MixinPlatformAgentDefault accepted container SecureJarResource(balm)
[12Jun2026 23:37:32.156] [main/DEBUG] [mixin/]: Processing prepare() for PlatformAgent[MixinPlatformAgentDefault:SecureJarResource(balm)]
[12Jun2026 23:37:32.156] [main/DEBUG] [mixin/]: Registering mixin config: balm.mixins.json
[12Jun2026 23:37:32.157] [main/DEBUG] [mixin/]: Adding mixin platform agents for container SecureJarResource(terralith)
[12Jun2026 23:37:32.157] [main/DEBUG] [mixin/]: Instancing new MixinPlatformAgentMinecraftForge for SecureJarResource(terralith)
[12Jun2026 23:37:32.157] [main/DEBUG] [mixin/]: MixinPlatformAgentMinecraftForge rejected container SecureJarResource(terralith)
[12Jun2026 23:37:32.157] [main/DEBUG] [mixin/]: Instancing new MixinPlatformAgentDefault for SecureJarResource(terralith)
[12Jun2026 23:37:32.157] [main/DEBUG] [mixin/]: MixinPlatformAgentDefault accepted container SecureJarResource(terralith)
[12Jun2026 23:37:32.157] [main/DEBUG] [mixin/]: Processing prepare() for PlatformAgent[MixinPlatformAgentDefault:SecureJarResource(terralith)]
[12Jun2026 23:37:32.157] [main/DEBUG] [mixin/]: Adding mixin platform agents for container SecureJarResource(immersive_armors)
[12Jun2026 23:37:32.157] [main/DEBUG] [mixin/]: Instancing new MixinPlatformAgentMinecraftForge for SecureJarResource(immersive_armors)
[12Jun2026 23:37:32.157] [main/DEBUG] [mixin/]: MixinPlatformAgentMinecraftForge rejected container SecureJarResource(immersive_armors)
[12Jun2026 23:37:32.157] [main/DEBUG] [mixin/]: Instancing new MixinPlatformAgentDefault for SecureJarResource(immersive_armors)
[12Jun2026 23:37:32.157] [main/DEBUG] [mixin/]: MixinPlatformAgentDefault accepted container SecureJarResource(immersive_armors)
[12Jun2026 23:37:32.157] [main/DEBUG] [mixin/]: Processing prepare() for PlatformAgent[MixinPlatformAgentDefault:SecureJarResource(immersive_armors)]
[12Jun2026 23:37:32.157] [main/DEBUG] [mixin/]: Registering mixin config: immersive_armors.mixins.json
[12Jun2026 23:37:32.158] [main/DEBUG] [mixin/]: Adding mixin platform agents for container SecureJarResource(watut)
[12Jun2026 23:37:32.159] [main/DEBUG] [mixin/]: Instancing new MixinPlatformAgentMinecraftForge for SecureJarResource(watut)
[12Jun2026 23:37:32.159] [main/DEBUG] [mixin/]: MixinPlatformAgentMinecraftForge rejected container SecureJarResource(watut)
[12Jun2026 23:37:32.159] [main/DEBUG] [mixin/]: Instancing new MixinPlatformAgentDefault for SecureJarResource(watut)
[12Jun2026 23:37:32.159] [main/DEBUG] [mixin/]: MixinPlatformAgentDefault accepted container SecureJarResource(watut)
[12Jun2026 23:37:32.159] [main/DEBUG] [mixin/]: Processing prepare() for PlatformAgent[MixinPlatformAgentDefault:SecureJarResource(watut)]
[12Jun2026 23:37:32.159] [main/DEBUG] [mixin/]: Registering mixin config: watut.mixins.json
[12Jun2026 23:37:32.159] [main/DEBUG] [mixin/]: Adding mixin platform agents for container SecureJarResource(forge)
[12Jun2026 23:37:32.159] [main/DEBUG] [mixin/]: Instancing new MixinPlatformAgentMinecraftForge for SecureJarResource(forge)
[12Jun2026 23:37:32.159] [main/DEBUG] [mixin/]: MixinPlatformAgentMinecraftForge rejected container SecureJarResource(forge)
[12Jun2026 23:37:32.159] [main/DEBUG] [mixin/]: Instancing new MixinPlatformAgentDefault for SecureJarResource(forge)
[12Jun2026 23:37:32.159] [main/DEBUG] [mixin/]: MixinPlatformAgentDefault accepted container SecureJarResource(forge)
[12Jun2026 23:37:32.159] [main/DEBUG] [mixin/]: Processing prepare() for PlatformAgent[MixinPlatformAgentDefault:SecureJarResource(forge)]
[12Jun2026 23:37:32.159] [main/DEBUG] [mixin/]: Adding mixin platform agents for container SecureJarResource(appleskin)
[12Jun2026 23:37:32.159] [main/DEBUG] [mixin/]: Instancing new MixinPlatformAgentMinecraftForge for SecureJarResource(appleskin)
[12Jun2026 23:37:32.159] [main/DEBUG] [mixin/]: MixinPlatformAgentMinecraftForge rejected container SecureJarResource(appleskin)
[12Jun2026 23:37:32.159] [main/DEBUG] [mixin/]: Instancing new MixinPlatformAgentDefault for SecureJarResource(appleskin)
[12Jun2026 23:37:32.159] [main/DEBUG] [mixin/]: MixinPlatformAgentDefault accepted container SecureJarResource(appleskin)
[12Jun2026 23:37:32.159] [main/DEBUG] [mixin/]: Processing prepare() for PlatformAgent[MixinPlatformAgentDefault:SecureJarResource(appleskin)]
[12Jun2026 23:37:32.160] [main/DEBUG] [mixin/]: Adding mixin platform agents for container SecureJarResource(t_and_t)
[12Jun2026 23:37:32.160] [main/DEBUG] [mixin/]: Instancing new MixinPlatformAgentMinecraftForge for SecureJarResource(t_and_t)
[12Jun2026 23:37:32.160] [main/DEBUG] [mixin/]: MixinPlatformAgentMinecraftForge rejected container SecureJarResource(t_and_t)
[12Jun2026 23:37:32.160] [main/DEBUG] [mixin/]: Instancing new MixinPlatformAgentDefault for SecureJarResource(t_and_t)
[12Jun2026 23:37:32.160] [main/DEBUG] [mixin/]: MixinPlatformAgentDefault accepted container SecureJarResource(t_and_t)
[12Jun2026 23:37:32.160] [main/DEBUG] [mixin/]: Processing prepare() for PlatformAgent[MixinPlatformAgentDefault:SecureJarResource(t_and_t)]
[12Jun2026 23:37:32.160] [main/DEBUG] [mixin/]: Adding mixin platform agents for container SecureJarResource(letmedespawn)
[12Jun2026 23:37:32.160] [main/DEBUG] [mixin/]: Instancing new MixinPlatformAgentMinecraftForge for SecureJarResource(letmedespawn)
[12Jun2026 23:37:32.160] [main/DEBUG] [mixin/]: MixinPlatformAgentMinecraftForge rejected container SecureJarResource(letmedespawn)
[12Jun2026 23:37:32.160] [main/DEBUG] [mixin/]: Instancing new MixinPlatformAgentDefault for SecureJarResource(letmedespawn)
[12Jun2026 23:37:32.160] [main/DEBUG] [mixin/]: MixinPlatformAgentDefault accepted container SecureJarResource(letmedespawn)
[12Jun2026 23:37:32.160] [main/DEBUG] [mixin/]: Processing prepare() for PlatformAgent[MixinPlatformAgentDefault:SecureJarResource(letmedespawn)]
[12Jun2026 23:37:32.160] [main/DEBUG] [mixin/]: Registering mixin config: letmedespawn.mixins.json
[12Jun2026 23:37:32.160] [main/DEBUG] [mixin/]: Adding mixin platform agents for container SecureJarResource(valhelsia_core)
[12Jun2026 23:37:32.160] [main/DEBUG] [mixin/]: Instancing new MixinPlatformAgentMinecraftForge for SecureJarResource(valhelsia_core)
[12Jun2026 23:37:32.160] [main/DEBUG] [mixin/]: MixinPlatformAgentMinecraftForge rejected container SecureJarResource(valhelsia_core)
[12Jun2026 23:37:32.160] [main/DEBUG] [mixin/]: Instancing new MixinPlatformAgentDefault for SecureJarResource(valhelsia_core)
[12Jun2026 23:37:32.160] [main/DEBUG] [mixin/]: MixinPlatformAgentDefault accepted container SecureJarResource(valhelsia_core)
[12Jun2026 23:37:32.160] [main/DEBUG] [mixin/]: Processing prepare() for PlatformAgent[MixinPlatformAgentDefault:SecureJarResource(valhelsia_core)]
[12Jun2026 23:37:32.160] [main/DEBUG] [mixin/]: Registering mixin config: valhelsia_core-common.mixins.json
[12Jun2026 23:37:32.161] [main/DEBUG] [mixin/]: Registering mixin config: valhelsia_core.mixins.json
[12Jun2026 23:37:32.162] [main/DEBUG] [mixin/]: Adding mixin platform agents for container SecureJarResource(skinrestorer)
[12Jun2026 23:37:32.162] [main/DEBUG] [mixin/]: Instancing new MixinPlatformAgentMinecraftForge for SecureJarResource(skinrestorer)
[12Jun2026 23:37:32.162] [main/DEBUG] [mixin/]: MixinPlatformAgentMinecraftForge rejected container SecureJarResource(skinrestorer)
[12Jun2026 23:37:32.162] [main/DEBUG] [mixin/]: Instancing new MixinPlatformAgentDefault for SecureJarResource(skinrestorer)
[12Jun2026 23:37:32.162] [main/DEBUG] [mixin/]: MixinPlatformAgentDefault accepted container SecureJarResource(skinrestorer)
[12Jun2026 23:37:32.162] [main/DEBUG] [mixin/]: Processing prepare() for PlatformAgent[MixinPlatformAgentDefault:SecureJarResource(skinrestorer)]
[12Jun2026 23:37:32.162] [main/DEBUG] [mixin/]: Registering mixin config: skinrestorer.mixins.json
[12Jun2026 23:37:32.163] [main/DEBUG] [mixin/]: Adding mixin platform agents for container SecureJarResource(tectonic)
[12Jun2026 23:37:32.163] [main/DEBUG] [mixin/]: Instancing new MixinPlatformAgentMinecraftForge for SecureJarResource(tectonic)
[12Jun2026 23:37:32.163] [main/DEBUG] [mixin/]: MixinPlatformAgentMinecraftForge rejected container SecureJarResource(tectonic)
[12Jun2026 23:37:32.163] [main/DEBUG] [mixin/]: Instancing new MixinPlatformAgentDefault for SecureJarResource(tectonic)
[12Jun2026 23:37:32.163] [main/DEBUG] [mixin/]: MixinPlatformAgentDefault accepted container SecureJarResource(tectonic)
[12Jun2026 23:37:32.163] [main/DEBUG] [mixin/]: Processing prepare() for PlatformAgent[MixinPlatformAgentDefault:SecureJarResource(tectonic)]
[12Jun2026 23:37:32.163] [main/DEBUG] [mixin/]: Registering mixin config: tectonic.mixins.json
[12Jun2026 23:37:32.164] [main/DEBUG] [mixin/]: Registering mixin config: tectonic_1.20.1.mixins.json
[12Jun2026 23:37:32.164] [main/DEBUG] [mixin/]: Adding mixin platform agents for container SecureJarResource(cristellib)
[12Jun2026 23:37:32.164] [main/DEBUG] [mixin/]: Instancing new MixinPlatformAgentMinecraftForge for SecureJarResource(cristellib)
[12Jun2026 23:37:32.164] [main/DEBUG] [mixin/]: MixinPlatformAgentMinecraftForge rejected container SecureJarResource(cristellib)
[12Jun2026 23:37:32.164] [main/DEBUG] [mixin/]: Instancing new MixinPlatformAgentDefault for SecureJarResource(cristellib)
[12Jun2026 23:37:32.164] [main/DEBUG] [mixin/]: MixinPlatformAgentDefault accepted container SecureJarResource(cristellib)
[12Jun2026 23:37:32.164] [main/DEBUG] [mixin/]: Processing prepare() for PlatformAgent[MixinPlatformAgentDefault:SecureJarResource(cristellib)]
[12Jun2026 23:37:32.164] [main/DEBUG] [mixin/]: Registering mixin config: cristellib-common.mixins.json
[12Jun2026 23:37:32.165] [main/DEBUG] [mixin/]: Registering mixin config: cristellib.mixins.json
[12Jun2026 23:37:32.165] [main/DEBUG] [mixin/]: Adding mixin platform agents for container SecureJarResource(jankson)
[12Jun2026 23:37:32.166] [main/DEBUG] [mixin/]: Instancing new MixinPlatformAgentMinecraftForge for SecureJarResource(jankson)
[12Jun2026 23:37:32.166] [main/DEBUG] [mixin/]: MixinPlatformAgentMinecraftForge rejected container SecureJarResource(jankson)
[12Jun2026 23:37:32.166] [main/DEBUG] [mixin/]: Instancing new MixinPlatformAgentDefault for SecureJarResource(jankson)
[12Jun2026 23:37:32.166] [main/DEBUG] [mixin/]: MixinPlatformAgentDefault accepted container SecureJarResource(jankson)
[12Jun2026 23:37:32.166] [main/DEBUG] [mixin/]: Processing prepare() for PlatformAgent[MixinPlatformAgentDefault:SecureJarResource(jankson)]
[12Jun2026 23:37:32.166] [main/DEBUG] [mixin/]: Adding mixin platform agents for container SecureJarResource(java.client.SNAPSHOT)
[12Jun2026 23:37:32.166] [main/DEBUG] [mixin/]: Instancing new MixinPlatformAgentMinecraftForge for SecureJarResource(java.client.SNAPSHOT)
[12Jun2026 23:37:32.166] [main/DEBUG] [mixin/]: MixinPlatformAgentMinecraftForge rejected container SecureJarResource(java.client.SNAPSHOT)
[12Jun2026 23:37:32.166] [main/DEBUG] [mixin/]: Instancing new MixinPlatformAgentDefault for SecureJarResource(java.client.SNAPSHOT)
[12Jun2026 23:37:32.166] [main/DEBUG] [mixin/]: MixinPlatformAgentDefault accepted container SecureJarResource(java.client.SNAPSHOT)
[12Jun2026 23:37:32.166] [main/DEBUG] [mixin/]: Processing prepare() for PlatformAgent[MixinPlatformAgentDefault:SecureJarResource(java.client.SNAPSHOT)]
[12Jun2026 23:37:32.166] [main/DEBUG] [mixin/]: Adding mixin platform agents for container SecureJarResource(MixinExtras)
[12Jun2026 23:37:32.166] [main/DEBUG] [mixin/]: Instancing new MixinPlatformAgentMinecraftForge for SecureJarResource(MixinExtras)
[12Jun2026 23:37:32.166] [main/DEBUG] [mixin/]: MixinPlatformAgentMinecraftForge rejected container SecureJarResource(MixinExtras)
[12Jun2026 23:37:32.166] [main/DEBUG] [mixin/]: Instancing new MixinPlatformAgentDefault for SecureJarResource(MixinExtras)
[12Jun2026 23:37:32.166] [main/DEBUG] [mixin/]: MixinPlatformAgentDefault accepted container SecureJarResource(MixinExtras)
[12Jun2026 23:37:32.166] [main/DEBUG] [mixin/]: Processing prepare() for PlatformAgent[MixinPlatformAgentDefault:SecureJarResource(MixinExtras)]
[12Jun2026 23:37:32.166] [main/DEBUG] [mixin/]: Adding mixin platform agents for container SecureJarResource(runtime._1._20._1)
[12Jun2026 23:37:32.166] [main/DEBUG] [mixin/]: Instancing new MixinPlatformAgentMinecraftForge for SecureJarResource(runtime._1._20._1)
[12Jun2026 23:37:32.166] [main/DEBUG] [mixin/]: MixinPlatformAgentMinecraftForge rejected container SecureJarResource(runtime._1._20._1)
[12Jun2026 23:37:32.166] [main/DEBUG] [mixin/]: Instancing new MixinPlatformAgentDefault for SecureJarResource(runtime._1._20._1)
[12Jun2026 23:37:32.166] [main/DEBUG] [mixin/]: MixinPlatformAgentDefault accepted container SecureJarResource(runtime._1._20._1)
[12Jun2026 23:37:32.166] [main/DEBUG] [mixin/]: Processing prepare() for PlatformAgent[MixinPlatformAgentDefault:SecureJarResource(runtime._1._20._1)]
[12Jun2026 23:37:32.166] [main/DEBUG] [mixin/]: Registering mixin config: adapter.init.mixins.json
[12Jun2026 23:37:32.166] [main/DEBUG] [mixin/]: Adding mixin platform agents for container SecureJarResource(connector$authlib)
[12Jun2026 23:37:32.166] [main/DEBUG] [mixin/]: Instancing new MixinPlatformAgentMinecraftForge for SecureJarResource(connector$authlib)
[12Jun2026 23:37:32.166] [main/DEBUG] [mixin/]: MixinPlatformAgentMinecraftForge rejected container SecureJarResource(connector$authlib)
[12Jun2026 23:37:32.166] [main/DEBUG] [mixin/]: Instancing new MixinPlatformAgentDefault for SecureJarResource(connector$authlib)
[12Jun2026 23:37:32.166] [main/DEBUG] [mixin/]: MixinPlatformAgentDefault accepted container SecureJarResource(connector$authlib)
[12Jun2026 23:37:32.167] [main/DEBUG] [mixin/]: Processing prepare() for PlatformAgent[MixinPlatformAgentDefault:SecureJarResource(connector$authlib)]
[12Jun2026 23:37:32.167] [main/DEBUG] [mixin/]: inject() running with 42 agents
[12Jun2026 23:37:32.167] [main/DEBUG] [mixin/]: Processing inject() for PlatformAgent[MixinPlatformAgentDefault:ModLauncher Root Container(ModLauncher:4f56a0a2)]
[12Jun2026 23:37:32.167] [main/DEBUG] [mixin/]: Processing inject() for PlatformAgent[MixinPlatformAgentDefault:SecureJarResource(mixin_generated_classes)]
[12Jun2026 23:37:32.167] [main/DEBUG] [mixin/]: Processing inject() for PlatformAgent[MixinPlatformAgentDefault:SecureJarResource(minecraft)]
[12Jun2026 23:37:32.167] [main/DEBUG] [mixin/]: Processing inject() for PlatformAgent[MixinPlatformAgentDefault:SecureJarResource(smoothchunk)]
[12Jun2026 23:37:32.167] [main/DEBUG] [mixin/]: Processing inject() for PlatformAgent[MixinPlatformAgentDefault:SecureJarResource(trade_cycling)]
[12Jun2026 23:37:32.167] [main/DEBUG] [mixin/]: Processing inject() for PlatformAgent[MixinPlatformAgentDefault:SecureJarResource(kuma_api)]
[12Jun2026 23:37:32.167] [main/DEBUG] [mixin/]: Processing inject() for PlatformAgent[MixinPlatformAgentDefault:SecureJarResource(almanac)]
[12Jun2026 23:37:32.167] [main/DEBUG] [mixin/]: Processing inject() for PlatformAgent[MixinPlatformAgentDefault:SecureJarResource(valhelsia_structures)]
[12Jun2026 23:37:32.167] [main/DEBUG] [mixin/]: Processing inject() for PlatformAgent[MixinPlatformAgentDefault:SecureJarResource(chunky)]
[12Jun2026 23:37:32.167] [main/DEBUG] [mixin/]: Processing inject() for PlatformAgent[MixinPlatformAgentDefault:SecureJarResource(lithostitched)]
[12Jun2026 23:37:32.167] [main/DEBUG] [mixin/]: Processing inject() for PlatformAgent[MixinPlatformAgentDefault:SecureJarResource(xaerolib)]
[12Jun2026 23:37:32.167] [main/DEBUG] [mixin/]: Processing inject() for PlatformAgent[MixinPlatformAgentDefault:SecureJarResource(connectivity)]
[12Jun2026 23:37:32.167] [main/DEBUG] [mixin/]: Processing inject() for PlatformAgent[MixinPlatformAgentDefault:SecureJarResource(xaerominimap)]
[12Jun2026 23:37:32.167] [main/DEBUG] [mixin/]: Processing inject() for PlatformAgent[MixinPlatformAgentDefault:SecureJarResource(waystones)]
[12Jun2026 23:37:32.167] [main/DEBUG] [mixin/]: Processing inject() for PlatformAgent[MixinPlatformAgentDefault:SecureJarResource(gravestone)]
[12Jun2026 23:37:32.167] [main/DEBUG] [mixin/]: Processing inject() for PlatformAgent[MixinPlatformAgentDefault:SecureJarResource(travelersbackpack)]
[12Jun2026 23:37:32.167] [main/DEBUG] [mixin/]: Processing inject() for PlatformAgent[MixinPlatformAgentDefault:SecureJarResource(plasmovoice)]
[12Jun2026 23:37:32.167] [main/DEBUG] [mixin/]: Processing inject() for PlatformAgent[MixinPlatformAgentDefault:SecureJarResource(mixinextras)]
[12Jun2026 23:37:32.167] [main/DEBUG] [mixin/]: Processing inject() for PlatformAgent[MixinPlatformAgentDefault:SecureJarResource(ftbultimine)]
[12Jun2026 23:37:32.167] [main/DEBUG] [mixin/]: Processing inject() for PlatformAgent[MixinPlatformAgentDefault:SecureJarResource(connectormod)]
[12Jun2026 23:37:32.167] [main/DEBUG] [mixin/]: Processing inject() for PlatformAgent[MixinPlatformAgentDefault:SecureJarResource(coroutil)]
[12Jun2026 23:37:32.167] [main/DEBUG] [mixin/]: Processing inject() for PlatformAgent[MixinPlatformAgentDefault:SecureJarResource(architectury)]
[12Jun2026 23:37:32.167] [main/DEBUG] [mixin/]: Processing inject() for PlatformAgent[MixinPlatformAgentDefault:SecureJarResource(ftblibrary)]
[12Jun2026 23:37:32.167] [main/DEBUG] [mixin/]: Processing inject() for PlatformAgent[MixinPlatformAgentDefault:SecureJarResource(ferritecore)]
[12Jun2026 23:37:32.167] [main/DEBUG] [mixin/]: Processing inject() for PlatformAgent[MixinPlatformAgentDefault:SecureJarResource(cupboard)]
[12Jun2026 23:37:32.167] [main/DEBUG] [mixin/]: Processing inject() for PlatformAgent[MixinPlatformAgentDefault:SecureJarResource(balm)]
[12Jun2026 23:37:32.168] [main/DEBUG] [mixin/]: Processing inject() for PlatformAgent[MixinPlatformAgentDefault:SecureJarResource(terralith)]
[12Jun2026 23:37:32.168] [main/DEBUG] [mixin/]: Processing inject() for PlatformAgent[MixinPlatformAgentDefault:SecureJarResource(immersive_armors)]
[12Jun2026 23:37:32.168] [main/DEBUG] [mixin/]: Processing inject() for PlatformAgent[MixinPlatformAgentDefault:SecureJarResource(watut)]
[12Jun2026 23:37:32.168] [main/DEBUG] [mixin/]: Processing inject() for PlatformAgent[MixinPlatformAgentDefault:SecureJarResource(forge)]
[12Jun2026 23:37:32.168] [main/DEBUG] [mixin/]: Processing inject() for PlatformAgent[MixinPlatformAgentDefault:SecureJarResource(appleskin)]
[12Jun2026 23:37:32.168] [main/DEBUG] [mixin/]: Processing inject() for PlatformAgent[MixinPlatformAgentDefault:SecureJarResource(t_and_t)]
[12Jun2026 23:37:32.168] [main/DEBUG] [mixin/]: Processing inject() for PlatformAgent[MixinPlatformAgentDefault:SecureJarResource(letmedespawn)]
[12Jun2026 23:37:32.168] [main/DEBUG] [mixin/]: Processing inject() for PlatformAgent[MixinPlatformAgentDefault:SecureJarResource(valhelsia_core)]
[12Jun2026 23:37:32.168] [main/DEBUG] [mixin/]: Processing inject() for PlatformAgent[MixinPlatformAgentDefault:SecureJarResource(skinrestorer)]
[12Jun2026 23:37:32.168] [main/DEBUG] [mixin/]: Processing inject() for PlatformAgent[MixinPlatformAgentDefault:SecureJarResource(tectonic)]
[12Jun2026 23:37:32.168] [main/DEBUG] [mixin/]: Processing inject() for PlatformAgent[MixinPlatformAgentDefault:SecureJarResource(cristellib)]
[12Jun2026 23:37:32.168] [main/DEBUG] [mixin/]: Processing inject() for PlatformAgent[MixinPlatformAgentDefault:SecureJarResource(jankson)]
[12Jun2026 23:37:32.168] [main/DEBUG] [mixin/]: Processing inject() for PlatformAgent[MixinPlatformAgentDefault:SecureJarResource(java.client.SNAPSHOT)]
[12Jun2026 23:37:32.168] [main/DEBUG] [mixin/]: Processing inject() for PlatformAgent[MixinPlatformAgentDefault:SecureJarResource(MixinExtras)]
[12Jun2026 23:37:32.168] [main/DEBUG] [mixin/]: Processing inject() for PlatformAgent[MixinPlatformAgentDefault:SecureJarResource(runtime._1._20._1)]
[12Jun2026 23:37:32.168] [main/DEBUG] [mixin/]: Processing inject() for PlatformAgent[MixinPlatformAgentDefault:SecureJarResource(connector$authlib)]
[12Jun2026 23:37:32.247] [main/DEBUG] [mixin/]: Error cleaning class output directory: .mixin.out
[12Jun2026 23:37:32.249] [main/DEBUG] [mixin/]: Preparing mixins for MixinEnvironment[PREINIT]
[12Jun2026 23:37:32.256] [main/INFO] [mixin/]: Successfully loaded Mixin Connector [de.maxhenkel.tradecycling.MixinConnector]
[12Jun2026 23:37:32.259] [main/DEBUG] [org.sinytra.connector.loader.ConnectorEarlyLoader/]: Starting early connector loader setup
[12Jun2026 23:37:32.268] [main/INFO] [cpw.mods.modlauncher.LaunchServiceHandler/MODLAUNCHER]: Launching target 'forgeserver' with arguments []
[12Jun2026 23:37:32.270] [main/DEBUG] [mixin/]: Preparing mixins for MixinEnvironment[DEFAULT]
[12Jun2026 23:37:32.270] [main/DEBUG] [mixin/]: Selecting config smoothchunk.mixins.json
[12Jun2026 23:37:32.278] [main/DEBUG] [mixin/]: Selecting config kuma_api.mixins.json
[12Jun2026 23:37:32.279] [main/DEBUG] [mixin/]: Selecting config kuma_api.forge.mixins.json
[12Jun2026 23:37:32.280] [main/DEBUG] [mixin/]: Selecting config almanac.mixins.json
[12Jun2026 23:37:32.280] [main/DEBUG] [mixin/]: Selecting config valhelsia_structures.mixins.json
[12Jun2026 23:37:32.281] [main/DEBUG] [mixin/]: Selecting config lithostitched.mixins.json
[12Jun2026 23:37:32.282] [main/DEBUG] [mixin/]: Selecting config lithostitched.forge.mixins.json
[12Jun2026 23:37:32.283] [main/DEBUG] [mixin/]: Selecting config xaerolib.mixins.json
[12Jun2026 23:37:32.285] [main/DEBUG] [mixin/]: Selecting config xaerolib.forge.mixins.json
[12Jun2026 23:37:32.286] [main/DEBUG] [mixin/]: Selecting config connectivity.mixins.json
[12Jun2026 23:37:32.289] [main/DEBUG] [mixin/]: Selecting config xaerohud.mixins.json
[12Jun2026 23:37:32.290] [main/DEBUG] [mixin/]: Selecting config xaerohud.forge.mixins.json
[12Jun2026 23:37:32.291] [main/DEBUG] [mixin/]: Selecting config xaerominimap.mixins.json
[12Jun2026 23:37:32.291] [main/DEBUG] [mixin/]: Selecting config xaerominimap.forge.mixins.json
[12Jun2026 23:37:32.292] [main/DEBUG] [mixin/]: Selecting config waystones.mixins.json
[12Jun2026 23:37:32.293] [main/DEBUG] [mixin/]: Selecting config mixins.travelersbackpack.json
[12Jun2026 23:37:32.293] [main/DEBUG] [mixin/]: Selecting config plasmovoice.mixins.json
[12Jun2026 23:37:32.294] [main/DEBUG] [mixin/]: Selecting config slib.mixins.json
[12Jun2026 23:37:32.294] [main/WARN] [mixin/]: Reference map 'slib-forge-1.20.1-modded_1.20.1-forge-refmap.json' for slib.mixins.json could not be read. If this is a development environment you can ignore this message
[12Jun2026 23:37:32.294] [main/DEBUG] [mixin/]: Selecting config slib-forge.mixins.json
[12Jun2026 23:37:32.295] [main/WARN] [mixin/]: Reference map 'slib-forge-1.20.1-modded_1.20.1-forge-refmap.json' for slib-forge.mixins.json could not be read. If this is a development environment you can ignore this message
[12Jun2026 23:37:32.295] [main/DEBUG] [mixin/]: Selecting config mixinextras.init.mixins.json
[12Jun2026 23:37:32.334] [main/DEBUG] [MixinExtras|Service/]: com.llamalad7.mixinextras.service.MixinExtrasServiceImpl(version=0.3.2) is taking over from null
[12Jun2026 23:37:32.369] [main/DEBUG] [mixin/]: Registering new injector for @Inject with org.spongepowered.asm.mixin.injection.struct.CallbackInjectionInfo
[12Jun2026 23:37:32.369] [main/DEBUG] [mixin/]: Registering new injector for @ModifyArg with org.spongepowered.asm.mixin.injection.struct.ModifyArgInjectionInfo
[12Jun2026 23:37:32.370] [main/DEBUG] [mixin/]: Registering new injector for @ModifyArgs with org.spongepowered.asm.mixin.injection.struct.ModifyArgsInjectionInfo
[12Jun2026 23:37:32.371] [main/DEBUG] [mixin/]: Registering new injector for @Redirect with org.spongepowered.asm.mixin.injection.struct.RedirectInjectionInfo
[12Jun2026 23:37:32.372] [main/DEBUG] [mixin/]: Registering new injector for @ModifyVariable with org.spongepowered.asm.mixin.injection.struct.ModifyVariableInjectionInfo
[12Jun2026 23:37:32.373] [main/DEBUG] [mixin/]: Registering new injector for @ModifyConstant with org.spongepowered.asm.mixin.injection.struct.ModifyConstantInjectionInfo
[12Jun2026 23:37:32.382] [main/DEBUG] [mixin/]: Selecting config ftbultimine-common.mixins.json
[12Jun2026 23:37:32.383] [main/DEBUG] [mixin/]: Selecting config connectormod.mixins.json
[12Jun2026 23:37:32.387] [main/DEBUG] [mixin/]: Selecting config coroutil.mixins.json
[12Jun2026 23:37:32.388] [main/WARN] [mixin/]: Reference map 'coroutil.refmap.json' for coroutil.mixins.json could not be read. If this is a development environment you can ignore this message
[12Jun2026 23:37:32.388] [main/DEBUG] [mixin/]: Selecting config architectury.mixins.json
[12Jun2026 23:37:32.390] [main/DEBUG] [mixin/]: Selecting config architectury-common.mixins.json
[12Jun2026 23:37:32.390] [main/DEBUG] [mixin/]: Selecting config ftblibrary-common.mixins.json
[12Jun2026 23:37:32.391] [main/DEBUG] [mixin/]: Selecting config ferritecore.predicates.mixin.json
[12Jun2026 23:37:32.403] [main/DEBUG] [mixin/]: Selecting config ferritecore.fastmap.mixin.json
[12Jun2026 23:37:32.405] [main/DEBUG] [mixin/]: Selecting config ferritecore.mrl.mixin.json
[12Jun2026 23:37:32.407] [main/DEBUG] [mixin/]: Selecting config ferritecore.dedupmultipart.mixin.json
[12Jun2026 23:37:32.409] [main/DEBUG] [mixin/]: Selecting config ferritecore.blockstatecache.mixin.json
[12Jun2026 23:37:32.410] [main/DEBUG] [mixin/]: Selecting config ferritecore.dedupbakedquad.mixin.json
[12Jun2026 23:37:32.412] [main/DEBUG] [mixin/]: Selecting config ferritecore.threaddetec.mixin.json
[12Jun2026 23:37:32.414] [main/DEBUG] [mixin/]: Selecting config ferritecore.modelsides.mixin.json
[12Jun2026 23:37:32.415] [main/DEBUG] [mixin/]: Selecting config cupboard.mixins.json
[12Jun2026 23:37:32.416] [main/DEBUG] [mixin/]: Selecting config balm.mixins.json
[12Jun2026 23:37:32.417] [main/DEBUG] [mixin/]: Selecting config immersive_armors.mixins.json
[12Jun2026 23:37:32.418] [main/DEBUG] [mixin/]: Selecting config watut.mixins.json
[12Jun2026 23:37:32.418] [main/DEBUG] [mixin/]: Selecting config letmedespawn.mixins.json
[12Jun2026 23:37:32.419] [main/DEBUG] [mixin/]: Selecting config valhelsia_core-common.mixins.json
[12Jun2026 23:37:32.419] [main/DEBUG] [mixin/]: Selecting config valhelsia_core.mixins.json
[12Jun2026 23:37:32.420] [main/DEBUG] [mixin/]: Selecting config skinrestorer.mixins.json
[12Jun2026 23:37:32.420] [main/DEBUG] [mixin/]: Selecting config tectonic.mixins.json
[12Jun2026 23:37:32.420] [main/DEBUG] [mixin/]: Selecting config tectonic_1.20.1.mixins.json
[12Jun2026 23:37:32.420] [main/DEBUG] [mixin/]: Selecting config cristellib-common.mixins.json
[12Jun2026 23:37:32.422] [main/DEBUG] [mixin/]: Selecting config cristellib.mixins.json
[12Jun2026 23:37:32.423] [main/WARN] [mixin/]: Reference map 'cristellib-forge-refmap.json' for cristellib.mixins.json could not be read. If this is a development environment you can ignore this message
[12Jun2026 23:37:32.423] [main/DEBUG] [mixin/]: Selecting config adapter.init.mixins.json
[12Jun2026 23:37:32.431] [main/DEBUG] [mixin/]: Registering new injector for @ModifyInstanceofValue with org.sinytra.adapter.runtime.inject.ModifyInstanceofValueInjectionInfo
[12Jun2026 23:37:32.432] [main/WARN] [mixin/]: Reference map '' for adapter.init.mixins.json could not be read. If this is a development environment you can ignore this message
[12Jun2026 23:37:32.432] [main/DEBUG] [mixin/]: Selecting config assets/trade_cycling/trade_cycling.mixins.json
[12Jun2026 23:37:32.434] [main/DEBUG] [mixin/]: Preparing connectivity.mixins.json (31)
[12Jun2026 23:37:32.513] [main/DEBUG] [mixin/]: Preparing smoothchunk.mixins.json (5)
[12Jun2026 23:37:32.535] [main/DEBUG] [mixin/]: Preparing kuma_api.mixins.json (1)
[12Jun2026 23:37:32.535] [main/DEBUG] [mixin/]: Preparing kuma_api.forge.mixins.json (0)
[12Jun2026 23:37:32.535] [main/DEBUG] [mixin/]: Preparing almanac.mixins.json (2)
[12Jun2026 23:37:32.554] [main/DEBUG] [mixin/]: Preparing valhelsia_structures.mixins.json (8)
[12Jun2026 23:37:32.561] [main/DEBUG] [net.minecraftforge.coremod.transformer.CoreModBaseTransformer/COREMOD]: Transforming net/minecraft/world/item/BucketItem
[12Jun2026 23:37:32.576] [main/DEBUG] [mixin/]: Preparing lithostitched.mixins.json (18)
[12Jun2026 23:37:32.598] [main/DEBUG] [net.minecraftforge.coremod.transformer.CoreModBaseTransformer/COREMOD]: Transforming net/minecraft/world/level/levelgen/structure/templatesystem/StructureTemplate
[12Jun2026 23:37:32.781] [main/DEBUG] [mixin/]: Preparing lithostitched.forge.mixins.json (2)
[12Jun2026 23:37:32.784] [main/DEBUG] [mixin/]: Preparing xaerolib.mixins.json (5)
[12Jun2026 23:37:32.796] [main/DEBUG] [mixin/]: Preparing xaerolib.forge.mixins.json (0)
[12Jun2026 23:37:32.796] [main/DEBUG] [mixin/]: Preparing xaerohud.mixins.json (21)
[12Jun2026 23:37:32.803] [main/DEBUG] [mixin/]: Preparing xaerohud.forge.mixins.json (0)
[12Jun2026 23:37:32.803] [main/DEBUG] [mixin/]: Preparing xaerominimap.mixins.json (0)
[12Jun2026 23:37:32.803] [main/DEBUG] [mixin/]: Preparing xaerominimap.forge.mixins.json (0)
[12Jun2026 23:37:32.803] [main/DEBUG] [mixin/]: Preparing waystones.mixins.json (3)
[12Jun2026 23:37:32.807] [main/DEBUG] [mixin/]: Preparing mixins.travelersbackpack.json (2)
[12Jun2026 23:37:32.814] [main/DEBUG] [mixin/]: Preparing plasmovoice.mixins.json (9)
[12Jun2026 23:37:32.814] [main/DEBUG] [mixin/]: Preparing slib.mixins.json (2)
[12Jun2026 23:37:32.816] [main/DEBUG] [mixin/]: Preparing slib-forge.mixins.json (1)
[12Jun2026 23:37:32.817] [main/DEBUG] [mixin/]: Preparing mixinextras.init.mixins.json (0)
[12Jun2026 23:37:32.817] [main/DEBUG] [mixin/]: Preparing ftbultimine-common.mixins.json (3)
[12Jun2026 23:37:32.822] [main/DEBUG] [mixin/]: Preparing connectormod.mixins.json (40)
[12Jun2026 23:37:32.840] [main/DEBUG] [net.minecraftforge.coremod.transformer.CoreModBaseTransformer/COREMOD]: Transforming net/minecraft/world/item/ItemStack
[12Jun2026 23:37:32.882] [main/DEBUG] [mixin/]: Preparing coroutil.mixins.json (0)
[12Jun2026 23:37:32.882] [main/DEBUG] [mixin/]: Preparing architectury.mixins.json (9)
[12Jun2026 23:37:32.889] [main/DEBUG] [mixin/]: Preparing architectury-common.mixins.json (10)
[12Jun2026 23:37:32.893] [main/DEBUG] [net.minecraftforge.coremod.transformer.CoreModBaseTransformer/COREMOD]: Transforming net/minecraft/world/entity/EntityType
[12Jun2026 23:37:32.922] [main/DEBUG] [net.minecraftforge.coremod.transformer.CoreModBaseTransformer/COREMOD]: Transforming net/minecraft/world/level/block/LiquidBlock
[12Jun2026 23:37:32.927] [main/DEBUG] [mixin/]: Preparing ftblibrary-common.mixins.json (5)
[12Jun2026 23:37:32.930] [main/DEBUG] [mixin/]: Preparing ferritecore.predicates.mixin.json (3)
[12Jun2026 23:37:32.931] [main/DEBUG] [mixin/]: Preparing ferritecore.fastmap.mixin.json (1)
[12Jun2026 23:37:32.932] [main/DEBUG] [mixin/]: Preparing ferritecore.mrl.mixin.json (2)
[12Jun2026 23:37:32.932] [main/DEBUG] [mixin/]: Preparing ferritecore.dedupmultipart.mixin.json (2)
[12Jun2026 23:37:32.932] [main/DEBUG] [mixin/]: Preparing ferritecore.blockstatecache.mixin.json (8)
[12Jun2026 23:37:32.941] [main/DEBUG] [mixin/]: Preparing ferritecore.dedupbakedquad.mixin.json (2)
[12Jun2026 23:37:32.941] [main/DEBUG] [mixin/]: Preparing ferritecore.threaddetec.mixin.json (1)
[12Jun2026 23:37:32.942] [main/DEBUG] [mixin/]: Preparing ferritecore.modelsides.mixin.json (1)
[12Jun2026 23:37:32.942] [main/DEBUG] [mixin/]: Preparing cupboard.mixins.json (5)
[12Jun2026 23:37:32.950] [main/DEBUG] [mixin/]: Preparing balm.mixins.json (16)
[12Jun2026 23:37:32.958] [main/DEBUG] [mixin/]: Preparing immersive_armors.mixins.json (10)
[12Jun2026 23:37:32.967] [main/DEBUG] [net.minecraftforge.coremod.transformer.CoreModBaseTransformer/COREMOD]: Transforming m_147215_ with desc (Lnet/minecraft/world/effect/MobEffectInstance;Lnet/minecraft/world/entity/Entity;)V
[12Jun2026 23:37:32.982] [main/DEBUG] [net.minecraftforge.coremod.CoreMod.connectormod/COREMODLOG]: Expanded local variable scope for LivingEntity#forceAddEffect index 3
[12Jun2026 23:37:32.982] [main/DEBUG] [net.minecraftforge.coremod.transformer.CoreModBaseTransformer/COREMOD]: Transforming m_6672_ with desc (Lnet/minecraft/world/InteractionHand;)V
[12Jun2026 23:37:33.022] [main/DEBUG] [mixin/]: Preparing watut.mixins.json (9)
[12Jun2026 23:37:33.026] [main/DEBUG] [mixin/]: Preparing letmedespawn.mixins.json (1)
[12Jun2026 23:37:33.027] [main/DEBUG] [mixin/]: Preparing valhelsia_core-common.mixins.json (3)
[12Jun2026 23:37:33.031] [main/DEBUG] [mixin/]: Preparing valhelsia_core.mixins.json (1)
[12Jun2026 23:37:33.032] [main/DEBUG] [mixin/]: Preparing tectonic.mixins.json (13)
[12Jun2026 23:37:33.035] [main/DEBUG] [net.minecraftforge.coremod.transformer.CoreModBaseTransformer/COREMOD]: Transforming net/minecraft/world/level/biome/Biome
[12Jun2026 23:37:33.052] [main/DEBUG] [mixin/]: Preparing tectonic_1.20.1.mixins.json (3)
[12Jun2026 23:37:33.055] [main/DEBUG] [mixin/]: Preparing cristellib-common.mixins.json (1)
[12Jun2026 23:37:33.057] [main/DEBUG] [mixin/]: Preparing cristellib.mixins.json (0)
[12Jun2026 23:37:33.057] [main/DEBUG] [mixin/]: Preparing adapter.init.mixins.json (0)
[12Jun2026 23:37:33.057] [main/DEBUG] [mixin/]: Preparing assets/trade_cycling/trade_cycling.mixins.json (3)
[12Jun2026 23:37:33.059] [main/DEBUG] [net.minecraftforge.coremod.transformer.CoreModBaseTransformer/COREMOD]: Transforming net/minecraft/world/entity/npc/Villager
[12Jun2026 23:37:33.101] [main/DEBUG] [mixin/]: Preparing skinrestorer.mixins.json (6)
[12Jun2026 23:37:33.139] [main/DEBUG] [mixin/]: Inner class com/connectivity/mixin/malformedtraffic/ChannelHandler$1 in com/connectivity/mixin/malformedtraffic/ChannelHandler on net/minecraft/server/network/ServerConnectionListener$1 gets unique name net/minecraft/server/network/ServerConnectionListener$1$Anonymous$adbac486f569451aa699c53e3afaf839
[12Jun2026 23:37:33.179] [main/DEBUG] [mixin/]: Inner class immersive_armors/mixin/MobEntityMixin$1 in immersive_armors/mixin/MobEntityMixin on net/minecraft/world/entity/Mob gets unique name net/minecraft/world/entity/Mob$Anonymous$221aed5bbc5642a6b29bc722c9c226c2
[12Jun2026 23:37:33.186] [main/DEBUG] [mixin/]: Prepared 171 mixins in 0.915 sec (5.4ms avg) (0ms load, 0ms transform, 0ms plugin)
[12Jun2026 23:37:33.186] [main/DEBUG] [org.sinytra.connector.loader.ConnectorEarlyLoader/]: Running prelaunch entrypoint
[12Jun2026 23:37:33.191] [main/INFO] [MixinExtras|Service/]: Initializing MixinExtras via com.llamalad7.mixinextras.service.MixinExtrasServiceImpl(version=0.3.2).
[12Jun2026 23:37:33.193] [main/DEBUG] [mixin/]: Registering new injector for @SugarWrapper with com.llamalad7.mixinextras.sugar.impl.SugarWrapperInjectionInfo
[12Jun2026 23:37:33.193] [main/DEBUG] [mixin/]: Registering new injector for @FactoryRedirectWrapper with com.llamalad7.mixinextras.wrapper.factory.FactoryRedirectWrapperInjectionInfo
[12Jun2026 23:37:33.197] [main/DEBUG] [mixin/]: Mixing boot.ServerMainMixin from connectormod.mixins.json into net.minecraft.server.Main
[12Jun2026 23:37:33.223] [main/DEBUG] [mixin/]: connectormod.mixins.json:boot.ServerMainMixin from mod connectormod->@Inject::earlyInit(Lorg/spongepowered/asm/mixin/injection/callback/CallbackInfo;)V doesn't use it's CallbackInfo
[12Jun2026 23:37:33.247] [main/DEBUG] [mixin/]: Mixing MixinMinecraftServer from xaerohud.mixins.json into net.minecraft.server.MinecraftServer
[12Jun2026 23:37:33.251] [main/DEBUG] [mixin/]: Mixing registries.MinecraftServerMixin from connectormod.mixins.json into net.minecraft.server.MinecraftServer
[12Jun2026 23:37:33.258] [main/DEBUG] [mixin/]: Mixing MinecraftServerMixin from balm.mixins.json into net.minecraft.server.MinecraftServer
[12Jun2026 23:37:33.259] [main/DEBUG] [mixin/]: Renaming synthetic method lambda$reloadResources$0(Ljava/lang/Void;)V to md71c79a$balm$lambda$reloadResources$0$0 in balm.mixins.json:MinecraftServerMixin from mod balm
[12Jun2026 23:37:33.280] [main/DEBUG] [mixin/]: connectormod.mixins.json:registries.MinecraftServerMixin from mod connectormod->@Inject::beforeSetupServer(Lorg/spongepowered/asm/mixin/injection/callback/CallbackInfo;)V doesn't use it's CallbackInfo
[12Jun2026 23:37:33.280] [main/DEBUG] [mixin/]: connectormod.mixins.json:registries.MinecraftServerMixin from mod connectormod->@Inject::beforeSetupServer(Lorg/spongepowered/asm/mixin/injection/callback/CallbackInfo;)V has 0 override(s) in child classes
[12Jun2026 23:37:33.280] [main/DEBUG] [mixin/]: connectormod.mixins.json:registries.MinecraftServerMixin from mod connectormod->@Inject::beforeSetupServer(Lorg/spongepowered/asm/mixin/injection/callback/CallbackInfo;)V won't be passed a CallbackInfo as a result
[12Jun2026 23:37:33.281] [main/DEBUG] [mixin/]: balm.mixins.json:MinecraftServerMixin from mod balm->@Inject::reloadResources(Ljava/util/Collection;Lorg/spongepowered/asm/mixin/injection/callback/CallbackInfoReturnable;)V does use it's CallbackInfoReturnable
[12Jun2026 23:37:33.295] [main/DEBUG] [mixin/]: Mixing common.GameTestServerMixin from lithostitched.mixins.json into net.minecraft.gametest.framework.GameTestServer
[12Jun2026 23:37:33.297] [main/DEBUG] [mixin/]: lithostitched.mixins.json:common.GameTestServerMixin from mod lithostitched->@Inject::initServer(Lorg/spongepowered/asm/mixin/injection/callback/CallbackInfoReturnable;)V doesn't use it's CallbackInfoReturnable
[12Jun2026 23:37:33.297] [main/DEBUG] [mixin/]: lithostitched.mixins.json:common.GameTestServerMixin from mod lithostitched->@Inject::initServer(Lorg/spongepowered/asm/mixin/injection/callback/CallbackInfoReturnable;)V has 0 override(s) in child classes
[12Jun2026 23:37:33.297] [main/DEBUG] [mixin/]: lithostitched.mixins.json:common.GameTestServerMixin from mod lithostitched->@Inject::initServer(Lorg/spongepowered/asm/mixin/injection/callback/CallbackInfoReturnable;)V won't be passed a CallbackInfoReturnable as a result
[12Jun2026 23:37:33.300] [main/DEBUG] [mixin/]: Mixing server.DedicatedServerMixin from lithostitched.mixins.json into net.minecraft.server.dedicated.DedicatedServer
[12Jun2026 23:37:33.305] [main/DEBUG] [mixin/]: lithostitched.mixins.json:server.DedicatedServerMixin from mod lithostitched->@Inject::applyModdedBiomeSlices(Lorg/spongepowered/asm/mixin/injection/callback/CallbackInfoReturnable;)V doesn't use it's CallbackInfoReturnable
[12Jun2026 23:37:33.305] [main/DEBUG] [mixin/]: lithostitched.mixins.json:server.DedicatedServerMixin from mod lithostitched->@Inject::applyModdedBiomeSlices(Lorg/spongepowered/asm/mixin/injection/callback/CallbackInfoReturnable;)V has 0 override(s) in child classes
[12Jun2026 23:37:33.305] [main/DEBUG] [mixin/]: lithostitched.mixins.json:server.DedicatedServerMixin from mod lithostitched->@Inject::applyModdedBiomeSlices(Lorg/spongepowered/asm/mixin/injection/callback/CallbackInfoReturnable;)V won't be passed a CallbackInfoReturnable as a result
[12Jun2026 23:37:33.317] [main/DEBUG] [io.netty.util.internal.logging.InternalLoggerFactory/]: Using SLF4J as the default logging framework
[12Jun2026 23:37:33.320] [main/DEBUG] [io.netty.util.ResourceLeakDetector/]: -Dio.netty.leakDetection.level: simple
[12Jun2026 23:37:33.320] [main/DEBUG] [io.netty.util.ResourceLeakDetector/]: -Dio.netty.leakDetection.targetRecords: 4
[12Jun2026 23:37:33.399] [main/DEBUG] [mixin/]: Mixing ResourceLocationMixin from ftblibrary-common.mixins.json into net.minecraft.resources.ResourceLocation
[12Jun2026 23:37:33.399] [main/DEBUG] [mixin/]: ftblibrary-common.mixins.json:ResourceLocationMixin from mod ftblibrary: Class version 61 required is higher than the class version supported by the current version of Mixin (JAVA_8 supports class version 52)
[12Jun2026 23:37:33.408] [main/DEBUG] [mixin/]: ftblibrary-common.mixins.json:ResourceLocationMixin from mod ftblibrary->@Inject::validCharFTBJ(CLorg/spongepowered/asm/mixin/injection/callback/CallbackInfoReturnable;)V does use it's CallbackInfoReturnable
[12Jun2026 23:37:33.409] [main/DEBUG] [mixin/]: ftblibrary-common.mixins.json:ResourceLocationMixin from mod ftblibrary->@Inject::validCharFTBJ(CLorg/spongepowered/asm/mixin/injection/callback/CallbackInfoReturnable;)V does use it's CallbackInfoReturnable
[12Jun2026 23:37:33.409] [main/DEBUG] [mixin/]: ftblibrary-common.mixins.json:ResourceLocationMixin from mod ftblibrary->@Inject::validStringFTBJ(Ljava/lang/String;Lorg/spongepowered/asm/mixin/injection/callback/CallbackInfoReturnable;)V does use it's CallbackInfoReturnable
[12Jun2026 23:37:33.409] [main/DEBUG] [mixin/]: ftblibrary-common.mixins.json:ResourceLocationMixin from mod ftblibrary->@Inject::validStringFTBJ(Ljava/lang/String;Lorg/spongepowered/asm/mixin/injection/callback/CallbackInfoReturnable;)V does use it's CallbackInfoReturnable
[12Jun2026 23:37:33.411] [main/DEBUG] [mixin/]: Mixing ResourceLocationExceptionMixin from connectivity.mixins.json into net.minecraft.ResourceLocationException
[12Jun2026 23:37:33.431] [main/DEBUG] [mixin/]: connectivity.mixins.json:ResourceLocationExceptionMixin from mod connectivity->@Inject::onException(Ljava/lang/String;Lorg/spongepowered/asm/mixin/injection/callback/CallbackInfo;)V doesn't use it's CallbackInfo
[12Jun2026 23:37:33.431] [main/DEBUG] [mixin/]: connectivity.mixins.json:ResourceLocationExceptionMixin from mod connectivity->@Inject::onException(Ljava/lang/String;Lorg/spongepowered/asm/mixin/injection/callback/CallbackInfo;)V has 0 override(s) in child classes
[12Jun2026 23:37:33.431] [main/DEBUG] [mixin/]: connectivity.mixins.json:ResourceLocationExceptionMixin from mod connectivity->@Inject::onException(Ljava/lang/String;Lorg/spongepowered/asm/mixin/injection/callback/CallbackInfo;)V won't be passed a CallbackInfo as a result
[12Jun2026 23:37:33.476] [main/DEBUG] [oshi.util.FileUtil/]: No oshi.properties file found from ClassLoader cpw.mods.modlauncher.TransformingClassLoader@45a1d057
[12Jun2026 23:37:33.476] [main/DEBUG] [oshi.util.FileUtil/]: No oshi.properties file found from ClassLoader jdk.internal.loader.ClassLoaders$AppClassLoader@5305068a
[12Jun2026 23:37:33.706] [main/DEBUG] [oshi.util.FileUtil/]: No oshi.architecture.properties file found from ClassLoader cpw.mods.modlauncher.TransformingClassLoader@45a1d057
[12Jun2026 23:37:33.706] [main/DEBUG] [oshi.util.FileUtil/]: No oshi.architecture.properties file found from ClassLoader jdk.internal.loader.ClassLoaders$AppClassLoader@5305068a
[12Jun2026 23:37:34.045] [main/DEBUG] [mixin/]: Mixing CrashReportExtenderMixin from connectormod.mixins.json into net.minecraftforge.logging.CrashReportExtender
[12Jun2026 23:37:34.048] [main/DEBUG] [mixin/]: connectormod.mixins.json:CrashReportExtenderMixin from mod connectormod->@Inject::addConnectorCrashReportHeader(Ljava/lang/StringBuilder;Lnet/minecraft/CrashReport;Lorg/spongepowered/asm/mixin/injection/callback/CallbackInfo;)V doesn't use it's CallbackInfo
[12Jun2026 23:37:34.058] [main/DEBUG] [mixin/]: Mixing registries.BootstrapMixin from connectormod.mixins.json into net.minecraft.server.Bootstrap
[12Jun2026 23:37:34.064] [main/DEBUG] [mixin/]: Mixing registries.BuiltInRegistriesMixin from connectormod.mixins.json into net.minecraft.core.registries.BuiltInRegistries
[12Jun2026 23:37:34.072] [main/DEBUG] [mixin/]: Mixing common.MappedRegistryAccessor from lithostitched.mixins.json into net.minecraft.core.MappedRegistry
[12Jun2026 23:37:34.074] [main/DEBUG] [mixin/]: Mixing registries.MappedRegistryMixin from connectormod.mixins.json into net.minecraft.core.MappedRegistry
[12Jun2026 23:37:34.078] [main/DEBUG] [mixin/]: connectormod.mixins.json:registries.MappedRegistryMixin from mod connectormod->@Inject::preventFreeze(Lorg/spongepowered/asm/mixin/injection/callback/CallbackInfoReturnable;)V does use it's CallbackInfoReturnable
[12Jun2026 23:37:34.106] [main/DEBUG] [mixin/]: Mixing inject.MixinGameEvent from architectury-common.mixins.json into net.minecraft.world.level.gameevent.GameEvent
[12Jun2026 23:37:34.111] [main/DEBUG] [mixin/]: Mixing common.HolderReferenceAccessor from lithostitched.mixins.json into net.minecraft.core.Holder$Reference
[12Jun2026 23:37:34.121] [main/DEBUG] [mixin/]: Mixing registries.ForgeRegistryMixin from connectormod.mixins.json into net.minecraftforge.registries.ForgeRegistry
[12Jun2026 23:37:34.121] [main/DEBUG] [mixin/]: Renaming synthetic method lambda$getDelegateOrThrow$0(Ljava/lang/Object;)Lnet/minecraft/core/Holder$Reference; to md71c79a$connectormod$lambda$getDelegateOrThrow$0$0 in connectormod.mixins.json:registries.ForgeRegistryMixin from mod connectormod
[12Jun2026 23:37:34.128] [main/DEBUG] [mixin/]: connectormod.mixins.json:registries.ForgeRegistryMixin from mod connectormod->@Inject::getDelegateOrThrow(Ljava/lang/Object;Lorg/spongepowered/asm/mixin/injection/callback/CallbackInfoReturnable;)V does use it's CallbackInfoReturnable
[12Jun2026 23:37:34.138] [main/DEBUG] [mixin/]: Mixing BlockMixin from ftbultimine-common.mixins.json into net.minecraft.world.level.block.Block
[12Jun2026 23:37:34.139] [main/DEBUG] [mixin/]: ftbultimine-common.mixins.json:BlockMixin from mod ftbultimine: Class version 61 required is higher than the class version supported by the current version of Mixin (JAVA_8 supports class version 52)
[12Jun2026 23:37:34.141] [main/DEBUG] [mixin/]: Mixing inject.MixinBlock from architectury-common.mixins.json into net.minecraft.world.level.block.Block
[12Jun2026 23:37:34.149] [main/DEBUG] [mixin/]: ftbultimine-common.mixins.json:BlockMixin from mod ftbultimine->@Inject::onPlayerWillDestroy(Lnet/minecraft/world/level/Level;Lnet/minecraft/core/BlockPos;Lnet/minecraft/world/level/block/state/BlockState;Lnet/minecraft/world/entity/player/Player;Lorg/spongepowered/asm/mixin/injection/callback/CallbackInfo;)V doesn't use it's CallbackInfo
[12Jun2026 23:37:34.149] [main/DEBUG] [mixin/]: ftbultimine-common.mixins.json:BlockMixin from mod ftbultimine->@Inject::onPlayerWillDestroy(Lnet/minecraft/world/level/Level;Lnet/minecraft/core/BlockPos;Lnet/minecraft/world/level/block/state/BlockState;Lnet/minecraft/world/entity/player/Player;Lorg/spongepowered/asm/mixin/injection/callback/CallbackInfo;)V has 0 override(s) in child classes
[12Jun2026 23:37:34.149] [main/DEBUG] [mixin/]: ftbultimine-common.mixins.json:BlockMixin from mod ftbultimine->@Inject::onPlayerWillDestroy(Lnet/minecraft/world/level/Level;Lnet/minecraft/core/BlockPos;Lnet/minecraft/world/level/block/state/BlockState;Lnet/minecraft/world/entity/player/Player;Lorg/spongepowered/asm/mixin/injection/callback/CallbackInfo;)V won't be passed a CallbackInfo as a result
[12Jun2026 23:37:34.159] [main/DEBUG] [mixin/]: Mixing BlockStateBaseMixin from ferritecore.blockstatecache.mixin.json into net.minecraft.world.level.block.state.BlockBehaviour$BlockStateBase
[12Jun2026 23:37:34.160] [main/DEBUG] [mixin/]: Mixing BlockBehaviorUse from watut.mixins.json into net.minecraft.world.level.block.state.BlockBehaviour$BlockStateBase
[12Jun2026 23:37:34.166] [main/DEBUG] [mixin/]: ferritecore.blockstatecache.mixin.json:BlockStateBaseMixin from mod ferritecore->@Inject::cacheStateHead(Lorg/spongepowered/asm/mixin/injection/callback/CallbackInfo;)V doesn't use it's CallbackInfo
[12Jun2026 23:37:34.166] [main/DEBUG] [mixin/]: ferritecore.blockstatecache.mixin.json:BlockStateBaseMixin from mod ferritecore->@Inject::cacheStateHead(Lorg/spongepowered/asm/mixin/injection/callback/CallbackInfo;)V has 0 override(s) in child classes
[12Jun2026 23:37:34.166] [main/DEBUG] [mixin/]: ferritecore.blockstatecache.mixin.json:BlockStateBaseMixin from mod ferritecore->@Inject::cacheStateHead(Lorg/spongepowered/asm/mixin/injection/callback/CallbackInfo;)V won't be passed a CallbackInfo as a result
[12Jun2026 23:37:34.166] [main/DEBUG] [mixin/]: ferritecore.blockstatecache.mixin.json:BlockStateBaseMixin from mod ferritecore->@Inject::cacheStateTail(Lorg/spongepowered/asm/mixin/injection/callback/CallbackInfo;)V doesn't use it's CallbackInfo
[12Jun2026 23:37:34.166] [main/DEBUG] [mixin/]: ferritecore.blockstatecache.mixin.json:BlockStateBaseMixin from mod ferritecore->@Inject::cacheStateTail(Lorg/spongepowered/asm/mixin/injection/callback/CallbackInfo;)V has 0 override(s) in child classes
[12Jun2026 23:37:34.166] [main/DEBUG] [mixin/]: ferritecore.blockstatecache.mixin.json:BlockStateBaseMixin from mod ferritecore->@Inject::cacheStateTail(Lorg/spongepowered/asm/mixin/injection/callback/CallbackInfo;)V won't be passed a CallbackInfo as a result
[12Jun2026 23:37:34.166] [main/DEBUG] [mixin/]: watut.mixins.json:BlockBehaviorUse from mod watut->@Inject::use(Lnet/minecraft/world/level/Level;Lnet/minecraft/world/entity/player/Player;Lnet/minecraft/world/InteractionHand;Lnet/minecraft/world/phys/BlockHitResult;Lorg/spongepowered/asm/mixin/injection/callback/CallbackInfoReturnable;)V doesn't use it's CallbackInfoReturnable
[12Jun2026 23:37:34.166] [main/DEBUG] [mixin/]: watut.mixins.json:BlockBehaviorUse from mod watut->@Inject::use(Lnet/minecraft/world/level/Level;Lnet/minecraft/world/entity/player/Player;Lnet/minecraft/world/InteractionHand;Lnet/minecraft/world/phys/BlockHitResult;Lorg/spongepowered/asm/mixin/injection/callback/CallbackInfoReturnable;)V has 0 override(s) in child classes
[12Jun2026 23:37:34.166] [main/DEBUG] [mixin/]: watut.mixins.json:BlockBehaviorUse from mod watut->@Inject::use(Lnet/minecraft/world/level/Level;Lnet/minecraft/world/entity/player/Player;Lnet/minecraft/world/InteractionHand;Lnet/minecraft/world/phys/BlockHitResult;Lorg/spongepowered/asm/mixin/injection/callback/CallbackInfoReturnable;)V won't be passed a CallbackInfoReturnable as a result
[12Jun2026 23:37:34.169] [main/DEBUG] [mixin/]: Mixing FastMapStateHolderMixin from ferritecore.fastmap.mixin.json into net.minecraft.world.level.block.state.StateHolder
[12Jun2026 23:37:34.186] [main/DEBUG] [mixin/]: Mixing EntityLoadMixin from cupboard.mixins.json into net.minecraft.world.entity.Entity
[12Jun2026 23:37:34.191] [main/DEBUG] [mixin/]: Mixing EntityMixin from almanac.mixins.json into net.minecraft.world.entity.Entity
[12Jun2026 23:37:34.192] [main/DEBUG] [mixin/]: Mixing EntityMixin from balm.mixins.json into net.minecraft.world.entity.Entity
[12Jun2026 23:37:34.213] [main/DEBUG] [mixin/]: cupboard.mixins.json:EntityLoadMixin from mod cupboard->@Inject::avoidLoadCrash(Lnet/minecraft/nbt/CompoundTag;Lorg/spongepowered/asm/mixin/injection/callback/CallbackInfo;)V doesn't use it's CallbackInfo
[12Jun2026 23:37:34.213] [main/DEBUG] [mixin/]: cupboard.mixins.json:EntityLoadMixin from mod cupboard->@Inject::avoidLoadCrash(Lnet/minecraft/nbt/CompoundTag;Lorg/spongepowered/asm/mixin/injection/callback/CallbackInfo;)V has 0 override(s) in child classes
[12Jun2026 23:37:34.213] [main/DEBUG] [mixin/]: cupboard.mixins.json:EntityLoadMixin from mod cupboard->@Inject::avoidLoadCrash(Lnet/minecraft/nbt/CompoundTag;Lorg/spongepowered/asm/mixin/injection/callback/CallbackInfo;)V won't be passed a CallbackInfo as a result
[12Jun2026 23:37:34.213] [main/DEBUG] [mixin/]: cupboard.mixins.json:EntityLoadMixin from mod cupboard->@Inject::skipLoadingErroringEntity(Lnet/minecraft/nbt/CompoundTag;Lorg/spongepowered/asm/mixin/injection/callback/CallbackInfo;Ljava/lang/Throwable;)V does use it's CallbackInfo
[12Jun2026 23:37:34.213] [main/DEBUG] [mixin/]: almanac.mixins.json:EntityMixin from mod almanac->@Inject::almanac$spawnAtLocation(Lnet/minecraft/world/item/ItemStack;Lorg/spongepowered/asm/mixin/injection/callback/CallbackInfoReturnable;)V doesn't use it's CallbackInfoReturnable
[12Jun2026 23:37:34.213] [main/DEBUG] [mixin/]: almanac.mixins.json:EntityMixin from mod almanac->@Inject::almanac$spawnAtLocation(Lnet/minecraft/world/item/ItemStack;Lorg/spongepowered/asm/mixin/injection/callback/CallbackInfoReturnable;)V has 0 override(s) in child classes
[12Jun2026 23:37:34.213] [main/DEBUG] [mixin/]: almanac.mixins.json:EntityMixin from mod almanac->@Inject::almanac$spawnAtLocation(Lnet/minecraft/world/item/ItemStack;Lorg/spongepowered/asm/mixin/injection/callback/CallbackInfoReturnable;)V won't be passed a CallbackInfoReturnable as a result
[12Jun2026 23:37:34.213] [main/DEBUG] [mixin/]: balm.mixins.json:EntityMixin from mod balm->@Inject::load(Lnet/minecraft/nbt/CompoundTag;Lorg/spongepowered/asm/mixin/injection/callback/CallbackInfo;)V doesn't use it's CallbackInfo
[12Jun2026 23:37:34.213] [main/DEBUG] [mixin/]: balm.mixins.json:EntityMixin from mod balm->@Inject::load(Lnet/minecraft/nbt/CompoundTag;Lorg/spongepowered/asm/mixin/injection/callback/CallbackInfo;)V has 0 override(s) in child classes
[12Jun2026 23:37:34.213] [main/DEBUG] [mixin/]: balm.mixins.json:EntityMixin from mod balm->@Inject::load(Lnet/minecraft/nbt/CompoundTag;Lorg/spongepowered/asm/mixin/injection/callback/CallbackInfo;)V won't be passed a CallbackInfo as a result
[12Jun2026 23:37:34.213] [main/DEBUG] [mixin/]: balm.mixins.json:EntityMixin from mod balm->@Inject::saveWithoutId(Lnet/minecraft/nbt/CompoundTag;Lorg/spongepowered/asm/mixin/injection/callback/CallbackInfoReturnable;)V doesn't use it's CallbackInfoReturnable
[12Jun2026 23:37:34.213] [main/DEBUG] [mixin/]: balm.mixins.json:EntityMixin from mod balm->@Inject::saveWithoutId(Lnet/minecraft/nbt/CompoundTag;Lorg/spongepowered/asm/mixin/injection/callback/CallbackInfoReturnable;)V has 0 override(s) in child classes
[12Jun2026 23:37:34.213] [main/DEBUG] [mixin/]: balm.mixins.json:EntityMixin from mod balm->@Inject::saveWithoutId(Lnet/minecraft/nbt/CompoundTag;Lorg/spongepowered/asm/mixin/injection/callback/CallbackInfoReturnable;)V won't be passed a CallbackInfoReturnable as a result
[12Jun2026 23:37:34.230] [main/DEBUG] [net.minecraftforge.coremod.transformer.CoreModBaseTransformer/COREMOD]: Transforming m_147215_ with desc (Lnet/minecraft/world/effect/MobEffectInstance;Lnet/minecraft/world/entity/Entity;)V
[12Jun2026 23:37:34.230] [main/DEBUG] [net.minecraftforge.coremod.CoreMod.connectormod/COREMODLOG]: Expanded local variable scope for LivingEntity#forceAddEffect index 3
[12Jun2026 23:37:34.231] [main/DEBUG] [net.minecraftforge.coremod.transformer.CoreModBaseTransformer/COREMOD]: Transforming m_6672_ with desc (Lnet/minecraft/world/InteractionHand;)V
[12Jun2026 23:37:34.233] [main/DEBUG] [mixin/]: Mixing MixinLivingEntity from immersive_armors.mixins.json into net.minecraft.world.entity.LivingEntity
[12Jun2026 23:37:34.241] [main/DEBUG] [mixin/]: immersive_armors.mixins.json:MixinLivingEntity from mod immersive_armors->@Inject::immersiveArmors$injectDamage(Lnet/minecraft/world/damagesource/DamageSource;FLorg/spongepowered/asm/mixin/injection/callback/CallbackInfoReturnable;)V doesn't use it's CallbackInfoReturnable
[12Jun2026 23:37:34.241] [main/DEBUG] [mixin/]: immersive_armors.mixins.json:MixinLivingEntity from mod immersive_armors->@Inject::immersiveArmors$injectDamage(Lnet/minecraft/world/damagesource/DamageSource;FLorg/spongepowered/asm/mixin/injection/callback/CallbackInfoReturnable;)V has 0 override(s) in child classes
[12Jun2026 23:37:34.241] [main/DEBUG] [mixin/]: immersive_armors.mixins.json:MixinLivingEntity from mod immersive_armors->@Inject::immersiveArmors$injectDamage(Lnet/minecraft/world/damagesource/DamageSource;FLorg/spongepowered/asm/mixin/injection/callback/CallbackInfoReturnable;)V won't be passed a CallbackInfoReturnable as a result
[12Jun2026 23:37:34.267] [main/DEBUG] [mixin/]: Mixing ServerAddEntityMixin from cupboard.mixins.json into net.minecraft.server.level.ServerLevel
[12Jun2026 23:37:34.289] [main/DEBUG] [mixin/]: cupboard.mixins.json:ServerAddEntityMixin from mod cupboard->@Inject::OnaddEntity(Lnet/minecraft/world/entity/Entity;Lorg/spongepowered/asm/mixin/injection/callback/CallbackInfoReturnable;)V does use it's CallbackInfoReturnable
[12Jun2026 23:37:34.302] [main/DEBUG] [mixin/]: Mixing PlayerMixin from mixins.travelersbackpack.json into net.minecraft.world.entity.player.Player
[12Jun2026 23:37:34.314] [main/DEBUG] [mixin/]: mixins.travelersbackpack.json:PlayerMixin from mod travelersbackpack->@Inject::getFlyingSpeed(Lorg/spongepowered/asm/mixin/injection/callback/CallbackInfoReturnable;)V does use it's CallbackInfoReturnable
[12Jun2026 23:37:34.314] [main/DEBUG] [mixin/]: mixins.travelersbackpack.json:PlayerMixin from mod travelersbackpack->@Inject::getFlyingSpeed(Lorg/spongepowered/asm/mixin/injection/callback/CallbackInfoReturnable;)V does use it's CallbackInfoReturnable
[12Jun2026 23:37:34.339] [main/DEBUG] [mixin/]: Mixing registries.NamespacedWrapperMixin from connectormod.mixins.json into net.minecraftforge.registries.NamespacedWrapper
[12Jun2026 23:37:34.343] [main/DEBUG] [mixin/]: Mixing inject.MixinFluid from architectury-common.mixins.json into net.minecraft.world.level.material.Fluid
[12Jun2026 23:37:34.347] [main/DEBUG] [mixin/]: Mixing inject.MixinItem from architectury-common.mixins.json into net.minecraft.world.item.Item
[12Jun2026 23:37:34.348] [main/DEBUG] [mixin/]: Mixing ItemMixin from ftblibrary-common.mixins.json into net.minecraft.world.item.Item
[12Jun2026 23:37:34.348] [main/DEBUG] [mixin/]: ftblibrary-common.mixins.json:ItemMixin from mod ftblibrary: Class version 61 required is higher than the class version supported by the current version of Mixin (JAVA_8 supports class version 52)
[12Jun2026 23:37:34.349] [main/DEBUG] [net.minecraftforge.coremod.transformer.CoreModBaseTransformer/COREMOD]: Transforming net/minecraft/world/item/CreativeModeTab
[12Jun2026 23:37:34.370] [main/DEBUG] [net.minecraftforge.coremod.CoreMod.connectormod/COREMODLOG]: Injected vanilla CreativeModeTab constructor
[12Jun2026 23:37:34.372] [main/DEBUG] [mixin/]: architectury-common.mixins.json:inject.MixinItem from mod architectury->@Inject::init(Lnet/minecraft/world/item/Item$Properties;Lorg/spongepowered/asm/mixin/injection/callback/CallbackInfo;)V doesn't use it's CallbackInfo
[12Jun2026 23:37:34.372] [main/DEBUG] [mixin/]: architectury-common.mixins.json:inject.MixinItem from mod architectury->@Inject::init(Lnet/minecraft/world/item/Item$Properties;Lorg/spongepowered/asm/mixin/injection/callback/CallbackInfo;)V has 0 override(s) in child classes
[12Jun2026 23:37:34.372] [main/DEBUG] [mixin/]: architectury-common.mixins.json:inject.MixinItem from mod architectury->@Inject::init(Lnet/minecraft/world/item/Item$Properties;Lorg/spongepowered/asm/mixin/injection/callback/CallbackInfo;)V won't be passed a CallbackInfo as a result
[12Jun2026 23:37:34.373] [main/DEBUG] [mixin/]: Mixing IForgeItemMixin from connectormod.mixins.json into net.minecraftforge.common.extensions.IForgeItem
[12Jun2026 23:37:34.375] [main/DEBUG] [mixin/]: connectormod.mixins.json:IForgeItemMixin from mod connectormod->@Inject::redirectIsPiglinCurrency(Lnet/minecraft/world/item/ItemStack;Lorg/spongepowered/asm/mixin/injection/callback/CallbackInfoReturnable;)V does use it's CallbackInfoReturnable
[12Jun2026 23:37:34.379] [main/DEBUG] [net.minecraftforge.coremod.transformer.CoreModBaseTransformer/COREMOD]: Transforming net/minecraft/world/entity/EntityType
[12Jun2026 23:37:34.389] [main/DEBUG] [mixin/]: Mixing inject.MixinEntityType from architectury-common.mixins.json into net.minecraft.world.entity.EntityType
[12Jun2026 23:37:34.415] [main/DEBUG] [mixin/]: Mixing PoiTypesMixin from connectormod.mixins.json into net.minecraft.world.entity.ai.village.poi.PoiTypes
[12Jun2026 23:37:34.417] [main/DEBUG] [mixin/]: connectormod.mixins.json:PoiTypesMixin from mod connectormod->@Inject::handleLegacyTypeHolders(Lnet/minecraft/world/level/block/state/BlockState;Lorg/spongepowered/asm/mixin/injection/callback/CallbackInfoReturnable;)V does use it's CallbackInfoReturnable
[12Jun2026 23:37:34.431] [main/DEBUG] [mixin/]: Mixing WorldCarverMixin from tectonic.mixins.json into net.minecraft.world.level.levelgen.carver.WorldCarver
[12Jun2026 23:37:34.455] [main/DEBUG] [net.minecraftforge.coremod.transformer.CoreModBaseTransformer/COREMOD]: Transforming net/minecraft/world/item/CreativeModeTab
[12Jun2026 23:37:34.456] [main/DEBUG] [net.minecraftforge.coremod.CoreMod.connectormod/COREMODLOG]: Injected vanilla CreativeModeTab constructor
[12Jun2026 23:37:34.479] [main/DEBUG] [mixin/]: Mixing DiscreteVSAccess from ferritecore.blockstatecache.mixin.json into net.minecraft.world.phys.shapes.DiscreteVoxelShape
[12Jun2026 23:37:34.481] [main/DEBUG] [mixin/]: Mixing BitSetDVSAccess from ferritecore.blockstatecache.mixin.json into net.minecraft.world.phys.shapes.BitSetDiscreteVoxelShape
[12Jun2026 23:37:34.483] [main/DEBUG] [mixin/]: Mixing VoxelShapeAccess from ferritecore.blockstatecache.mixin.json into net.minecraft.world.phys.shapes.VoxelShape
[12Jun2026 23:37:34.485] [main/DEBUG] [mixin/]: Mixing ArrayVSAccess from ferritecore.blockstatecache.mixin.json into net.minecraft.world.phys.shapes.ArrayVoxelShape
[12Jun2026 23:37:34.487] [main/DEBUG] [mixin/]: Mixing SliceShapeAccess from ferritecore.blockstatecache.mixin.json into net.minecraft.world.phys.shapes.SliceShape
[12Jun2026 23:37:34.562] [main/DEBUG] [mixin/]: Mixing SpreadingSnowyDirtBlockMixin from valhelsia_structures.mixins.json into net.minecraft.world.level.block.SpreadingSnowyDirtBlock
[12Jun2026 23:37:34.574] [main/DEBUG] [net.minecraftforge.coremod.transformer.CoreModBaseTransformer/COREMOD]: Transforming net/minecraft/world/level/block/LiquidBlock
[12Jun2026 23:37:34.574] [main/DEBUG] [mixin/]: Mixing inject.MixinLiquidBlock from architectury-common.mixins.json into net.minecraft.world.level.block.LiquidBlock
[12Jun2026 23:37:34.594] [main/DEBUG] [net.minecraftforge.coremod.transformer.CoreModBaseTransformer/COREMOD]: Transforming net/minecraft/world/level/block/StairBlock
[12Jun2026 23:37:34.601] [main/DEBUG] [mixin/]: Mixing CropBlockMixin from balm.mixins.json into net.minecraft.world.level.block.CropBlock
[12Jun2026 23:37:34.603] [main/DEBUG] [mixin/]: balm.mixins.json:CropBlockMixin from mod balm->@Inject::mayPlaceOn(Lnet/minecraft/world/level/block/state/BlockState;Lnet/minecraft/world/level/BlockGetter;Lnet/minecraft/core/BlockPos;Lorg/spongepowered/asm/mixin/injection/callback/CallbackInfoReturnable;)V does use it's CallbackInfoReturnable
[12Jun2026 23:37:34.629] [main/DEBUG] [mixin/]: Mixing StemBlockMixin from balm.mixins.json into net.minecraft.world.level.block.StemBlock
[12Jun2026 23:37:34.631] [main/DEBUG] [mixin/]: balm.mixins.json:StemBlockMixin from mod balm->@Inject::mayPlaceOn(Lnet/minecraft/world/level/block/state/BlockState;Lnet/minecraft/world/level/BlockGetter;Lnet/minecraft/core/BlockPos;Lorg/spongepowered/asm/mixin/injection/callback/CallbackInfoReturnable;)V does use it's CallbackInfoReturnable
[12Jun2026 23:37:34.648] [main/DEBUG] [net.minecraftforge.coremod.transformer.CoreModBaseTransformer/COREMOD]: Transforming net/minecraft/world/level/block/FlowerPotBlock
[12Jun2026 23:37:34.786] [main/DEBUG] [mixin/]: Mixing MixinFallingBlockEntity from architectury.mixins.json into net.minecraft.world.entity.item.FallingBlockEntity
[12Jun2026 23:37:34.792] [main/DEBUG] [mixin/]: architectury.mixins.json:MixinFallingBlockEntity from mod architectury->@Inject::handleLand(Lorg/spongepowered/asm/mixin/injection/callback/CallbackInfo;Lnet/minecraft/world/level/block/Block;Lnet/minecraft/core/BlockPos;ZZDLnet/minecraft/world/level/block/state/BlockState;)V doesn't use it's CallbackInfo
[12Jun2026 23:37:34.792] [main/DEBUG] [mixin/]: architectury.mixins.json:MixinFallingBlockEntity from mod architectury->@Inject::handleLand(Lorg/spongepowered/asm/mixin/injection/callback/CallbackInfo;Lnet/minecraft/world/level/block/Block;Lnet/minecraft/core/BlockPos;ZZDLnet/minecraft/world/level/block/state/BlockState;)V has 0 override(s) in child classes
[12Jun2026 23:37:34.792] [main/DEBUG] [mixin/]: architectury.mixins.json:MixinFallingBlockEntity from mod architectury->@Inject::handleLand(Lorg/spongepowered/asm/mixin/injection/callback/CallbackInfo;Lnet/minecraft/world/level/block/Block;Lnet/minecraft/core/BlockPos;ZZDLnet/minecraft/world/level/block/state/BlockState;)V won't be passed a CallbackInfo as a result
[12Jun2026 23:37:34.922] [main/DEBUG] [mixin/]: Mixing AbstractContainerMenuDoClick from watut.mixins.json into net.minecraft.world.inventory.AbstractContainerMenu
[12Jun2026 23:37:34.924] [main/DEBUG] [mixin/]: watut.mixins.json:AbstractContainerMenuDoClick from mod watut->@Inject::doClickPre(IILnet/minecraft/world/inventory/ClickType;Lnet/minecraft/world/entity/player/Player;Lorg/spongepowered/asm/mixin/injection/callback/CallbackInfo;)V doesn't use it's CallbackInfo
[12Jun2026 23:37:34.924] [main/DEBUG] [mixin/]: watut.mixins.json:AbstractContainerMenuDoClick from mod watut->@Inject::doClickPre(IILnet/minecraft/world/inventory/ClickType;Lnet/minecraft/world/entity/player/Player;Lorg/spongepowered/asm/mixin/injection/callback/CallbackInfo;)V has 0 override(s) in child classes
[12Jun2026 23:37:34.924] [main/DEBUG] [mixin/]: watut.mixins.json:AbstractContainerMenuDoClick from mod watut->@Inject::doClickPre(IILnet/minecraft/world/inventory/ClickType;Lnet/minecraft/world/entity/player/Player;Lorg/spongepowered/asm/mixin/injection/callback/CallbackInfo;)V won't be passed a CallbackInfo as a result
[12Jun2026 23:37:34.924] [main/DEBUG] [mixin/]: watut.mixins.json:AbstractContainerMenuDoClick from mod watut->@Inject::doClickPost(IILnet/minecraft/world/inventory/ClickType;Lnet/minecraft/world/entity/player/Player;Lorg/spongepowered/asm/mixin/injection/callback/CallbackInfo;)V doesn't use it's CallbackInfo
[12Jun2026 23:37:34.924] [main/DEBUG] [mixin/]: watut.mixins.json:AbstractContainerMenuDoClick from mod watut->@Inject::doClickPost(IILnet/minecraft/world/inventory/ClickType;Lnet/minecraft/world/entity/player/Player;Lorg/spongepowered/asm/mixin/injection/callback/CallbackInfo;)V has 0 override(s) in child classes
[12Jun2026 23:37:34.924] [main/DEBUG] [mixin/]: watut.mixins.json:AbstractContainerMenuDoClick from mod watut->@Inject::doClickPost(IILnet/minecraft/world/inventory/ClickType;Lnet/minecraft/world/entity/player/Player;Lorg/spongepowered/asm/mixin/injection/callback/CallbackInfo;)V won't be passed a CallbackInfo as a result
[12Jun2026 23:37:34.965] [main/DEBUG] [mixin/]: Mixing MobEntityMixin from immersive_armors.mixins.json into net.minecraft.world.entity.Mob
[12Jun2026 23:37:34.970] [main/DEBUG] [mixin/]: Mixing MobMixin from letmedespawn.mixins.json into net.minecraft.world.entity.Mob
[12Jun2026 23:37:34.977] [main/DEBUG] [mixin/]: immersive_armors.mixins.json:MobEntityMixin from mod immersive_armors->@Inject::immersiveArmors$injectGetEquipmentForSlot(Lnet/minecraft/world/entity/EquipmentSlot;ILorg/spongepowered/asm/mixin/injection/callback/CallbackInfoReturnable;)V does use it's CallbackInfoReturnable
[12Jun2026 23:37:34.977] [main/DEBUG] [mixin/]: letmedespawn.mixins.json:MobMixin from mod letmedespawn->@Inject::letmedespawn$setItemSlotAndDropWhenKilled(Lnet/minecraft/world/entity/EquipmentSlot;Lnet/minecraft/world/item/ItemStack;Lorg/spongepowered/asm/mixin/injection/callback/CallbackInfo;)V doesn't use it's CallbackInfo
[12Jun2026 23:37:34.977] [main/DEBUG] [mixin/]: letmedespawn.mixins.json:MobMixin from mod letmedespawn->@Inject::letmedespawn$setItemSlotAndDropWhenKilled(Lnet/minecraft/world/entity/EquipmentSlot;Lnet/minecraft/world/item/ItemStack;Lorg/spongepowered/asm/mixin/injection/callback/CallbackInfo;)V has 0 override(s) in child classes
[12Jun2026 23:37:34.977] [main/DEBUG] [mixin/]: letmedespawn.mixins.json:MobMixin from mod letmedespawn->@Inject::letmedespawn$setItemSlotAndDropWhenKilled(Lnet/minecraft/world/entity/EquipmentSlot;Lnet/minecraft/world/item/ItemStack;Lorg/spongepowered/asm/mixin/injection/callback/CallbackInfo;)V won't be passed a CallbackInfo as a result
[12Jun2026 23:37:35.017] [main/DEBUG] [net.minecraftforge.coremod.transformer.CoreModBaseTransformer/COREMOD]: Transforming net/minecraft/world/item/ItemStack
[12Jun2026 23:37:35.017] [main/DEBUG] [mixin/]: Mixing item.ItemStackMixin from connectormod.mixins.json into net.minecraft.world.item.ItemStack
[12Jun2026 23:37:35.019] [main/DEBUG] [mixin/]: Mixing item.LateItemStackMixin from connectormod.mixins.json into net.minecraft.world.item.ItemStack
[12Jun2026 23:37:35.020] [main/DEBUG] [mixin/]: connectormod.mixins.json:item.ItemStackMixin from mod connectormod->@Inject::appyUseOn(Lnet/minecraft/world/item/context/UseOnContext;Lnet/minecraft/world/item/context/UseOnContext;Lorg/spongepowered/asm/mixin/injection/callback/CallbackInfoReturnable;)V does use it's CallbackInfoReturnable
[12Jun2026 23:37:35.054] [main/DEBUG] [mixin/]: Mixing SkullBlockEntityMixin from skinrestorer.mixins.json into net.minecraft.world.level.block.entity.SkullBlockEntity
[12Jun2026 23:37:35.069] [main/DEBUG] [mixin/]: skinrestorer.mixins.json:SkullBlockEntityMixin from mod skinrestorer->@Inject::fetchProfileByName(Lcom/mojang/authlib/GameProfile;Ljava/util/function/Consumer;Lorg/spongepowered/asm/mixin/injection/callback/CallbackInfo;)V does use it's CallbackInfo
[12Jun2026 23:37:35.245] [main/DEBUG] [mixin/]: Mixing MixinLightningBolt from architectury-common.mixins.json into net.minecraft.world.entity.LightningBolt
[12Jun2026 23:37:35.250] [main/DEBUG] [mixin/]: architectury-common.mixins.json:MixinLightningBolt from mod architectury->@Inject::handleLightning(Lorg/spongepowered/asm/mixin/injection/callback/CallbackInfo;Ljava/util/List;)V doesn't use it's CallbackInfo
[12Jun2026 23:37:35.250] [main/DEBUG] [mixin/]: architectury-common.mixins.json:MixinLightningBolt from mod architectury->@Inject::handleLightning(Lorg/spongepowered/asm/mixin/injection/callback/CallbackInfo;Ljava/util/List;)V has 0 override(s) in child classes
[12Jun2026 23:37:35.250] [main/DEBUG] [mixin/]: architectury-common.mixins.json:MixinLightningBolt from mod architectury->@Inject::handleLightning(Lorg/spongepowered/asm/mixin/injection/callback/CallbackInfo;Ljava/util/List;)V won't be passed a CallbackInfo as a result
[12Jun2026 23:37:35.281] [main/DEBUG] [net.minecraftforge.coremod.transformer.CoreModBaseTransformer/COREMOD]: Transforming net/minecraft/world/entity/animal/frog/Tadpole
[12Jun2026 23:37:35.305] [main/DEBUG] [mixin/]: Mixing FlintAndSteelItemMixin from valhelsia_core-common.mixins.json into net.minecraft.world.item.FlintAndSteelItem
[12Jun2026 23:37:35.305] [main/DEBUG] [mixin/]: Renaming synthetic method lambda$valhelsia_useOn$0(Lnet/minecraft/world/item/context/UseOnContext;Lnet/minecraft/world/entity/player/Player;)V to md71c79a$valhelsia_core$lambda$valhelsia_useOn$0$0 in valhelsia_core-common.mixins.json:FlintAndSteelItemMixin from mod valhelsia_core
[12Jun2026 23:37:35.309] [main/DEBUG] [mixin/]: valhelsia_core-common.mixins.json:FlintAndSteelItemMixin from mod valhelsia_core->@Inject::valhelsia_useOn(Lnet/minecraft/world/item/context/UseOnContext;Lorg/spongepowered/asm/mixin/injection/callback/CallbackInfoReturnable;)V does use it's CallbackInfoReturnable
[12Jun2026 23:37:35.312] [main/DEBUG] [mixin/]: Mixing ShovelItemAccess from ftbultimine-common.mixins.json into net.minecraft.world.item.ShovelItem
[12Jun2026 23:37:35.313] [main/DEBUG] [mixin/]: ftbultimine-common.mixins.json:ShovelItemAccess from mod ftbultimine: Class version 61 required is higher than the class version supported by the current version of Mixin (JAVA_8 supports class version 52)
[12Jun2026 23:37:35.313] [main/DEBUG] [mixin/]: Renaming @Accessor method getFlattenables()Ljava/util/Map; to getFlattenables$ftbultimine_$md$71c79a$0 in ftbultimine-common.mixins.json:ShovelItemAccess from mod ftbultimine
[12Jun2026 23:37:35.316] [main/DEBUG] [mixin/]: Mixing AxeItemAccess from ftbultimine-common.mixins.json into net.minecraft.world.item.AxeItem
[12Jun2026 23:37:35.316] [main/DEBUG] [mixin/]: ftbultimine-common.mixins.json:AxeItemAccess from mod ftbultimine: Class version 61 required is higher than the class version supported by the current version of Mixin (JAVA_8 supports class version 52)
[12Jun2026 23:37:35.321] [main/DEBUG] [net.minecraftforge.coremod.transformer.CoreModBaseTransformer/COREMOD]: Transforming net/minecraft/world/item/BucketItem
[12Jun2026 23:37:35.322] [main/DEBUG] [mixin/]: Mixing BucketItemMixin from valhelsia_structures.mixins.json into net.minecraft.world.item.BucketItem
[12Jun2026 23:37:35.326] [main/DEBUG] [mixin/]: Mixing inject.MixinBucketItem from architectury-common.mixins.json into net.minecraft.world.item.BucketItem
[12Jun2026 23:37:35.332] [main/DEBUG] [mixin/]: valhelsia_structures.mixins.json:BucketItemMixin from mod valhelsia_structures->@Inject::valhelsia_placeDousedTorch(Lnet/minecraft/world/entity/player/Player;Lnet/minecraft/world/level/Level;Lnet/minecraft/core/BlockPos;Lnet/minecraft/world/phys/BlockHitResult;Lnet/minecraft/world/item/ItemStack;Lorg/spongepowered/asm/mixin/injection/callback/CallbackInfoReturnable;)V does use it's CallbackInfoReturnable
[12Jun2026 23:37:35.333] [main/DEBUG] [mixin/]: valhelsia_structures.mixins.json:BucketItemMixin from mod valhelsia_structures->@Inject::valhelsia_canBlockContainFluid(Lnet/minecraft/world/level/Level;Lnet/minecraft/core/BlockPos;Lnet/minecraft/world/level/block/state/BlockState;Lorg/spongepowered/asm/mixin/injection/callback/CallbackInfoReturnable;)V does use it's CallbackInfoReturnable
[12Jun2026 23:37:35.361] [main/DEBUG] [mixin/]: Mixing inject.MixinItemProperties from architectury-common.mixins.json into net.minecraft.world.item.Item$Properties
[12Jun2026 23:37:35.869] [main/DEBUG] [mixin/]: Mixing MixinFollowTargetGoal from immersive_armors.mixins.json into net.minecraft.world.entity.ai.goal.target.NearestAttackableTargetGoal
[12Jun2026 23:37:35.873] [main/DEBUG] [mixin/]: immersive_armors.mixins.json:MixinFollowTargetGoal from mod immersive_armors->@Inject::immersiveArmors$injectStart(Lorg/spongepowered/asm/mixin/injection/callback/CallbackInfo;)V doesn't use it's CallbackInfo
[12Jun2026 23:37:35.873] [main/DEBUG] [mixin/]: immersive_armors.mixins.json:MixinFollowTargetGoal from mod immersive_armors->@Inject::immersiveArmors$injectStart(Lorg/spongepowered/asm/mixin/injection/callback/CallbackInfo;)V has 0 override(s) in child classes
[12Jun2026 23:37:35.873] [main/DEBUG] [mixin/]: immersive_armors.mixins.json:MixinFollowTargetGoal from mod immersive_armors->@Inject::immersiveArmors$injectStart(Lorg/spongepowered/asm/mixin/injection/callback/CallbackInfo;)V won't be passed a CallbackInfo as a result
[12Jun2026 23:37:35.890] [main/DEBUG] [mixin/]: Mixing CatEntityMixin from valhelsia_structures.mixins.json into net.minecraft.world.entity.animal.Cat
[12Jun2026 23:37:35.894] [main/DEBUG] [mixin/]: valhelsia_structures.mixins.json:CatEntityMixin from mod valhelsia_structures->@Inject::valhelsia_avoidOverridingType(Lnet/minecraft/world/level/ServerLevelAccessor;Lnet/minecraft/world/DifficultyInstance;Lnet/minecraft/world/entity/MobSpawnType;Lnet/minecraft/world/entity/SpawnGroupData;Lnet/minecraft/nbt/CompoundTag;Lorg/spongepowered/asm/mixin/injection/callback/CallbackInfoReturnable;)V does use it's CallbackInfoReturnable
[12Jun2026 23:37:35.901] [main/DEBUG] [net.minecraftforge.coremod.transformer.CoreModBaseTransformer/COREMOD]: Transforming net/minecraft/world/entity/monster/Spider
[12Jun2026 23:37:35.932] [main/DEBUG] [net.minecraftforge.coremod.transformer.CoreModBaseTransformer/COREMOD]: Transforming net/minecraft/world/entity/monster/Zombie
[12Jun2026 23:37:35.945] [main/DEBUG] [net.minecraftforge.coremod.transformer.CoreModBaseTransformer/COREMOD]: Transforming net/minecraft/world/entity/monster/ZombieVillager
[12Jun2026 23:37:35.982] [main/DEBUG] [net.minecraftforge.coremod.transformer.CoreModBaseTransformer/COREMOD]: Transforming net/minecraft/world/entity/monster/Evoker$EvokerSummonSpellGoal
[12Jun2026 23:37:36.063] [main/DEBUG] [mixin/]: Mixing PillagerEntityMixin from valhelsia_structures.mixins.json into net.minecraft.world.entity.monster.Pillager
[12Jun2026 23:37:36.071] [main/DEBUG] [mixin/]: Mixing ThrownPotionMixin from valhelsia_core-common.mixins.json into net.minecraft.world.entity.projectile.ThrownPotion
[12Jun2026 23:37:36.074] [main/DEBUG] [mixin/]: valhelsia_core-common.mixins.json:ThrownPotionMixin from mod valhelsia_core->@Inject::valhelsia_dowseFire(Lnet/minecraft/core/BlockPos;Lorg/spongepowered/asm/mixin/injection/callback/CallbackInfo;)V doesn't use it's CallbackInfo
[12Jun2026 23:37:36.074] [main/DEBUG] [mixin/]: valhelsia_core-common.mixins.json:ThrownPotionMixin from mod valhelsia_core->@Inject::valhelsia_dowseFire(Lnet/minecraft/core/BlockPos;Lorg/spongepowered/asm/mixin/injection/callback/CallbackInfo;)V has 0 override(s) in child classes
[12Jun2026 23:37:36.074] [main/DEBUG] [mixin/]: valhelsia_core-common.mixins.json:ThrownPotionMixin from mod valhelsia_core->@Inject::valhelsia_dowseFire(Lnet/minecraft/core/BlockPos;Lorg/spongepowered/asm/mixin/injection/callback/CallbackInfo;)V won't be passed a CallbackInfo as a result
[12Jun2026 23:37:36.089] [main/DEBUG] [net.minecraftforge.coremod.transformer.CoreModBaseTransformer/COREMOD]: Transforming net/minecraft/world/entity/animal/horse/SkeletonTrapGoal
[12Jun2026 23:37:36.094] [main/DEBUG] [net.minecraftforge.coremod.transformer.CoreModBaseTransformer/COREMOD]: Transforming m_151311_ with desc (Lnet/minecraft/server/level/ServerLevel;Lnet/minecraft/core/BlockPos;)V
[12Jun2026 23:37:36.104] [main/DEBUG] [net.minecraftforge.coremod.CoreMod.connectormod/COREMODLOG]: Expanded local variable scope for BaseSpawner#serverTick index 3
[12Jun2026 23:37:36.107] [main/DEBUG] [net.minecraftforge.coremod.transformer.CoreModBaseTransformer/COREMOD]: Transforming net/minecraft/world/entity/monster/Strider
[12Jun2026 23:37:36.120] [main/DEBUG] [mixin/]: Mixing FriendlyByteBufLimitMixin from connectivity.mixins.json into net.minecraft.network.FriendlyByteBuf
[12Jun2026 23:37:36.126] [main/DEBUG] [mixin/]: connectivity.mixins.json:FriendlyByteBufLimitMixin from mod connectivity->@Inject::releaseLimit(Lnet/minecraft/nbt/NbtAccounter;Lorg/spongepowered/asm/mixin/injection/callback/CallbackInfoReturnable;)V doesn't use it's CallbackInfoReturnable
[12Jun2026 23:37:36.126] [main/DEBUG] [mixin/]: connectivity.mixins.json:FriendlyByteBufLimitMixin from mod connectivity->@Inject::releaseLimit(Lnet/minecraft/nbt/NbtAccounter;Lorg/spongepowered/asm/mixin/injection/callback/CallbackInfoReturnable;)V has 0 override(s) in child classes
[12Jun2026 23:37:36.126] [main/DEBUG] [mixin/]: connectivity.mixins.json:FriendlyByteBufLimitMixin from mod connectivity->@Inject::releaseLimit(Lnet/minecraft/nbt/NbtAccounter;Lorg/spongepowered/asm/mixin/injection/callback/CallbackInfoReturnable;)V won't be passed a CallbackInfoReturnable as a result
[12Jun2026 23:37:36.126] [main/DEBUG] [mixin/]: connectivity.mixins.json:FriendlyByteBufLimitMixin from mod connectivity->@Inject::checkLimit(Lnet/minecraft/nbt/NbtAccounter;Lorg/spongepowered/asm/mixin/injection/callback/CallbackInfoReturnable;)V does use it's CallbackInfoReturnable
[12Jun2026 23:37:36.126] [main/DEBUG] [mixin/]: connectivity.mixins.json:FriendlyByteBufLimitMixin from mod connectivity->@Inject::checkLimit(Lnet/minecraft/nbt/NbtAccounter;Lorg/spongepowered/asm/mixin/injection/callback/CallbackInfoReturnable;)V does use it's CallbackInfoReturnable
[12Jun2026 23:37:36.147] [main/DEBUG] [mixin/]: Mixing MixinServerPlayer from xaerolib.mixins.json into net.minecraft.server.level.ServerPlayer
[12Jun2026 23:37:36.147] [main/DEBUG] [mixin/]: Mixing MixinServerPlayer from xaerohud.mixins.json into net.minecraft.server.level.ServerPlayer
[12Jun2026 23:37:36.147] [main/DEBUG] [mixin/]: Mixing MixinServerPlayer from slib.mixins.json into net.minecraft.server.level.ServerPlayer
[12Jun2026 23:37:36.151] [main/DEBUG] [mixin/]: slib.mixins.json:MixinServerPlayer from mod plasmovoice->@Inject::updateOptions(Lnet/minecraft/network/protocol/game/ServerboundClientInformationPacket;Lorg/spongepowered/asm/mixin/injection/callback/CallbackInfo;)V doesn't use it's CallbackInfo
[12Jun2026 23:37:36.151] [main/DEBUG] [mixin/]: slib.mixins.json:MixinServerPlayer from mod plasmovoice->@Inject::updateOptions(Lnet/minecraft/network/protocol/game/ServerboundClientInformationPacket;Lorg/spongepowered/asm/mixin/injection/callback/CallbackInfo;)V has 0 override(s) in child classes
[12Jun2026 23:37:36.151] [main/DEBUG] [mixin/]: slib.mixins.json:MixinServerPlayer from mod plasmovoice->@Inject::updateOptions(Lnet/minecraft/network/protocol/game/ServerboundClientInformationPacket;Lorg/spongepowered/asm/mixin/injection/callback/CallbackInfo;)V won't be passed a CallbackInfo as a result
[12Jun2026 23:37:36.172] [main/DEBUG] [mixin/]: Mixing ChunkAccessMixin from smoothchunk.mixins.json into net.minecraft.world.level.chunk.ChunkAccess
[12Jun2026 23:37:36.173] [main/DEBUG] [mixin/]: Mixing ChunkAccessMixin from tectonic.mixins.json into net.minecraft.world.level.chunk.ChunkAccess
[12Jun2026 23:37:36.180] [main/DEBUG] [mixin/]: tectonic.mixins.json:ChunkAccessMixin from mod tectonic->@Inject::tectonic$stopHeightDecreasingLogSpam([Lit/unimi/dsi/fastutil/shorts/ShortList;ILorg/spongepowered/asm/mixin/injection/callback/CallbackInfoReturnable;)V does use it's CallbackInfoReturnable
[12Jun2026 23:37:36.183] [main/DEBUG] [mixin/]: Mixing ChunkSectionReadSkipMixin from connectivity.mixins.json into net.minecraft.world.level.chunk.LevelChunk
[12Jun2026 23:37:36.203] [main/DEBUG] [net.minecraftforge.coremod.transformer.CoreModBaseTransformer/COREMOD]: Transforming net/minecraft/world/entity/npc/Villager
[12Jun2026 23:37:36.214] [main/DEBUG] [mixin/]: Mixing VillagerAccessor from assets/trade_cycling/trade_cycling.mixins.json into net.minecraft.world.entity.npc.Villager
[12Jun2026 23:37:36.220] [main/DEBUG] [mixin/]: Mixing MerchantMenuAccessor from assets/trade_cycling/trade_cycling.mixins.json into net.minecraft.world.inventory.MerchantMenu
[12Jun2026 23:37:36.252] [main/DEBUG] [mixin/]: Mixing inject.MixinFoodPropertiesBuilder from architectury-common.mixins.json into net.minecraft.world.food.FoodProperties$Builder
[12Jun2026 23:37:36.254] [main/DEBUG] [net.minecraftforge.coremod.transformer.CoreModBaseTransformer/COREMOD]: Transforming net/minecraft/world/effect/MobEffectInstance
[12Jun2026 23:37:36.274] [main/DEBUG] [mixin/]: Mixing MixinServerGamePacketListenerImpl from slib-forge.mixins.json into net.minecraft.server.network.ServerGamePacketListenerImpl
[12Jun2026 23:37:36.275] [main/DEBUG] [mixin/]: Mixing ServerPlayNetHandlerMixin from connectivity.mixins.json into net.minecraft.server.network.ServerGamePacketListenerImpl
[12Jun2026 23:37:36.276] [main/DEBUG] [mixin/]: Renaming synthetic method lambda$on$0(Lnet/minecraft/network/chat/Component;)V to md71c79a$connectivity$lambda$on$0$0 in connectivity.mixins.json:ServerPlayNetHandlerMixin from mod connectivity
[12Jun2026 23:37:36.283] [main/DEBUG] [mixin/]: slib-forge.mixins.json:MixinServerGamePacketListenerImpl from mod plasmovoice->@Inject::handleCustomPayload(Lnet/minecraft/network/protocol/game/ServerboundCustomPayloadPacket;Lorg/spongepowered/asm/mixin/injection/callback/CallbackInfo;)V doesn't use it's CallbackInfo
[12Jun2026 23:37:36.283] [main/DEBUG] [mixin/]: slib-forge.mixins.json:MixinServerGamePacketListenerImpl from mod plasmovoice->@Inject::handleCustomPayload(Lnet/minecraft/network/protocol/game/ServerboundCustomPayloadPacket;Lorg/spongepowered/asm/mixin/injection/callback/CallbackInfo;)V has 0 override(s) in child classes
[12Jun2026 23:37:36.283] [main/DEBUG] [mixin/]: slib-forge.mixins.json:MixinServerGamePacketListenerImpl from mod plasmovoice->@Inject::handleCustomPayload(Lnet/minecraft/network/protocol/game/ServerboundCustomPayloadPacket;Lorg/spongepowered/asm/mixin/injection/callback/CallbackInfo;)V won't be passed a CallbackInfo as a result
[12Jun2026 23:37:36.284] [main/DEBUG] [mixin/]: connectivity.mixins.json:ServerPlayNetHandlerMixin from mod connectivity->@Inject::on(Lnet/minecraft/network/chat/Component;Lorg/spongepowered/asm/mixin/injection/callback/CallbackInfo;)V doesn't use it's CallbackInfo
[12Jun2026 23:37:36.284] [main/DEBUG] [mixin/]: connectivity.mixins.json:ServerPlayNetHandlerMixin from mod connectivity->@Inject::on(Lnet/minecraft/network/chat/Component;Lorg/spongepowered/asm/mixin/injection/callback/CallbackInfo;)V has 0 override(s) in child classes
[12Jun2026 23:37:36.284] [main/DEBUG] [mixin/]: connectivity.mixins.json:ServerPlayNetHandlerMixin from mod connectivity->@Inject::on(Lnet/minecraft/network/chat/Component;Lorg/spongepowered/asm/mixin/injection/callback/CallbackInfo;)V won't be passed a CallbackInfo as a result
[12Jun2026 23:37:36.363] [main/DEBUG] [mixin/]: Mixing HeightmapMixin from tectonic.mixins.json into net.minecraft.world.level.levelgen.Heightmap
[12Jun2026 23:37:36.392] [main/DEBUG] [mixin/]: Mixing SlotAccessor from balm.mixins.json into net.minecraft.world.inventory.Slot
[12Jun2026 23:37:36.509] [main/DEBUG] [mixin/]: Mixing DimensionTypeAccessor from tectonic.mixins.json into net.minecraft.world.level.dimension.DimensionType
[12Jun2026 23:37:36.559] [main/DEBUG] [mixin/]: Mixing LakesFeatureMixin from valhelsia_structures.mixins.json into net.minecraft.world.level.levelgen.feature.LakeFeature
[12Jun2026 23:37:36.560] [main/DEBUG] [mixin/]: Renaming synthetic method lambda$valhelsia_checkForStructures$0(Lnet/minecraft/world/level/levelgen/structure/Structure;)Z to md71c79a$valhelsia_structures$lambda$valhelsia_checkForStructures$0$0 in valhelsia_structures.mixins.json:LakesFeatureMixin from mod valhelsia_structures
[12Jun2026 23:37:36.561] [main/DEBUG] [net.minecraftforge.coremod.transformer.CoreModBaseTransformer/COREMOD]: Transforming net/minecraft/world/level/levelgen/structure/Structure
[12Jun2026 23:37:36.564] [main/DEBUG] [mixin/]: valhelsia_structures.mixins.json:LakesFeatureMixin from mod valhelsia_structures->@Inject::valhelsia_checkForStructures(Lnet/minecraft/world/level/levelgen/feature/FeaturePlaceContext;Lorg/spongepowered/asm/mixin/injection/callback/CallbackInfoReturnable;)V does use it's CallbackInfoReturnable
[12Jun2026 23:37:36.580] [main/DEBUG] [mixin/]: Mixing common.PlacedFeatureAccessor from lithostitched.mixins.json into net.minecraft.world.level.levelgen.placement.PlacedFeature
[12Jun2026 23:37:36.589] [main/DEBUG] [mixin/]: Mixing common.StructureProcessorListAccessor from lithostitched.mixins.json into net.minecraft.world.level.levelgen.structure.templatesystem.StructureProcessorList
[12Jun2026 23:37:36.645] [main/DEBUG] [mixin/]: Mixing common.StructureSetAccessor from lithostitched.mixins.json into net.minecraft.world.level.levelgen.structure.StructureSet
[12Jun2026 23:37:36.647] [main/DEBUG] [net.minecraftforge.coremod.transformer.CoreModBaseTransformer/COREMOD]: Transforming net/minecraft/world/level/levelgen/structure/Structure
[12Jun2026 23:37:36.652] [main/DEBUG] [mixin/]: Mixing StructurePieceMixin from tectonic.mixins.json into net.minecraft.world.level.levelgen.structure.StructurePiece
[12Jun2026 23:37:36.675] [main/DEBUG] [net.minecraftforge.coremod.transformer.CoreModBaseTransformer/COREMOD]: Transforming net/minecraft/world/level/levelgen/structure/structures/OceanRuinPieces$OceanRuinPiece
[12Jun2026 23:37:36.680] [main/DEBUG] [net.minecraftforge.coremod.transformer.CoreModBaseTransformer/COREMOD]: Transforming net/minecraft/world/level/levelgen/structure/structures/SwampHutPiece
[12Jun2026 23:37:36.685] [main/DEBUG] [net.minecraftforge.coremod.transformer.CoreModBaseTransformer/COREMOD]: Transforming net/minecraft/world/level/levelgen/structure/structures/OceanMonumentPieces$OceanMonumentPiece
[12Jun2026 23:37:36.693] [main/DEBUG] [net.minecraftforge.coremod.transformer.CoreModBaseTransformer/COREMOD]: Transforming net/minecraft/world/level/levelgen/structure/structures/WoodlandMansionPieces$WoodlandMansionPiece
[12Jun2026 23:37:36.697] [main/DEBUG] [mixin/]: Mixing common.ShipwreckPieceMixin from lithostitched.mixins.json into net.minecraft.world.level.levelgen.structure.structures.ShipwreckPieces$ShipwreckPiece
[12Jun2026 23:37:36.700] [main/DEBUG] [mixin/]: lithostitched.mixins.json:common.ShipwreckPieceMixin from mod lithostitched->@Inject::addShipwreckProcessor(Lnet/minecraft/world/level/block/Rotation;Lorg/spongepowered/asm/mixin/injection/callback/CallbackInfoReturnable;)V does use it's CallbackInfoReturnable
[12Jun2026 23:37:36.712] [main/DEBUG] [mixin/]: Mixing common.JigsawStructureMixin from lithostitched.mixins.json into net.minecraft.world.level.levelgen.structure.structures.JigsawStructure
[12Jun2026 23:37:36.716] [main/DEBUG] [mixin/]: Mixing common.StructureTemplatePoolAccessor from lithostitched.mixins.json into net.minecraft.world.level.levelgen.structure.pools.StructureTemplatePool
[12Jun2026 23:37:36.716] [main/DEBUG] [mixin/]: Mixing common.StructureTemplatePoolMixin from lithostitched.mixins.json into net.minecraft.world.level.levelgen.structure.pools.StructureTemplatePool
[12Jun2026 23:37:36.716] [main/DEBUG] [mixin/]: Renaming synthetic method lambda$compileRawTemplates$0(Lcom/mojang/datafixers/util/Pair;)V to md71c79a$lithostitched$lambda$compileRawTemplates$0$0 in lithostitched.mixins.json:common.StructureTemplatePoolMixin from mod lithostitched
[12Jun2026 23:37:36.717] [main/DEBUG] [mixin/]: Mixing StructureTemplatePoolAccessor from waystones.mixins.json into net.minecraft.world.level.levelgen.structure.pools.StructureTemplatePool
[12Jun2026 23:37:36.719] [main/DEBUG] [mixin/]: Unexpected: Registered method setRawTemplates(Ljava/util/List;)V in net.minecraft.world.level.levelgen.structure.pools.StructureTemplatePool was not merged
[12Jun2026 23:37:36.719] [main/DEBUG] [mixin/]: Unexpected: Registered method getRawTemplates()Ljava/util/List; in net.minecraft.world.level.levelgen.structure.pools.StructureTemplatePool was not merged
[12Jun2026 23:37:36.777] [main/DEBUG] [net.minecraftforge.coremod.transformer.CoreModBaseTransformer/COREMOD]: Transforming net/minecraft/world/level/biome/Biome
[12Jun2026 23:37:36.777] [main/DEBUG] [mixin/]: Mixing BiomeMixin from tectonic.mixins.json into net.minecraft.world.level.biome.Biome
[12Jun2026 23:37:36.787] [main/DEBUG] [mixin/]: Mixing TemperatureModifierMixin from tectonic.mixins.json into net.minecraft.world.level.biome.Biome$TemperatureModifier$2
[12Jun2026 23:37:36.818] [main/DEBUG] [mixin/]: Mixing NoiseBasedChunkGeneratorMixin from tectonic.mixins.json into net.minecraft.world.level.levelgen.NoiseBasedChunkGenerator
[12Jun2026 23:37:36.819] [main/DEBUG] [mixin/]: Renaming synthetic method lambda$tectonic$fixLavaLevel$2(Lnet/minecraft/core/Holder;)Lnet/minecraft/world/level/levelgen/Aquifer$FluidPicker; to md71c79a$tectonic$lambda$tectonic$fixLavaLevel$2$0 in tectonic.mixins.json:NoiseBasedChunkGeneratorMixin from mod tectonic
[12Jun2026 23:37:36.819] [main/DEBUG] [mixin/]: Renaming synthetic method lambda$tectonic$fixLavaLevel$1(Lnet/minecraft/world/level/levelgen/Aquifer$FluidStatus;IILnet/minecraft/world/level/levelgen/Aquifer$FluidStatus;Lnet/minecraft/world/level/levelgen/Aquifer$FluidStatus;III)Lnet/minecraft/world/level/levelgen/Aquifer$FluidStatus; to md71c79a$tectonic$lambda$tectonic$fixLavaLevel$1$1 in tectonic.mixins.json:NoiseBasedChunkGeneratorMixin from mod tectonic
[12Jun2026 23:37:36.819] [main/DEBUG] [mixin/]: Renaming synthetic method lambda$tectonic$fixLavaLevel$0(Lnet/minecraft/resources/ResourceKey;)Ljava/lang/Boolean; to md71c79a$tectonic$lambda$tectonic$fixLavaLevel$0$2 in tectonic.mixins.json:NoiseBasedChunkGeneratorMixin from mod tectonic
[12Jun2026 23:37:36.823] [main/DEBUG] [mixin/]: tectonic.mixins.json:NoiseBasedChunkGeneratorMixin from mod tectonic->@Inject::tectonic$fixLavaLevel(Lnet/minecraft/world/level/biome/BiomeSource;Lnet/minecraft/core/Holder;Lorg/spongepowered/asm/mixin/injection/callback/CallbackInfo;)V doesn't use it's CallbackInfo
[12Jun2026 23:37:36.823] [main/DEBUG] [mixin/]: tectonic.mixins.json:NoiseBasedChunkGeneratorMixin from mod tectonic->@Inject::tectonic$fixLavaLevel(Lnet/minecraft/world/level/biome/BiomeSource;Lnet/minecraft/core/Holder;Lorg/spongepowered/asm/mixin/injection/callback/CallbackInfo;)V has 0 override(s) in child classes
[12Jun2026 23:37:36.823] [main/DEBUG] [mixin/]: tectonic.mixins.json:NoiseBasedChunkGeneratorMixin from mod tectonic->@Inject::tectonic$fixLavaLevel(Lnet/minecraft/world/level/biome/BiomeSource;Lnet/minecraft/core/Holder;Lorg/spongepowered/asm/mixin/injection/callback/CallbackInfo;)V won't be passed a CallbackInfo as a result
[12Jun2026 23:37:36.827] [main/DEBUG] [mixin/]: Mixing common.NoiseGeneratorSettingsAccessor from lithostitched.mixins.json into net.minecraft.world.level.levelgen.NoiseGeneratorSettings
[12Jun2026 23:37:36.829] [main/DEBUG] [mixin/]: Mixing NoiseSettingsAccessor from tectonic.mixins.json into net.minecraft.world.level.levelgen.NoiseSettings
[12Jun2026 23:37:36.886] [main/DEBUG] [mixin/]: Mixing common.SinglePoolElementAccessor from lithostitched.mixins.json into net.minecraft.world.level.levelgen.structure.pools.SinglePoolElement
[12Jun2026 23:37:36.886] [main/DEBUG] [mixin/]: Mixing SinglePoolElementMixin from waystones.mixins.json into net.minecraft.world.level.levelgen.structure.pools.SinglePoolElement
[12Jun2026 23:37:36.887] [main/DEBUG] [mixin/]: Renaming synthetic method lambda$waystones$isWaystone$1(Lnet/minecraft/world/level/levelgen/structure/templatesystem/StructureTemplate;)V to md71c79a$waystones$lambda$waystones$isWaystone$1$0 in waystones.mixins.json:SinglePoolElementMixin from mod waystones
[12Jun2026 23:37:36.887] [main/DEBUG] [mixin/]: Renaming synthetic method lambda$waystones$isWaystone$0(Lnet/minecraft/resources/ResourceLocation;)V to md71c79a$waystones$lambda$waystones$isWaystone$0$1 in waystones.mixins.json:SinglePoolElementMixin from mod waystones
[12Jun2026 23:37:36.891] [main/DEBUG] [mixin/]: waystones.mixins.json:SinglePoolElementMixin from mod waystones->@Inject::place(Lnet/minecraft/world/level/levelgen/structure/templatesystem/StructureTemplateManager;Lnet/minecraft/world/level/WorldGenLevel;Lnet/minecraft/world/level/StructureManager;Lnet/minecraft/world/level/chunk/ChunkGenerator;Lnet/minecraft/core/BlockPos;Lnet/minecraft/core/BlockPos;Lnet/minecraft/world/level/block/Rotation;Lnet/minecraft/world/level/levelgen/structure/BoundingBox;Lnet/minecraft/util/RandomSource;ZLorg/spongepowered/asm/mixin/injection/callback/CallbackInfoReturnable;)V does use it's CallbackInfoReturnable
[12Jun2026 23:37:36.891] [main/DEBUG] [mixin/]: Unexpected: Registered method getTemplate()Lcom/mojang/datafixers/util/Either; in net.minecraft.world.level.levelgen.structure.pools.SinglePoolElement was not merged
[12Jun2026 23:37:36.946] [main/DEBUG] [io.netty.util.internal.PlatformDependent0/]: -Dio.netty.noUnsafe: false
[12Jun2026 23:37:36.946] [main/DEBUG] [io.netty.util.internal.PlatformDependent0/]: Java version: 25
[12Jun2026 23:37:36.948] [main/DEBUG] [io.netty.util.internal.PlatformDependent0/]: sun.misc.Unsafe.theUnsafe: available
[12Jun2026 23:37:36.948] [main/DEBUG] [io.netty.util.internal.PlatformDependent0/]: sun.misc.Unsafe.copyMemory: available
[12Jun2026 23:37:36.948] [main/DEBUG] [io.netty.util.internal.PlatformDependent0/]: sun.misc.Unsafe.storeFence: available
[12Jun2026 23:37:36.949] [main/DEBUG] [io.netty.util.internal.PlatformDependent0/]: java.nio.Buffer.address: available
[12Jun2026 23:37:36.949] [main/DEBUG] [io.netty.util.internal.PlatformDependent0/]: direct buffer constructor: unavailable
java.lang.NoSuchMethodException: java.nio.DirectByteBuffer.<init>(long,int)
	at java.lang.Class.getConstructor0(Class.java:3187) ~[?:?]
	at java.lang.Class.getDeclaredConstructor(Class.java:2491) ~[?:?]
	at io.netty.util.internal.PlatformDependent0$5.run(PlatformDependent0.java:287) ~[netty-common-4.1.82.Final.jar%2382!/:4.1.82.Final]
	at java.security.AccessController.doPrivileged(AccessController.java:74) ~[?:?]
	at io.netty.util.internal.PlatformDependent0.<clinit>(PlatformDependent0.java:282) ~[netty-common-4.1.82.Final.jar%2382!/:4.1.82.Final]
	at io.netty.util.internal.PlatformDependent.isAndroid(PlatformDependent.java:333) ~[netty-common-4.1.82.Final.jar%2382!/:4.1.82.Final]
	at io.netty.util.internal.PlatformDependent.<clinit>(PlatformDependent.java:88) ~[netty-common-4.1.82.Final.jar%2382!/:4.1.82.Final]
	at io.netty.util.ConstantPool.<init>(ConstantPool.java:34) ~[netty-common-4.1.82.Final.jar%2382!/:4.1.82.Final]
	at io.netty.util.AttributeKey$1.<init>(AttributeKey.java:27) ~[netty-common-4.1.82.Final.jar%2382!/:4.1.82.Final]
	at io.netty.util.AttributeKey.<clinit>(AttributeKey.java:27) ~[netty-common-4.1.82.Final.jar%2382!/:4.1.82.Final]
	at net.minecraftforge.network.NetworkConstants.<clinit>(NetworkConstants.java:34) ~[forge-1.20.1-47.4.10-universal.jar%23172!/:?]
	at net.minecraftforge.network.NetworkHooks.init(NetworkHooks.java:52) ~[forge-1.20.1-47.4.10-universal.jar%23172!/:?]
	at net.minecraft.server.Bootstrap.m_135870_(Bootstrap.java:62) ~[server-1.20.1-20230612.114412-srg.jar%23167!/:?]
	at net.minecraft.server.Main.main(Main.java:121) ~[server-1.20.1-20230612.114412-srg.jar%23167!/:?]
	at jdk.internal.reflect.DirectMethodHandleAccessor.invoke(DirectMethodHandleAccessor.java:104) ~[?:?]
	at java.lang.reflect.Method.invoke(Method.java:565) ~[?:?]
	at net.minecraftforge.fml.loading.targets.CommonLaunchHandler.runTarget(CommonLaunchHandler.java:111) ~[fmlloader-1.20.1-47.4.10.jar%2369!/:?]
	at net.minecraftforge.fml.loading.targets.CommonLaunchHandler.serverService(CommonLaunchHandler.java:103) ~[fmlloader-1.20.1-47.4.10.jar%2369!/:?]
	at net.minecraftforge.fml.loading.targets.CommonServerLaunchHandler.lambda$makeService$0(CommonServerLaunchHandler.java:27) ~[fmlloader-1.20.1-47.4.10.jar%2369!/:?]
	at cpw.mods.modlauncher.LaunchServiceHandlerDecorator.launch(LaunchServiceHandlerDecorator.java:30) ~[modlauncher-10.0.9.jar%2355!/:?]
	at cpw.mods.modlauncher.LaunchServiceHandler.launch(LaunchServiceHandler.java:53) ~[modlauncher-10.0.9.jar%2355!/:?]
	at cpw.mods.modlauncher.LaunchServiceHandler.launch(LaunchServiceHandler.java:71) ~[modlauncher-10.0.9.jar%2355!/:?]
	at cpw.mods.modlauncher.Launcher.run(Launcher.java:108) ~[modlauncher-10.0.9.jar%2355!/:?]
	at cpw.mods.modlauncher.Launcher.main(Launcher.java:78) ~[modlauncher-10.0.9.jar%2355!/:?]
	at cpw.mods.modlauncher.BootstrapLaunchConsumer.accept(BootstrapLaunchConsumer.java:26) ~[modlauncher-10.0.9.jar%2355!/:?]
	at cpw.mods.modlauncher.BootstrapLaunchConsumer.accept(BootstrapLaunchConsumer.java:23) ~[modlauncher-10.0.9.jar%2355!/:?]
	at cpw.mods.bootstraplauncher.BootstrapLauncher.main(BootstrapLauncher.java:141) ~[bootstraplauncher-1.1.2.jar:?]
[12Jun2026 23:37:36.950] [main/DEBUG] [io.netty.util.internal.PlatformDependent0/]: java.nio.Bits.unaligned: available, true
[12Jun2026 23:37:36.951] [main/DEBUG] [io.netty.util.internal.PlatformDependent0/]: jdk.internal.misc.Unsafe.allocateUninitializedArray(int): unavailable
java.lang.IllegalAccessException: class io.netty.util.internal.PlatformDependent0$7 (in module io.netty.common) cannot access class jdk.internal.misc.Unsafe (in module java.base) because module java.base does not export jdk.internal.misc to module io.netty.common
	at jdk.internal.reflect.Reflection.newIllegalAccessException(Reflection.java:400) ~[?:?]
	at java.lang.reflect.AccessibleObject.checkAccess(AccessibleObject.java:670) ~[?:?]
	at java.lang.reflect.Method.invoke(Method.java:556) ~[?:?]
	at io.netty.util.internal.PlatformDependent0$7.run(PlatformDependent0.java:410) ~[netty-common-4.1.82.Final.jar%2382!/:4.1.82.Final]
	at java.security.AccessController.doPrivileged(AccessController.java:74) ~[?:?]
	at io.netty.util.internal.PlatformDependent0.<clinit>(PlatformDependent0.java:401) ~[netty-common-4.1.82.Final.jar%2382!/:4.1.82.Final]
	at io.netty.util.internal.PlatformDependent.isAndroid(PlatformDependent.java:333) ~[netty-common-4.1.82.Final.jar%2382!/:4.1.82.Final]
	at io.netty.util.internal.PlatformDependent.<clinit>(PlatformDependent.java:88) ~[netty-common-4.1.82.Final.jar%2382!/:4.1.82.Final]
	at io.netty.util.ConstantPool.<init>(ConstantPool.java:34) ~[netty-common-4.1.82.Final.jar%2382!/:4.1.82.Final]
	at io.netty.util.AttributeKey$1.<init>(AttributeKey.java:27) ~[netty-common-4.1.82.Final.jar%2382!/:4.1.82.Final]
	at io.netty.util.AttributeKey.<clinit>(AttributeKey.java:27) ~[netty-common-4.1.82.Final.jar%2382!/:4.1.82.Final]
	at net.minecraftforge.network.NetworkConstants.<clinit>(NetworkConstants.java:34) ~[forge-1.20.1-47.4.10-universal.jar%23172!/:?]
	at net.minecraftforge.network.NetworkHooks.init(NetworkHooks.java:52) ~[forge-1.20.1-47.4.10-universal.jar%23172!/:?]
	at net.minecraft.server.Bootstrap.m_135870_(Bootstrap.java:62) ~[server-1.20.1-20230612.114412-srg.jar%23167!/:?]
	at net.minecraft.server.Main.main(Main.java:121) ~[server-1.20.1-20230612.114412-srg.jar%23167!/:?]
	at jdk.internal.reflect.DirectMethodHandleAccessor.invoke(DirectMethodHandleAccessor.java:104) ~[?:?]
	at java.lang.reflect.Method.invoke(Method.java:565) ~[?:?]
	at net.minecraftforge.fml.loading.targets.CommonLaunchHandler.runTarget(CommonLaunchHandler.java:111) ~[fmlloader-1.20.1-47.4.10.jar%2369!/:?]
	at net.minecraftforge.fml.loading.targets.CommonLaunchHandler.serverService(CommonLaunchHandler.java:103) ~[fmlloader-1.20.1-47.4.10.jar%2369!/:?]
	at net.minecraftforge.fml.loading.targets.CommonServerLaunchHandler.lambda$makeService$0(CommonServerLaunchHandler.java:27) ~[fmlloader-1.20.1-47.4.10.jar%2369!/:?]
	at cpw.mods.modlauncher.LaunchServiceHandlerDecorator.launch(LaunchServiceHandlerDecorator.java:30) ~[modlauncher-10.0.9.jar%2355!/:?]
	at cpw.mods.modlauncher.LaunchServiceHandler.launch(LaunchServiceHandler.java:53) ~[modlauncher-10.0.9.jar%2355!/:?]
	at cpw.mods.modlauncher.LaunchServiceHandler.launch(LaunchServiceHandler.java:71) ~[modlauncher-10.0.9.jar%2355!/:?]
	at cpw.mods.modlauncher.Launcher.run(Launcher.java:108) ~[modlauncher-10.0.9.jar%2355!/:?]
	at cpw.mods.modlauncher.Launcher.main(Launcher.java:78) ~[modlauncher-10.0.9.jar%2355!/:?]
	at cpw.mods.modlauncher.BootstrapLaunchConsumer.accept(BootstrapLaunchConsumer.java:26) ~[modlauncher-10.0.9.jar%2355!/:?]
	at cpw.mods.modlauncher.BootstrapLaunchConsumer.accept(BootstrapLaunchConsumer.java:23) ~[modlauncher-10.0.9.jar%2355!/:?]
	at cpw.mods.bootstraplauncher.BootstrapLauncher.main(BootstrapLauncher.java:141) ~[bootstraplauncher-1.1.2.jar:?]
[12Jun2026 23:37:36.952] [main/DEBUG] [io.netty.util.internal.PlatformDependent0/]: java.nio.DirectByteBuffer.<init>(long, int): unavailable
[12Jun2026 23:37:36.952] [main/DEBUG] [io.netty.util.internal.PlatformDependent/]: sun.misc.Unsafe: available
[12Jun2026 23:37:36.952] [main/DEBUG] [io.netty.util.internal.PlatformDependent/]: maxDirectMemory: 4093640704 bytes (maybe)
[12Jun2026 23:37:36.952] [main/DEBUG] [io.netty.util.internal.PlatformDependent/]: -Dio.netty.tmpdir: C:\Users\Main\AppData\Local\Temp (java.io.tmpdir)
[12Jun2026 23:37:36.953] [main/DEBUG] [io.netty.util.internal.PlatformDependent/]: -Dio.netty.bitMode: 64 (sun.arch.data.model)
[12Jun2026 23:37:36.953] [main/DEBUG] [io.netty.util.internal.PlatformDependent/]: Platform: Windows
[12Jun2026 23:37:36.953] [main/DEBUG] [io.netty.util.internal.PlatformDependent/]: -Dio.netty.maxDirectMemory: -1 bytes
[12Jun2026 23:37:36.953] [main/DEBUG] [io.netty.util.internal.PlatformDependent/]: -Dio.netty.uninitializedArrayAllocationThreshold: -1
[12Jun2026 23:37:36.954] [main/DEBUG] [io.netty.util.internal.CleanerJava9/]: java.nio.ByteBuffer.cleaner(): available
[12Jun2026 23:37:36.954] [main/DEBUG] [io.netty.util.internal.PlatformDependent/]: -Dio.netty.noPreferDirect: false
[12Jun2026 23:37:36.957] [main/DEBUG] [mixin/]: Mixing SimpleChannelMixin from connectivity.mixins.json into net.minecraftforge.network.simple.SimpleChannel
[12Jun2026 23:37:36.961] [main/DEBUG] [mixin/]: connectivity.mixins.json:SimpleChannelMixin from mod connectivity->@Inject::toBufferWarning(Ljava/lang/Object;Lorg/spongepowered/asm/mixin/injection/callback/CallbackInfoReturnable;)V does use it's CallbackInfoReturnable
[12Jun2026 23:37:36.961] [main/DEBUG] [mixin/]: connectivity.mixins.json:SimpleChannelMixin from mod connectivity->@Inject::onWrapInVanillaPacket(Ljava/lang/Object;Lnet/minecraftforge/network/NetworkDirection;Lorg/spongepowered/asm/mixin/injection/callback/CallbackInfoReturnable;)V does use it's CallbackInfoReturnable
[12Jun2026 23:37:36.994] [main/DEBUG] [mixin/]: Mixing networkstats.CCustomPayloadPacketNameMixin from connectivity.mixins.json into net.minecraft.network.protocol.game.ServerboundCustomPayloadPacket
[12Jun2026 23:37:36.998] [main/DEBUG] [mixin/]: Mixing ClientBoundCustomPayloadPacketLMixin from connectivity.mixins.json into net.minecraft.network.protocol.game.ClientboundCustomPayloadPacket
[12Jun2026 23:37:36.998] [main/DEBUG] [mixin/]: Mixing networkstats.SCustomPayloadPlayPacketNameMixin from connectivity.mixins.json into net.minecraft.network.protocol.game.ClientboundCustomPayloadPacket
[12Jun2026 23:37:37.001] [main/DEBUG] [mixin/]: Mixing networkstats.CCustomPayloadLoginPacketNameMixin from connectivity.mixins.json into net.minecraft.network.protocol.login.ServerboundCustomQueryPacket
[12Jun2026 23:37:37.005] [main/DEBUG] [mixin/]: Mixing networkstats.SCustomPayloadLoginPacketNameMixin from connectivity.mixins.json into net.minecraft.network.protocol.login.ClientboundCustomQueryPacket
[12Jun2026 23:37:37.013] [main/DEBUG] [mixin/]: Mixing network.HandshakeHandlerMixin from connectormod.mixins.json into net.minecraftforge.network.HandshakeHandler
[12Jun2026 23:37:37.030] [main/DEBUG] [net.minecraftforge.network.NetworkHooks/]: Loading Network data for FML net version: FML3
[12Jun2026 23:37:37.058] [main/DEBUG] [net.minecraftforge.common.ForgeI18n/CORE]: Loading I18N data entries: 6434
[12Jun2026 23:37:37.073] [main/DEBUG] [net.minecraftforge.fml.ModWorkManager/LOADING]: Using 16 threads for parallel mod-loading
[12Jun2026 23:37:37.078] [main/DEBUG] [net.minecraftforge.fml.javafmlmod.FMLJavaModLanguageProvider/LOADING]: Loading FMLModContainer from classloader cpw.mods.modlauncher.TransformingClassLoader@45a1d057 - got cpw.mods.cl.ModuleClassLoader@627d8516
[12Jun2026 23:37:37.081] [main/DEBUG] [net.minecraftforge.fml.javafmlmod.FMLModContainer/LOADING]: Creating FMLModContainer instance for com.smoothchunk.SmoothchunkMod
[12Jun2026 23:37:37.082] [main/DEBUG] [net.minecraftforge.fml.javafmlmod.FMLJavaModLanguageProvider/LOADING]: Loading FMLModContainer from classloader cpw.mods.modlauncher.TransformingClassLoader@45a1d057 - got cpw.mods.cl.ModuleClassLoader@627d8516
[12Jun2026 23:37:37.082] [main/DEBUG] [net.minecraftforge.fml.javafmlmod.FMLModContainer/LOADING]: Creating FMLModContainer instance for de.maxhenkel.tradecycling.ForgeTradeCyclingMod
[12Jun2026 23:37:37.083] [main/DEBUG] [net.minecraftforge.fml.javafmlmod.FMLJavaModLanguageProvider/LOADING]: Loading FMLModContainer from classloader cpw.mods.modlauncher.TransformingClassLoader@45a1d057 - got cpw.mods.cl.ModuleClassLoader@627d8516
[12Jun2026 23:37:37.083] [main/DEBUG] [net.minecraftforge.fml.javafmlmod.FMLModContainer/LOADING]: Creating FMLModContainer instance for net.blay09.mods.kuma.forge.ForgeKumaAPI
[12Jun2026 23:37:37.083] [main/DEBUG] [net.minecraftforge.fml.javafmlmod.FMLJavaModLanguageProvider/LOADING]: Loading FMLModContainer from classloader cpw.mods.modlauncher.TransformingClassLoader@45a1d057 - got cpw.mods.cl.ModuleClassLoader@627d8516
[12Jun2026 23:37:37.083] [main/DEBUG] [net.minecraftforge.fml.javafmlmod.FMLModContainer/LOADING]: Creating FMLModContainer instance for com.frikinjay.almanac.forge.AlmanacForge
[12Jun2026 23:37:37.084] [main/DEBUG] [net.minecraftforge.fml.javafmlmod.FMLJavaModLanguageProvider/LOADING]: Loading FMLModContainer from classloader cpw.mods.modlauncher.TransformingClassLoader@45a1d057 - got cpw.mods.cl.ModuleClassLoader@627d8516
[12Jun2026 23:37:37.084] [main/DEBUG] [net.minecraftforge.fml.javafmlmod.FMLModContainer/LOADING]: Creating FMLModContainer instance for com.stal111.valhelsia_structures.core.ValhelsiaStructures
[12Jun2026 23:37:37.084] [main/DEBUG] [net.minecraftforge.fml.javafmlmod.FMLJavaModLanguageProvider/LOADING]: Loading FMLModContainer from classloader cpw.mods.modlauncher.TransformingClassLoader@45a1d057 - got cpw.mods.cl.ModuleClassLoader@627d8516
[12Jun2026 23:37:37.084] [main/DEBUG] [net.minecraftforge.fml.javafmlmod.FMLModContainer/LOADING]: Creating FMLModContainer instance for org.popcraft.chunky.ChunkyForge
[12Jun2026 23:37:37.085] [main/DEBUG] [net.minecraftforge.fml.javafmlmod.FMLJavaModLanguageProvider/LOADING]: Loading FMLModContainer from classloader cpw.mods.modlauncher.TransformingClassLoader@45a1d057 - got cpw.mods.cl.ModuleClassLoader@627d8516
[12Jun2026 23:37:37.085] [main/DEBUG] [net.minecraftforge.fml.javafmlmod.FMLModContainer/LOADING]: Creating FMLModContainer instance for dev.worldgen.lithostitched.LithostitchedForge
[12Jun2026 23:37:37.086] [main/DEBUG] [net.minecraftforge.fml.javafmlmod.FMLJavaModLanguageProvider/LOADING]: Loading FMLModContainer from classloader cpw.mods.modlauncher.TransformingClassLoader@45a1d057 - got cpw.mods.cl.ModuleClassLoader@627d8516
[12Jun2026 23:37:37.086] [main/DEBUG] [net.minecraftforge.fml.javafmlmod.FMLModContainer/LOADING]: Creating FMLModContainer instance for xaero.lib.XaeroLibForge
[12Jun2026 23:37:37.086] [main/DEBUG] [net.minecraftforge.fml.javafmlmod.FMLJavaModLanguageProvider/LOADING]: Loading FMLModContainer from classloader cpw.mods.modlauncher.TransformingClassLoader@45a1d057 - got cpw.mods.cl.ModuleClassLoader@627d8516
[12Jun2026 23:37:37.086] [main/DEBUG] [net.minecraftforge.fml.javafmlmod.FMLModContainer/LOADING]: Creating FMLModContainer instance for com.connectivity.Connectivity
[12Jun2026 23:37:37.087] [main/DEBUG] [net.minecraftforge.fml.javafmlmod.FMLJavaModLanguageProvider/LOADING]: Loading FMLModContainer from classloader cpw.mods.modlauncher.TransformingClassLoader@45a1d057 - got cpw.mods.cl.ModuleClassLoader@627d8516
[12Jun2026 23:37:37.087] [main/DEBUG] [net.minecraftforge.fml.javafmlmod.FMLModContainer/LOADING]: Creating FMLModContainer instance for xaero.minimap.XaeroMinimapForge
[12Jun2026 23:37:37.088] [main/DEBUG] [net.minecraftforge.fml.javafmlmod.FMLJavaModLanguageProvider/LOADING]: Loading FMLModContainer from classloader cpw.mods.modlauncher.TransformingClassLoader@45a1d057 - got cpw.mods.cl.ModuleClassLoader@627d8516
[12Jun2026 23:37:37.089] [main/DEBUG] [net.minecraftforge.fml.javafmlmod.FMLModContainer/LOADING]: Creating FMLModContainer instance for net.blay09.mods.waystones.ForgeWaystones
[12Jun2026 23:37:37.089] [main/DEBUG] [net.minecraftforge.fml.javafmlmod.FMLJavaModLanguageProvider/LOADING]: Loading FMLModContainer from classloader cpw.mods.modlauncher.TransformingClassLoader@45a1d057 - got cpw.mods.cl.ModuleClassLoader@627d8516
[12Jun2026 23:37:37.089] [main/DEBUG] [net.minecraftforge.fml.javafmlmod.FMLModContainer/LOADING]: Creating FMLModContainer instance for de.maxhenkel.gravestone.Main
[12Jun2026 23:37:37.091] [main/DEBUG] [net.minecraftforge.fml.javafmlmod.FMLJavaModLanguageProvider/LOADING]: Loading FMLModContainer from classloader cpw.mods.modlauncher.TransformingClassLoader@45a1d057 - got cpw.mods.cl.ModuleClassLoader@627d8516
[12Jun2026 23:37:37.091] [main/DEBUG] [net.minecraftforge.fml.javafmlmod.FMLModContainer/LOADING]: Creating FMLModContainer instance for com.tiviacz.travelersbackpack.TravelersBackpack
[12Jun2026 23:37:37.092] [main/DEBUG] [net.minecraftforge.fml.javafmlmod.FMLJavaModLanguageProvider/LOADING]: Loading FMLModContainer from classloader cpw.mods.modlauncher.TransformingClassLoader@45a1d057 - got cpw.mods.cl.ModuleClassLoader@627d8516
[12Jun2026 23:37:37.092] [main/DEBUG] [net.minecraftforge.fml.javafmlmod.FMLModContainer/LOADING]: Creating FMLModContainer instance for su.plo.voice.ModVoice
[12Jun2026 23:37:37.092] [main/DEBUG] [net.minecraftforge.fml.javafmlmod.FMLJavaModLanguageProvider/LOADING]: Loading FMLModContainer from classloader cpw.mods.modlauncher.TransformingClassLoader@45a1d057 - got cpw.mods.cl.ModuleClassLoader@627d8516
[12Jun2026 23:37:37.093] [main/DEBUG] [net.minecraftforge.fml.javafmlmod.FMLModContainer/LOADING]: Creating FMLModContainer instance for com.llamalad7.mixinextras.platform.forge.MixinExtrasMod
[12Jun2026 23:37:37.093] [main/DEBUG] [net.minecraftforge.fml.javafmlmod.FMLJavaModLanguageProvider/LOADING]: Loading FMLModContainer from classloader cpw.mods.modlauncher.TransformingClassLoader@45a1d057 - got cpw.mods.cl.ModuleClassLoader@627d8516
[12Jun2026 23:37:37.093] [main/DEBUG] [net.minecraftforge.fml.javafmlmod.FMLModContainer/LOADING]: Creating FMLModContainer instance for dev.ftb.mods.ftbultimine.forge.FTBUltimineForge
[12Jun2026 23:37:37.093] [main/DEBUG] [net.minecraftforge.fml.javafmlmod.FMLJavaModLanguageProvider/LOADING]: Loading FMLModContainer from classloader cpw.mods.modlauncher.TransformingClassLoader@45a1d057 - got cpw.mods.cl.ModuleClassLoader@627d8516
[12Jun2026 23:37:37.093] [main/DEBUG] [net.minecraftforge.fml.javafmlmod.FMLModContainer/LOADING]: Creating FMLModContainer instance for org.sinytra.connector.mod.ConnectorMod
[12Jun2026 23:37:37.094] [main/DEBUG] [net.minecraftforge.fml.javafmlmod.FMLJavaModLanguageProvider/LOADING]: Loading FMLModContainer from classloader cpw.mods.modlauncher.TransformingClassLoader@45a1d057 - got cpw.mods.cl.ModuleClassLoader@627d8516
[12Jun2026 23:37:37.094] [main/DEBUG] [net.minecraftforge.fml.javafmlmod.FMLModContainer/LOADING]: Creating FMLModContainer instance for com.corosus.coroutil.loader.forge.ConfigModForge
[12Jun2026 23:37:37.094] [main/DEBUG] [net.minecraftforge.fml.javafmlmod.FMLJavaModLanguageProvider/LOADING]: Loading FMLModContainer from classloader cpw.mods.modlauncher.TransformingClassLoader@45a1d057 - got cpw.mods.cl.ModuleClassLoader@627d8516
[12Jun2026 23:37:37.094] [main/DEBUG] [net.minecraftforge.fml.javafmlmod.FMLModContainer/LOADING]: Creating FMLModContainer instance for dev.architectury.forge.ArchitecturyForge
[12Jun2026 23:37:37.095] [main/DEBUG] [net.minecraftforge.fml.javafmlmod.FMLJavaModLanguageProvider/LOADING]: Loading FMLModContainer from classloader cpw.mods.modlauncher.TransformingClassLoader@45a1d057 - got cpw.mods.cl.ModuleClassLoader@627d8516
[12Jun2026 23:37:37.095] [main/DEBUG] [net.minecraftforge.fml.javafmlmod.FMLModContainer/LOADING]: Creating FMLModContainer instance for dev.ftb.mods.ftblibrary.forge.FTBLibraryForge
[12Jun2026 23:37:37.095] [main/DEBUG] [net.minecraftforge.fml.javafmlmod.FMLJavaModLanguageProvider/LOADING]: Loading FMLModContainer from classloader cpw.mods.modlauncher.TransformingClassLoader@45a1d057 - got cpw.mods.cl.ModuleClassLoader@627d8516
[12Jun2026 23:37:37.095] [main/DEBUG] [net.minecraftforge.fml.javafmlmod.FMLModContainer/LOADING]: Creating FMLModContainer instance for malte0811.ferritecore.ModMainForge
[12Jun2026 23:37:37.095] [main/DEBUG] [net.minecraftforge.fml.javafmlmod.FMLJavaModLanguageProvider/LOADING]: Loading FMLModContainer from classloader cpw.mods.modlauncher.TransformingClassLoader@45a1d057 - got cpw.mods.cl.ModuleClassLoader@627d8516
[12Jun2026 23:37:37.096] [main/DEBUG] [net.minecraftforge.fml.javafmlmod.FMLModContainer/LOADING]: Creating FMLModContainer instance for com.cupboard.Cupboard
[12Jun2026 23:37:37.096] [main/DEBUG] [net.minecraftforge.fml.javafmlmod.FMLJavaModLanguageProvider/LOADING]: Loading FMLModContainer from classloader cpw.mods.modlauncher.TransformingClassLoader@45a1d057 - got cpw.mods.cl.ModuleClassLoader@627d8516
[12Jun2026 23:37:37.096] [main/DEBUG] [net.minecraftforge.fml.javafmlmod.FMLModContainer/LOADING]: Creating FMLModContainer instance for net.blay09.mods.balm.forge.ForgeBalm
[12Jun2026 23:37:37.097] [main/DEBUG] [net.minecraftforge.fml.lowcodemod.LowCodeModLanguageProvider.LowCodeModTarget/LOADING]: Loading LowCodeModContainer from classloader cpw.mods.modlauncher.TransformingClassLoader@45a1d057 - got cpw.mods.cl.ModuleClassLoader@627d8516
[12Jun2026 23:37:37.097] [main/DEBUG] [net.minecraftforge.fml.lowcodemod.LowCodeModContainer/LOADING]: Creating LowCodeModContainer for terralith
[12Jun2026 23:37:37.097] [main/DEBUG] [net.minecraftforge.fml.javafmlmod.FMLJavaModLanguageProvider/LOADING]: Loading FMLModContainer from classloader cpw.mods.modlauncher.TransformingClassLoader@45a1d057 - got cpw.mods.cl.ModuleClassLoader@627d8516
[12Jun2026 23:37:37.098] [main/DEBUG] [net.minecraftforge.fml.javafmlmod.FMLModContainer/LOADING]: Creating FMLModContainer instance for immersive_armors.forge.CommonForge
[12Jun2026 23:37:37.098] [main/DEBUG] [net.minecraftforge.fml.javafmlmod.FMLJavaModLanguageProvider/LOADING]: Loading FMLModContainer from classloader cpw.mods.modlauncher.TransformingClassLoader@45a1d057 - got cpw.mods.cl.ModuleClassLoader@627d8516
[12Jun2026 23:37:37.098] [main/DEBUG] [net.minecraftforge.fml.javafmlmod.FMLModContainer/LOADING]: Creating FMLModContainer instance for com.corosus.watut.loader.forge.WatutModForge
[12Jun2026 23:37:37.099] [main/DEBUG] [net.minecraftforge.fml.javafmlmod.FMLJavaModLanguageProvider/LOADING]: Loading FMLModContainer from classloader cpw.mods.modlauncher.TransformingClassLoader@45a1d057 - got cpw.mods.cl.ModuleClassLoader@627d8516
[12Jun2026 23:37:37.099] [main/DEBUG] [net.minecraftforge.fml.javafmlmod.FMLModContainer/LOADING]: Creating FMLModContainer instance for net.minecraftforge.common.ForgeMod
[12Jun2026 23:37:37.099] [main/DEBUG] [net.minecraftforge.fml.javafmlmod.FMLJavaModLanguageProvider/LOADING]: Loading FMLModContainer from classloader cpw.mods.modlauncher.TransformingClassLoader@45a1d057 - got cpw.mods.cl.ModuleClassLoader@627d8516
[12Jun2026 23:37:37.099] [main/DEBUG] [net.minecraftforge.fml.javafmlmod.FMLModContainer/LOADING]: Creating FMLModContainer instance for squeek.appleskin.AppleSkin
[12Jun2026 23:37:37.099] [main/DEBUG] [net.minecraftforge.fml.javafmlmod.FMLJavaModLanguageProvider/LOADING]: Loading FMLModContainer from classloader cpw.mods.modlauncher.TransformingClassLoader@45a1d057 - got cpw.mods.cl.ModuleClassLoader@627d8516
[12Jun2026 23:37:37.099] [main/DEBUG] [net.minecraftforge.fml.javafmlmod.FMLModContainer/LOADING]: Creating FMLModContainer instance for de.cristelknight999.t_and_t.TT
[12Jun2026 23:37:37.100] [main/DEBUG] [net.minecraftforge.fml.javafmlmod.FMLJavaModLanguageProvider/LOADING]: Loading FMLModContainer from classloader cpw.mods.modlauncher.TransformingClassLoader@45a1d057 - got cpw.mods.cl.ModuleClassLoader@627d8516
[12Jun2026 23:37:37.100] [main/DEBUG] [net.minecraftforge.fml.javafmlmod.FMLModContainer/LOADING]: Creating FMLModContainer instance for com.frikinjay.letmedespawn.forge.LetMeDespawnForge
[12Jun2026 23:37:37.100] [main/DEBUG] [net.minecraftforge.fml.javafmlmod.FMLJavaModLanguageProvider/LOADING]: Loading FMLModContainer from classloader cpw.mods.modlauncher.TransformingClassLoader@45a1d057 - got cpw.mods.cl.ModuleClassLoader@627d8516
[12Jun2026 23:37:37.100] [main/DEBUG] [net.minecraftforge.fml.javafmlmod.FMLModContainer/LOADING]: Creating FMLModContainer instance for net.valhelsia.valhelsia_core.core.forge.ValhelsiaCoreForge
[12Jun2026 23:37:37.100] [main/DEBUG] [net.minecraftforge.fml.javafmlmod.FMLJavaModLanguageProvider/LOADING]: Loading FMLModContainer from classloader cpw.mods.modlauncher.TransformingClassLoader@45a1d057 - got cpw.mods.cl.ModuleClassLoader@627d8516
[12Jun2026 23:37:37.100] [main/DEBUG] [net.minecraftforge.fml.javafmlmod.FMLModContainer/LOADING]: Creating FMLModContainer instance for net.lionarius.skinrestorer.forge.SkinRestorerForge
[12Jun2026 23:37:37.101] [main/DEBUG] [net.minecraftforge.fml.javafmlmod.FMLJavaModLanguageProvider/LOADING]: Loading FMLModContainer from classloader cpw.mods.modlauncher.TransformingClassLoader@45a1d057 - got cpw.mods.cl.ModuleClassLoader@627d8516
[12Jun2026 23:37:37.101] [main/DEBUG] [net.minecraftforge.fml.javafmlmod.FMLModContainer/LOADING]: Creating FMLModContainer instance for dev.worldgen.tectonic.TectonicLexforge
[12Jun2026 23:37:37.101] [main/DEBUG] [net.minecraftforge.fml.javafmlmod.FMLJavaModLanguageProvider/LOADING]: Loading FMLModContainer from classloader cpw.mods.modlauncher.TransformingClassLoader@45a1d057 - got cpw.mods.cl.ModuleClassLoader@627d8516
[12Jun2026 23:37:37.101] [main/DEBUG] [net.minecraftforge.fml.javafmlmod.FMLModContainer/LOADING]: Creating FMLModContainer instance for net.cristellib.forge.CristelLibForge
[12Jun2026 23:37:37.111] [modloading-worker-0/DEBUG] [net.minecraftforge.fml.javafmlmod.AutomaticEventSubscriber/LOADING]: Attempting to inject @EventBusSubscriber classes into the eventbus for kuma_api
[12Jun2026 23:37:37.111] [modloading-worker-0/DEBUG] [net.minecraftforge.fml.javafmlmod.AutomaticEventSubscriber/LOADING]: Attempting to inject @EventBusSubscriber classes into the eventbus for trade_cycling
[12Jun2026 23:37:37.114] [modloading-worker-0/DEBUG] [net.minecraftforge.fml.javafmlmod.AutomaticEventSubscriber/LOADING]: Attempting to inject @EventBusSubscriber classes into the eventbus for almanac
[12Jun2026 23:37:37.115] [modloading-worker-0/DEBUG] [net.minecraftforge.fml.javafmlmod.AutomaticEventSubscriber/LOADING]: Attempting to inject @EventBusSubscriber classes into the eventbus for mixinextras
[12Jun2026 23:37:37.118] [modloading-worker-0/DEBUG] [xaero.lib.XaeroLib/]: Loaded xaero.lib.platform.services.PlatformHelperForge@41a448c2 for service interface xaero.lib.platform.services.IPlatformHelper
[12Jun2026 23:37:37.119] [modloading-worker-0/INFO] [coroutil/]: forge loader environment detected
[12Jun2026 23:37:37.121] [modloading-worker-0/DEBUG] [net.minecraftforge.fml.javafmlmod.AutomaticEventSubscriber/LOADING]: Attempting to inject @EventBusSubscriber classes into the eventbus for plasmovoice
[12Jun2026 23:37:37.123] [modloading-worker-0/DEBUG] [net.minecraftforge.fml.javafmlmod.AutomaticEventSubscriber/LOADING]: Attempting to inject @EventBusSubscriber classes into the eventbus for chunky
[12Jun2026 23:37:37.123] [modloading-worker-0/DEBUG] [net.minecraftforge.fml.javafmlmod.AutomaticEventSubscriber/LOADING]: Attempting to inject @EventBusSubscriber classes into the eventbus for smoothchunk
[12Jun2026 23:37:37.125] [modloading-worker-0/DEBUG] [net.minecraftforge.fml.javafmlmod.AutomaticEventSubscriber/LOADING]: Attempting to inject @EventBusSubscriber classes into the eventbus for ferritecore
[12Jun2026 23:37:37.127] [modloading-worker-0/DEBUG] [net.minecraftforge.fml.javafmlmod.AutomaticEventSubscriber/LOADING]: Attempting to inject @EventBusSubscriber classes into the eventbus for connectormod
[12Jun2026 23:37:37.127] [modloading-worker-0/INFO] [com.cupboard.Cupboard/]: Loaded config for: cupboard.json
[12Jun2026 23:37:37.136] [modloading-worker-0/DEBUG] [net.minecraftforge.fml.javafmlmod.AutomaticEventSubscriber/LOADING]: Attempting to inject @EventBusSubscriber classes into the eventbus for connectivity
[12Jun2026 23:37:37.137] [modloading-worker-0/DEBUG] [net.minecraftforge.fml.config.ConfigTracker/CONFIG]: Config file CoroUtil\General.toml for coroutil tracking
[12Jun2026 23:37:37.141] [modloading-worker-0/DEBUG] [net.minecraftforge.versions.forge.ForgeVersion/CORE]: Forge Version package package net.minecraftforge.versions.forge, Forge, version 47.4 from cpw.mods.modlauncher.TransformingClassLoader@45a1d057
[12Jun2026 23:37:37.141] [modloading-worker-0/DEBUG] [net.minecraftforge.fml.config.ConfigTracker/CONFIG]: Config file watut-common.toml for watut tracking
[12Jun2026 23:37:37.141] [modloading-worker-0/DEBUG] [net.minecraftforge.versions.forge.ForgeVersion/CORE]: Found Forge version 47.4.10
[12Jun2026 23:37:37.141] [modloading-worker-0/DEBUG] [net.minecraftforge.versions.forge.ForgeVersion/CORE]: Found Forge spec 47.4
[12Jun2026 23:37:37.141] [modloading-worker-0/DEBUG] [net.minecraftforge.versions.forge.ForgeVersion/CORE]: Found Forge group net.minecraftforge
[12Jun2026 23:37:37.141] [modloading-worker-0/DEBUG] [net.minecraftforge.fml.javafmlmod.AutomaticEventSubscriber/LOADING]: Attempting to inject @EventBusSubscriber classes into the eventbus for coroutil
[12Jun2026 23:37:37.142] [modloading-worker-0/DEBUG] [net.minecraftforge.versions.mcp.MCPVersion/CORE]: MCP Version package package net.minecraftforge.versions.mcp, Minecraft, version 1.20.1 from cpw.mods.modlauncher.TransformingClassLoader@45a1d057
[12Jun2026 23:37:37.142] [modloading-worker-0/DEBUG] [net.minecraftforge.versions.mcp.MCPVersion/CORE]: Found MC version information 1.20.1
[12Jun2026 23:37:37.142] [modloading-worker-0/DEBUG] [net.minecraftforge.versions.mcp.MCPVersion/CORE]: Found MCP version information 20230612.114412
[12Jun2026 23:37:37.142] [modloading-worker-0/INFO] [net.minecraftforge.common.ForgeMod/FORGEMOD]: Forge mod loading, version 47.4.10, for MC 1.20.1 with MCP 20230612.114412
[12Jun2026 23:37:37.143] [modloading-worker-0/DEBUG] [net.minecraftforge.fml.javafmlmod.AutomaticEventSubscriber/LOADING]: Attempting to inject @EventBusSubscriber classes into the eventbus for cupboard
[12Jun2026 23:37:37.144] [modloading-worker-0/DEBUG] [net.minecraftforge.fml.javafmlmod.AutomaticEventSubscriber/LOADING]: Attempting to inject @EventBusSubscriber classes into the eventbus for t_and_t
[12Jun2026 23:37:37.143] [modloading-worker-0/INFO] [net.minecraftforge.common.MinecraftForge/FORGE]: MinecraftForge v47.4.10 Initialized
[12Jun2026 23:37:37.149] [modloading-worker-0/DEBUG] [net.minecraftforge.fml.config.ConfigTracker/CONFIG]: Config file gravestone-server.toml for gravestone tracking
[12Jun2026 23:37:37.151] [modloading-worker-0/DEBUG] [net.minecraftforge.fml.config.ConfigTracker/CONFIG]: Config file appleskin-client.toml for appleskin tracking
[12Jun2026 23:37:37.151] [modloading-worker-0/DEBUG] [net.minecraftforge.fml.javafmlmod.AutomaticEventSubscriber/LOADING]: Attempting to inject @EventBusSubscriber classes into the eventbus for letmedespawn
[12Jun2026 23:37:37.154] [modloading-worker-0/DEBUG] [net.minecraftforge.fml.config.ConfigTracker/CONFIG]: Config file watut-server.toml for watut tracking
[12Jun2026 23:37:37.158] [modloading-worker-0/DEBUG] [net.minecraftforge.fml.config.ConfigTracker/CONFIG]: Config file watut-client.toml for watut tracking
[12Jun2026 23:37:37.162] [modloading-worker-0/DEBUG] [net.minecraftforge.fml.config.ConfigTracker/CONFIG]: Config file gravestone-client.toml for gravestone tracking
[12Jun2026 23:37:37.162] [modloading-worker-0/DEBUG] [net.minecraftforge.fml.javafmlmod.AutomaticEventSubscriber/LOADING]: Attempting to inject @EventBusSubscriber classes into the eventbus for appleskin
[12Jun2026 23:37:37.162] [modloading-worker-0/INFO] [dev.architectury.networking.forge.NetworkManagerImpl/]: Registering C2S receiver with id architectury:sync_ids
[12Jun2026 23:37:37.163] [modloading-worker-0/DEBUG] [net.minecraftforge.fml.javafmlmod.AutomaticEventSubscriber/LOADING]: Attempting to inject @EventBusSubscriber classes into the eventbus for gravestone
[12Jun2026 23:37:37.163] [modloading-worker-0/DEBUG] [net.minecraftforge.fml.javafmlmod.AutomaticEventSubscriber/LOADING]: Auto-subscribing de.maxhenkel.gravestone.Main to FORGE
[12Jun2026 23:37:37.163] [modloading-worker-0/INFO] [dev.architectury.networking.forge.NetworkManagerImpl/]: Registering C2S receiver with id ftbultimine:key_pressed
[12Jun2026 23:37:37.165] [modloading-worker-0/DEBUG] [net.minecraftforge.fml.javafmlmod.AutomaticEventSubscriber/LOADING]: Attempting to inject @EventBusSubscriber classes into the eventbus for immersive_armors
[12Jun2026 23:37:37.165] [modloading-worker-0/DEBUG] [net.minecraftforge.fml.javafmlmod.AutomaticEventSubscriber/LOADING]: Auto-subscribing immersive_armors.forge.LootProvider$EventHandlers to MOD
[12Jun2026 23:37:37.165] [modloading-worker-0/INFO] [dev.architectury.networking.forge.NetworkManagerImpl/]: Registering C2S receiver with id ftbultimine:mode_changed
[12Jun2026 23:37:37.166] [modloading-worker-0/INFO] [dev.architectury.networking.forge.NetworkManagerImpl/]: Registering C2S receiver with id ftblibrary:edit_nbt_response
[12Jun2026 23:37:37.168] [modloading-worker-0/DEBUG] [net.minecraftforge.fml.javafmlmod.AutomaticEventSubscriber/LOADING]: Auto-subscribing immersive_armors.forge.ForgeBusEvents to FORGE
[12Jun2026 23:37:37.168] [modloading-worker-0/INFO] [dev.architectury.networking.forge.NetworkManagerImpl/]: Registering C2S receiver with id ftbultimine:sync_config_to_server
[12Jun2026 23:37:37.169] [modloading-worker-0/DEBUG] [mixin/]: Mixing MixinLevelEvent from architectury.mixins.json into net.minecraftforge.event.level.LevelEvent
[12Jun2026 23:37:37.173] [modloading-worker-0/DEBUG] [SkinRestorer/]: Loaded net.lionarius.skinrestorer.forge.platform.ForgePlatformHelper@604b6085 for service interface net.lionarius.skinrestorer.platform.services.PlatformHelper
[12Jun2026 23:37:37.174] [modloading-worker-0/DEBUG] [xaero.hud.minimap.MinimapLogs/]: Loaded xaero.common.platform.services.ForgePlatformHelper@69e06011 for service interface xaero.common.platform.services.IPlatformHelper
[12Jun2026 23:37:37.175] [modloading-worker-0/DEBUG] [SkinRestorer/]: Loaded net.lionarius.skinrestorer.forge.platform.ForgeCompatibilityHelper@6e6512a8 for service interface net.lionarius.skinrestorer.platform.services.CompatibilityHelper
[12Jun2026 23:37:37.175] [modloading-worker-0/DEBUG] [net.minecraftforge.fml.javafmlmod.AutomaticEventSubscriber/LOADING]: Attempting to inject @EventBusSubscriber classes into the eventbus for valhelsia_core
[12Jun2026 23:37:37.175] [modloading-worker-0/DEBUG] [net.minecraftforge.fml.javafmlmod.AutomaticEventSubscriber/LOADING]: Auto-subscribing immersive_armors.forge.CommonForge to MOD
[12Jun2026 23:37:37.180] [modloading-worker-0/DEBUG] [net.minecraftforge.fml.config.ConfigTracker/CONFIG]: Config file travelersbackpack-server.toml for travelersbackpack tracking
[12Jun2026 23:37:37.183] [modloading-worker-0/DEBUG] [net.minecraftforge.fml.config.ConfigTracker/CONFIG]: Config file travelersbackpack-common.toml for travelersbackpack tracking
[12Jun2026 23:37:37.183] [modloading-worker-0/DEBUG] [net.minecraftforge.fml.config.ConfigTracker/CONFIG]: Config file travelersbackpack-client.toml for travelersbackpack tracking
[12Jun2026 23:37:37.184] [modloading-worker-0/DEBUG] [net.minecraftforge.fml.javafmlmod.AutomaticEventSubscriber/LOADING]: Attempting to inject @EventBusSubscriber classes into the eventbus for ftblibrary
[12Jun2026 23:37:37.186] [modloading-worker-0/DEBUG] [net.minecraftforge.fml.config.ConfigTracker/CONFIG]: Config file forge-client.toml for forge tracking
[12Jun2026 23:37:37.186] [modloading-worker-0/DEBUG] [net.minecraftforge.fml.config.ConfigTracker/CONFIG]: Config file forge-server.toml for forge tracking
[12Jun2026 23:37:37.186] [modloading-worker-0/DEBUG] [net.minecraftforge.fml.ModLoadingContext/]: Attempted to register an empty config for type COMMON on mod forge
[12Jun2026 23:37:37.190] [modloading-worker-0/DEBUG] [mixin/]: Mixing MixinPlayerList from xaerolib.mixins.json into net.minecraft.server.players.PlayerList
[12Jun2026 23:37:37.192] [modloading-worker-0/DEBUG] [mixin/]: Mixing MixinPlayerList from xaerohud.mixins.json into net.minecraft.server.players.PlayerList
[12Jun2026 23:37:37.193] [modloading-worker-0/DEBUG] [mixin/]: Mixing MixinPlayerList from slib.mixins.json into net.minecraft.server.players.PlayerList
[12Jun2026 23:37:37.193] [modloading-worker-0/DEBUG] [mixin/]: Mixing PlayerListMixin from connectormod.mixins.json into net.minecraft.server.players.PlayerList
[12Jun2026 23:37:37.195] [modloading-worker-0/DEBUG] [mixin/]: Mixing PlayerListMixin from balm.mixins.json into net.minecraft.server.players.PlayerList
[12Jun2026 23:37:37.196] [modloading-worker-0/DEBUG] [mixin/]: Mixing PlayerListMixin from skinrestorer.mixins.json into net.minecraft.server.players.PlayerList
[12Jun2026 23:37:37.196] [modloading-worker-0/DEBUG] [mixin/]: Renaming synthetic method lambda$placeNewPlayer$0(Ljava/util/UUID;)V to md71c79a$skinrestorer$lambda$placeNewPlayer$0$0 in skinrestorer.mixins.json:PlayerListMixin from mod skinrestorer
[12Jun2026 23:37:37.203] [modloading-worker-0/DEBUG] [mixin/]: xaerolib.mixins.json:MixinPlayerList from mod xaerolib->@Inject::onSendLevelInfo(Lnet/minecraft/server/level/ServerPlayer;Lnet/minecraft/server/level/ServerLevel;Lorg/spongepowered/asm/mixin/injection/callback/CallbackInfo;)V doesn't use it's CallbackInfo
[12Jun2026 23:37:37.203] [modloading-worker-0/DEBUG] [mixin/]: xaerolib.mixins.json:MixinPlayerList from mod xaerolib->@Inject::onSendLevelInfo(Lnet/minecraft/server/level/ServerPlayer;Lnet/minecraft/server/level/ServerLevel;Lorg/spongepowered/asm/mixin/injection/callback/CallbackInfo;)V has 0 override(s) in child classes
[12Jun2026 23:37:37.203] [modloading-worker-0/DEBUG] [mixin/]: xaerolib.mixins.json:MixinPlayerList from mod xaerolib->@Inject::onSendLevelInfo(Lnet/minecraft/server/level/ServerPlayer;Lnet/minecraft/server/level/ServerLevel;Lorg/spongepowered/asm/mixin/injection/callback/CallbackInfo;)V won't be passed a CallbackInfo as a result
[12Jun2026 23:37:37.203] [modloading-worker-0/DEBUG] [mixin/]: xaerohud.mixins.json:MixinPlayerList from mod xaerominimap->@Inject::onSendWorldInfo(Lnet/minecraft/server/level/ServerPlayer;Lnet/minecraft/server/level/ServerLevel;Lorg/spongepowered/asm/mixin/injection/callback/CallbackInfo;)V doesn't use it's CallbackInfo
[12Jun2026 23:37:37.203] [modloading-worker-0/DEBUG] [mixin/]: xaerohud.mixins.json:MixinPlayerList from mod xaerominimap->@Inject::onSendWorldInfo(Lnet/minecraft/server/level/ServerPlayer;Lnet/minecraft/server/level/ServerLevel;Lorg/spongepowered/asm/mixin/injection/callback/CallbackInfo;)V has 0 override(s) in child classes
[12Jun2026 23:37:37.203] [modloading-worker-0/DEBUG] [mixin/]: xaerohud.mixins.json:MixinPlayerList from mod xaerominimap->@Inject::onSendWorldInfo(Lnet/minecraft/server/level/ServerPlayer;Lnet/minecraft/server/level/ServerLevel;Lorg/spongepowered/asm/mixin/injection/callback/CallbackInfo;)V won't be passed a CallbackInfo as a result
[12Jun2026 23:37:37.203] [modloading-worker-0/DEBUG] [mixin/]: slib.mixins.json:MixinPlayerList from mod plasmovoice->@Inject::onRespawn(Lnet/minecraft/server/level/ServerPlayer;ZLorg/spongepowered/asm/mixin/injection/callback/CallbackInfoReturnable;)V does use it's CallbackInfoReturnable
[12Jun2026 23:37:37.203] [modloading-worker-0/DEBUG] [mixin/]: connectormod.mixins.json:PlayerListMixin from mod connectormod->@Inject::onGetPlayers(Lorg/spongepowered/asm/mixin/injection/callback/CallbackInfoReturnable;)V does use it's CallbackInfoReturnable
[12Jun2026 23:37:37.203] [modloading-worker-0/DEBUG] [mixin/]: balm.mixins.json:PlayerListMixin from mod balm->@Inject::handlePlayerConnection(Lnet/minecraft/network/Connection;Lnet/minecraft/server/level/ServerPlayer;Lorg/spongepowered/asm/mixin/injection/callback/CallbackInfo;)V doesn't use it's CallbackInfo
[12Jun2026 23:37:37.203] [modloading-worker-0/DEBUG] [mixin/]: balm.mixins.json:PlayerListMixin from mod balm->@Inject::handlePlayerConnection(Lnet/minecraft/network/Connection;Lnet/minecraft/server/level/ServerPlayer;Lorg/spongepowered/asm/mixin/injection/callback/CallbackInfo;)V has 0 override(s) in child classes
[12Jun2026 23:37:37.203] [modloading-worker-0/DEBUG] [mixin/]: balm.mixins.json:PlayerListMixin from mod balm->@Inject::handlePlayerConnection(Lnet/minecraft/network/Connection;Lnet/minecraft/server/level/ServerPlayer;Lorg/spongepowered/asm/mixin/injection/callback/CallbackInfo;)V won't be passed a CallbackInfo as a result
[12Jun2026 23:37:37.203] [modloading-worker-0/DEBUG] [mixin/]: skinrestorer.mixins.json:PlayerListMixin from mod skinrestorer->@Inject::remove(Lnet/minecraft/server/level/ServerPlayer;Lorg/spongepowered/asm/mixin/injection/callback/CallbackInfo;)V doesn't use it's CallbackInfo
[12Jun2026 23:37:37.203] [modloading-worker-0/DEBUG] [mixin/]: skinrestorer.mixins.json:PlayerListMixin from mod skinrestorer->@Inject::remove(Lnet/minecraft/server/level/ServerPlayer;Lorg/spongepowered/asm/mixin/injection/callback/CallbackInfo;)V has 0 override(s) in child classes
[12Jun2026 23:37:37.203] [modloading-worker-0/DEBUG] [mixin/]: skinrestorer.mixins.json:PlayerListMixin from mod skinrestorer->@Inject::remove(Lnet/minecraft/server/level/ServerPlayer;Lorg/spongepowered/asm/mixin/injection/callback/CallbackInfo;)V won't be passed a CallbackInfo as a result
[12Jun2026 23:37:37.203] [modloading-worker-0/DEBUG] [mixin/]: skinrestorer.mixins.json:PlayerListMixin from mod skinrestorer->@Inject::removeAll(Lorg/spongepowered/asm/mixin/injection/callback/CallbackInfo;)V doesn't use it's CallbackInfo
[12Jun2026 23:37:37.203] [modloading-worker-0/DEBUG] [mixin/]: skinrestorer.mixins.json:PlayerListMixin from mod skinrestorer->@Inject::removeAll(Lorg/spongepowered/asm/mixin/injection/callback/CallbackInfo;)V has 0 override(s) in child classes
[12Jun2026 23:37:37.203] [modloading-worker-0/DEBUG] [mixin/]: skinrestorer.mixins.json:PlayerListMixin from mod skinrestorer->@Inject::removeAll(Lorg/spongepowered/asm/mixin/injection/callback/CallbackInfo;)V won't be passed a CallbackInfo as a result
[12Jun2026 23:37:37.203] [modloading-worker-0/DEBUG] [mixin/]: skinrestorer.mixins.json:PlayerListMixin from mod skinrestorer->@Inject::placeNewPlayer(Lnet/minecraft/network/Connection;Lnet/minecraft/server/level/ServerPlayer;Lorg/spongepowered/asm/mixin/injection/callback/CallbackInfo;)V doesn't use it's CallbackInfo
[12Jun2026 23:37:37.203] [modloading-worker-0/DEBUG] [mixin/]: skinrestorer.mixins.json:PlayerListMixin from mod skinrestorer->@Inject::placeNewPlayer(Lnet/minecraft/network/Connection;Lnet/minecraft/server/level/ServerPlayer;Lorg/spongepowered/asm/mixin/injection/callback/CallbackInfo;)V has 0 override(s) in child classes
[12Jun2026 23:37:37.203] [modloading-worker-0/DEBUG] [mixin/]: skinrestorer.mixins.json:PlayerListMixin from mod skinrestorer->@Inject::placeNewPlayer(Lnet/minecraft/network/Connection;Lnet/minecraft/server/level/ServerPlayer;Lorg/spongepowered/asm/mixin/injection/callback/CallbackInfo;)V won't be passed a CallbackInfo as a result
[12Jun2026 23:37:37.208] [modloading-worker-0/DEBUG] [mixin/]: Mixing LootTableMixin from balm.mixins.json into net.minecraft.world.level.storage.loot.LootTable
[12Jun2026 23:37:37.211] [modloading-worker-0/DEBUG] [mixin/]: balm.mixins.json:LootTableMixin from mod balm->@Inject::getRandomItems(Lnet/minecraft/world/level/storage/loot/LootContext;Lorg/spongepowered/asm/mixin/injection/callback/CallbackInfoReturnable;)V does use it's CallbackInfoReturnable
[12Jun2026 23:37:37.216] [modloading-worker-0/INFO] [xaero.lib.XaeroLib/]: Registering common data for channel xaerolib:main!
[12Jun2026 23:37:37.218] [modloading-worker-0/DEBUG] [mixin/]: Mixing ReloadableServerResourcesMixin from balm.mixins.json into net.minecraft.server.ReloadableServerResources
[12Jun2026 23:37:37.218] [modloading-worker-0/DEBUG] [mixin/]: Renaming synthetic method lambda$loadResources$0(Lnet/minecraft/server/ReloadableServerResources;)V to md71c79a$balm$lambda$loadResources$0$0 in balm.mixins.json:ReloadableServerResourcesMixin from mod balm
[12Jun2026 23:37:37.221] [modloading-worker-0/DEBUG] [mixin/]: balm.mixins.json:ReloadableServerResourcesMixin from mod balm->@Inject::loadResources(Lnet/minecraft/server/packs/resources/ResourceManager;Lnet/minecraft/core/RegistryAccess$Frozen;Lnet/minecraft/world/flag/FeatureFlagSet;Lnet/minecraft/commands/Commands$CommandSelection;ILjava/util/concurrent/Executor;Ljava/util/concurrent/Executor;Lorg/spongepowered/asm/mixin/injection/callback/CallbackInfoReturnable;)V does use it's CallbackInfoReturnable
[12Jun2026 23:37:37.223] [modloading-worker-0/DEBUG] [net.minecraftforge.fml.javafmlmod.AutomaticEventSubscriber/LOADING]: Attempting to inject @EventBusSubscriber classes into the eventbus for watut
[12Jun2026 23:37:37.223] [modloading-worker-0/DEBUG] [net.minecraftforge.fml.javafmlmod.AutomaticEventSubscriber/LOADING]: Auto-subscribing com.corosus.watut.loader.forge.EventHandlerForge to MOD
[12Jun2026 23:37:37.229] [modloading-worker-0/INFO] [xaero.lib.XaeroLib/]: Loading primary common config for channel xaerolib:main!
[12Jun2026 23:37:37.231] [modloading-worker-0/DEBUG] [net.minecraftforge.fml.javafmlmod.AutomaticEventSubscriber/LOADING]: Attempting to inject @EventBusSubscriber classes into the eventbus for forge
[12Jun2026 23:37:37.232] [modloading-worker-0/DEBUG] [net.minecraftforge.fml.javafmlmod.AutomaticEventSubscriber/LOADING]: Auto-subscribing net.minecraftforge.common.ForgeSpawnEggItem$CommonHandler to MOD
[12Jun2026 23:37:37.250] [modloading-worker-0/INFO] [xaero.lib.XaeroLib/]: Loading server config profiles for channel xaerolib:main!
[12Jun2026 23:37:37.258] [modloading-worker-0/INFO] [xaero.common.HudMod/]: Registering common data for channel xaerominimap:main!
[12Jun2026 23:37:37.265] [modloading-worker-0/DEBUG] [net.minecraftforge.fml.javafmlmod.AutomaticEventSubscriber/LOADING]: Attempting to inject @EventBusSubscriber classes into the eventbus for architectury
[12Jun2026 23:37:37.267] [modloading-worker-0/DEBUG] [net.minecraftforge.fml.javafmlmod.AutomaticEventSubscriber/LOADING]: Auto-subscribing dev.architectury.registry.level.entity.trade.forge.TradeRegistryImpl to FORGE
[12Jun2026 23:37:37.267] [modloading-worker-0/DEBUG] [net.minecraftforge.fml.javafmlmod.AutomaticEventSubscriber/LOADING]: Attempting to inject @EventBusSubscriber classes into the eventbus for xaerolib
[12Jun2026 23:37:37.270] [modloading-worker-0/DEBUG] [net.minecraftforge.fml.config.ConfigTracker/CONFIG]: Config file valhelsia_structures-common.toml for valhelsia_structures tracking
[12Jun2026 23:37:37.271] [modloading-worker-0/DEBUG] [net.minecraftforge.fml.config.ConfigTracker/CONFIG]: Config file valhelsia_structures-client.toml for valhelsia_structures tracking
[12Jun2026 23:37:37.272] [modloading-worker-0/DEBUG] [net.minecraftforge.fml.javafmlmod.AutomaticEventSubscriber/LOADING]: Auto-subscribing dev.architectury.registry.forge.ReloadListenerRegistryImpl to FORGE
[12Jun2026 23:37:37.272] [modloading-worker-0/DEBUG] [net.minecraftforge.fml.javafmlmod.AutomaticEventSubscriber/LOADING]: Auto-subscribing dev.architectury.networking.forge.NetworkManagerImpl to FORGE
[12Jun2026 23:37:37.273] [modloading-worker-0/DEBUG] [net.minecraftforge.fml.javafmlmod.AutomaticEventSubscriber/LOADING]: Attempting to inject @EventBusSubscriber classes into the eventbus for valhelsia_structures
[12Jun2026 23:37:37.273] [modloading-worker-0/DEBUG] [net.minecraftforge.fml.javafmlmod.AutomaticEventSubscriber/LOADING]: Auto-subscribing com.stal111.valhelsia_structures.core.init.ModBlocks to MOD
[12Jun2026 23:37:37.273] [modloading-worker-0/DEBUG] [net.minecraftforge.fml.javafmlmod.AutomaticEventSubscriber/LOADING]: Auto-subscribing com.stal111.valhelsia_structures.core.data.DataGenerators to MOD
[12Jun2026 23:37:37.275] [modloading-worker-0/DEBUG] [net.minecraftforge.fml.javafmlmod.AutomaticEventSubscriber/LOADING]: Auto-subscribing com.stal111.valhelsia_structures.common.event.PlayerEvents to FORGE
[12Jun2026 23:37:37.276] [modloading-worker-0/DEBUG] [net.minecraftforge.fml.javafmlmod.AutomaticEventSubscriber/LOADING]: Auto-subscribing com.stal111.valhelsia_structures.common.event.FurnaceFuelListener to FORGE
[12Jun2026 23:37:37.278] [modloading-worker-0/DEBUG] [net.minecraftforge.fml.javafmlmod.AutomaticEventSubscriber/LOADING]: Auto-subscribing com.stal111.valhelsia_structures.common.event.EntityEventListener to FORGE
[12Jun2026 23:37:37.278] [modloading-worker-0/DEBUG] [net.minecraftforge.fml.javafmlmod.AutomaticEventSubscriber/LOADING]: Attempting to inject @EventBusSubscriber classes into the eventbus for ftbultimine
[12Jun2026 23:37:37.278] [modloading-worker-0/DEBUG] [net.minecraftforge.fml.javafmlmod.AutomaticEventSubscriber/LOADING]: Attempting to inject @EventBusSubscriber classes into the eventbus for lithostitched
[12Jun2026 23:37:37.280] [modloading-worker-0/DEBUG] [net.minecraftforge.fml.javafmlmod.AutomaticEventSubscriber/LOADING]: Auto-subscribing com.stal111.valhelsia_structures.common.event.EntityEventListener$ModEvents to MOD
[12Jun2026 23:37:37.282] [modloading-worker-0/DEBUG] [Cristel Lib/]: Couldn't parse: "T&T Waystone Patch Pack" to a component
com.mojang.brigadier.exceptions.CommandSyntaxException: Invalid chat component: Use JsonReader.setLenient(true) to accept malformed JSON at line 1 column 1 path $ at position 0: <--[HERE]
[12Jun2026 23:37:37.287] [modloading-worker-0/DEBUG] [mixin/]: Mixing ForgeHooksMixin from connectormod.mixins.json into net.minecraftforge.common.ForgeHooks
[12Jun2026 23:37:37.287] [modloading-worker-0/DEBUG] [mixin/]: Renaming synthetic method lambda$connector$allowAttributeMixins$0(Lnet/minecraft/world/entity/EntityType;Lnet/minecraft/world/entity/ai/attributes/AttributeSupplier$Builder;)V to md71c79a$connectormod$lambda$connector$allowAttributeMixins$0$0 in connectormod.mixins.json:ForgeHooksMixin from mod connectormod
[12Jun2026 23:37:37.289] [modloading-worker-0/DEBUG] [mixin/]: Mixing item.ForgeHooksMixin from connectormod.mixins.json into net.minecraftforge.common.ForgeHooks
[12Jun2026 23:37:37.303] [modloading-worker-0/DEBUG] [mixin/]: connectormod.mixins.json:ForgeHooksMixin from mod connectormod->@Inject::getFabricVanillaFluidType(Lnet/minecraft/world/level/material/Fluid;Lorg/spongepowered/asm/mixin/injection/callback/CallbackInfoReturnable;)V does use it's CallbackInfoReturnable
[12Jun2026 23:37:37.305] [modloading-worker-0/DEBUG] [mixin/]: connectormod.mixins.json:ForgeHooksMixin from mod connectormod->@Inject::connector$allowAttributeMixins(Lorg/spongepowered/asm/mixin/injection/callback/CallbackInfo;)V doesn't use it's CallbackInfo
[12Jun2026 23:37:37.306] [modloading-worker-0/DEBUG] [mixin/]: connectormod.mixins.json:item.ForgeHooksMixin from mod connectormod->@Inject::appyUseOn(Lnet/minecraft/world/item/context/UseOnContext;Lorg/spongepowered/asm/mixin/injection/callback/CallbackInfoReturnable;)V does use it's CallbackInfoReturnable
[12Jun2026 23:37:37.320] [modloading-worker-0/DEBUG] [net.minecraftforge.fml.javafmlmod.AutomaticEventSubscriber/LOADING]: Attempting to inject @EventBusSubscriber classes into the eventbus for balm
[12Jun2026 23:37:37.329] [modloading-worker-0/INFO] [xaero.common.HudMod/]: Loading primary common config for channel xaerominimap:main!
[12Jun2026 23:37:37.336] [modloading-worker-0/INFO] [xaero.common.HudMod/]: Loading server config profiles for channel xaerominimap:main!
[12Jun2026 23:37:37.338] [modloading-worker-0/INFO] [net.blay09.mods.balm.forge.config.ForgeBalmConfig/]: Registering config for waystones:common (COMMON) with 46 properties.
[12Jun2026 23:37:37.338] [modloading-worker-0/DEBUG] [net.minecraftforge.fml.config.ConfigTracker/CONFIG]: Config file waystones-common.toml for waystones tracking
[12Jun2026 23:37:37.341] [modloading-worker-0/DEBUG] [net.minecraftforge.fml.javafmlmod.AutomaticEventSubscriber/LOADING]: Attempting to inject @EventBusSubscriber classes into the eventbus for tectonic
[12Jun2026 23:37:37.352] [modloading-worker-0/DEBUG] [net.minecraftforge.fml.javafmlmod.AutomaticEventSubscriber/LOADING]: Attempting to inject @EventBusSubscriber classes into the eventbus for xaerominimap
[12Jun2026 23:37:37.357] [modloading-worker-0/DEBUG] [net.minecraftforge.fml.javafmlmod.AutomaticEventSubscriber/LOADING]: Attempting to inject @EventBusSubscriber classes into the eventbus for cristellib
[12Jun2026 23:37:37.414] [modloading-worker-0/DEBUG] [net.minecraftforge.fml.javafmlmod.AutomaticEventSubscriber/LOADING]: Attempting to inject @EventBusSubscriber classes into the eventbus for waystones
[12Jun2026 23:37:37.519] [modloading-worker-0/DEBUG] [net.minecraftforge.fml.javafmlmod.AutomaticEventSubscriber/LOADING]: Attempting to inject @EventBusSubscriber classes into the eventbus for travelersbackpack
[12Jun2026 23:37:37.519] [modloading-worker-0/DEBUG] [net.minecraftforge.fml.javafmlmod.AutomaticEventSubscriber/LOADING]: Auto-subscribing com.tiviacz.travelersbackpack.handlers.NeoForgeEventHandler to FORGE
[12Jun2026 23:37:37.530] [modloading-worker-0/DEBUG] [net.minecraftforge.fml.javafmlmod.AutomaticEventSubscriber/LOADING]: Auto-subscribing com.tiviacz.travelersbackpack.handlers.ModEventHandler to MOD
[12Jun2026 23:37:37.547] [modloading-worker-0/DEBUG] [mixin/]: Mixing GameProfileCacheAccessor from skinrestorer.mixins.json into net.minecraft.server.players.GameProfileCache
[12Jun2026 23:37:37.580] [modloading-worker-0/DEBUG] [net.minecraftforge.fml.javafmlmod.AutomaticEventSubscriber/LOADING]: Attempting to inject @EventBusSubscriber classes into the eventbus for skinrestorer
[12Jun2026 23:37:37.580] [modloading-worker-0/DEBUG] [net.minecraftforge.fml.javafmlmod.AutomaticEventSubscriber/LOADING]: Auto-subscribing net.lionarius.skinrestorer.forge.SkinRestorerForge to FORGE
[12Jun2026 23:37:37.593] [main/DEBUG] [mixin/]: Mixing common.RegistryDataLoaderMixin from lithostitched.mixins.json into net.minecraft.resources.RegistryDataLoader
[12Jun2026 23:37:37.598] [main/DEBUG] [mixin/]: Mixing registries.RegistryDataLoaderMixin from connectormod.mixins.json into net.minecraft.resources.RegistryDataLoader
[12Jun2026 23:37:37.598] [main/DEBUG] [mixin/]: Renaming synthetic method lambda$connector$shouldOmitPrefix$0(Lnet/minecraft/resources/ResourceKey;Lnet/minecraft/resources/RegistryDataLoader$RegistryData;)Z to md71c79a$connectormod$lambda$connector$shouldOmitPrefix$0$0 in connectormod.mixins.json:registries.RegistryDataLoaderMixin from mod connectormod
[12Jun2026 23:37:37.613] [main/DEBUG] [mixin/]: lithostitched.mixins.json:common.RegistryDataLoaderMixin from mod lithostitched->@Inject::parseModifierPredicate(Lnet/minecraft/resources/RegistryOps$RegistryInfoLookup;Lnet/minecraft/server/packs/resources/ResourceManager;Lnet/minecraft/resources/ResourceKey;Lnet/minecraft/core/WritableRegistry;Lcom/mojang/serialization/Decoder;Ljava/util/Map;Lorg/spongepowered/asm/mixin/injection/callback/CallbackInfo;Ljava/lang/String;Lnet/minecraft/resources/FileToIdConverter;Lnet/minecraft/resources/RegistryOps;Ljava/util/Iterator;Ljava/util/Map$Entry;Lnet/minecraft/resources/ResourceLocation;Lnet/minecraft/resources/ResourceKey;Lnet/minecraft/server/packs/resources/Resource;Ljava/io/Reader;Lcom/google/gson/JsonElement;)V doesn't use it's CallbackInfo
[12Jun2026 23:37:37.613] [main/DEBUG] [mixin/]: connectormod.mixins.json:registries.RegistryDataLoaderMixin from mod connectormod->@Inject::captureExistingRegistries(Lorg/spongepowered/asm/mixin/injection/callback/CallbackInfo;)V doesn't use it's CallbackInfo
[12Jun2026 23:37:37.613] [main/DEBUG] [mixin/]: connectormod.mixins.json:registries.RegistryDataLoaderMixin from mod connectormod->@Inject::computeInjectedRegistries(Lorg/spongepowered/asm/mixin/injection/callback/CallbackInfo;)V doesn't use it's CallbackInfo
[12Jun2026 23:37:37.639] [main/INFO] [net.minecraft.resources.RegistryDataLoader/]: Capturing existing worldgen registries
[12Jun2026 23:37:37.640] [main/INFO] [net.minecraft.resources.RegistryDataLoader/]: Found 0 injected RegistryDataLoader worldgen registries
[12Jun2026 23:37:37.877] [main/DEBUG] [net.minecraftforge.common.capabilities.CapabilityManager/CAPABILITIES]: Attempting to automatically register: Lcom/tiviacz/travelersbackpack/capability/ITravelersBackpack;
[12Jun2026 23:37:37.878] [main/DEBUG] [net.minecraftforge.common.capabilities.CapabilityManager/CAPABILITIES]: Attempting to automatically register: Lnet/minecraftforge/energy/IEnergyStorage;
[12Jun2026 23:37:37.878] [main/DEBUG] [net.minecraftforge.common.capabilities.CapabilityManager/CAPABILITIES]: Attempting to automatically register: Lnet/minecraftforge/fluids/capability/IFluidHandler;
[12Jun2026 23:37:37.878] [main/DEBUG] [net.minecraftforge.common.capabilities.CapabilityManager/CAPABILITIES]: Attempting to automatically register: Lnet/minecraftforge/fluids/capability/IFluidHandlerItem;
[12Jun2026 23:37:37.878] [main/DEBUG] [net.minecraftforge.common.capabilities.CapabilityManager/CAPABILITIES]: Attempting to automatically register: Lnet/minecraftforge/items/IItemHandler;
[12Jun2026 23:37:38.501] [main/DEBUG] [mixin/]: Mixing common.ServerLifecycleHooksMixin from lithostitched.forge.mixins.json into net.minecraftforge.server.ServerLifecycleHooks
[12Jun2026 23:37:38.502] [main/DEBUG] [mixin/]: Renaming synthetic method lambda$lithostitched$injectBiomeModifers$1(Ljava/util/List;Ljava/util/Map$Entry;)V to md71c79a$lithostitched$lambda$lithostitched$injectBiomeModifers$1$0 in lithostitched.forge.mixins.json:common.ServerLifecycleHooksMixin from mod lithostitched
[12Jun2026 23:37:38.502] [main/DEBUG] [mixin/]: Renaming synthetic method lambda$lithostitched$injectBiomeModifers$0(Ljava/util/Map$Entry;)Z to md71c79a$lithostitched$lambda$lithostitched$injectBiomeModifers$0$1 in lithostitched.forge.mixins.json:common.ServerLifecycleHooksMixin from mod lithostitched
[12Jun2026 23:37:38.508] [main/DEBUG] [mixin/]: lithostitched.forge.mixins.json:common.ServerLifecycleHooksMixin from mod lithostitched->@Inject::lithostitched$captureServer(Lnet/minecraft/server/MinecraftServer;Lorg/spongepowered/asm/mixin/injection/callback/CallbackInfo;)V doesn't use it's CallbackInfo
[12Jun2026 23:37:38.511] [main/DEBUG] [net.minecraftforge.fml.config.ConfigTracker/CONFIG]: Loading configs type COMMON
[12Jun2026 23:37:38.512] [main/DEBUG] [net.minecraftforge.fml.config.ConfigFileTypeHandler/CONFIG]: Built TOML config for C:\Users\Main\Documents\GitHub\Forge-1.20.1-Server\config\CoroUtil\General.toml
[12Jun2026 23:37:38.513] [main/DEBUG] [net.minecraftforge.fml.config.ConfigFileTypeHandler/CONFIG]: Loaded TOML config file C:\Users\Main\Documents\GitHub\Forge-1.20.1-Server\config\CoroUtil\General.toml
[12Jun2026 23:37:38.515] [main/DEBUG] [net.minecraftforge.fml.config.ConfigFileTypeHandler/CONFIG]: Watching TOML config file C:\Users\Main\Documents\GitHub\Forge-1.20.1-Server\config\CoroUtil\General.toml for changes
[12Jun2026 23:37:38.516] [main/DEBUG] [net.minecraftforge.fml.config.ConfigFileTypeHandler/CONFIG]: Built TOML config for C:\Users\Main\Documents\GitHub\Forge-1.20.1-Server\config\watut-common.toml
[12Jun2026 23:37:38.517] [main/DEBUG] [net.minecraftforge.fml.config.ConfigFileTypeHandler/CONFIG]: Loaded TOML config file C:\Users\Main\Documents\GitHub\Forge-1.20.1-Server\config\watut-common.toml
[12Jun2026 23:37:38.518] [main/DEBUG] [net.minecraftforge.fml.config.ConfigFileTypeHandler/CONFIG]: Watching TOML config file C:\Users\Main\Documents\GitHub\Forge-1.20.1-Server\config\watut-common.toml for changes
[12Jun2026 23:37:38.519] [main/DEBUG] [net.minecraftforge.fml.config.ConfigFileTypeHandler/CONFIG]: Built TOML config for C:\Users\Main\Documents\GitHub\Forge-1.20.1-Server\config\watut-server.toml
[12Jun2026 23:37:38.519] [main/DEBUG] [net.minecraftforge.fml.config.ConfigFileTypeHandler/CONFIG]: Loaded TOML config file C:\Users\Main\Documents\GitHub\Forge-1.20.1-Server\config\watut-server.toml
[12Jun2026 23:37:38.519] [main/DEBUG] [net.minecraftforge.fml.config.ConfigFileTypeHandler/CONFIG]: Watching TOML config file C:\Users\Main\Documents\GitHub\Forge-1.20.1-Server\config\watut-server.toml for changes
[12Jun2026 23:37:38.521] [main/DEBUG] [net.minecraftforge.fml.config.ConfigFileTypeHandler/CONFIG]: Built TOML config for C:\Users\Main\Documents\GitHub\Forge-1.20.1-Server\config\watut-client.toml
[12Jun2026 23:37:38.522] [main/DEBUG] [net.minecraftforge.fml.config.ConfigFileTypeHandler/CONFIG]: Loaded TOML config file C:\Users\Main\Documents\GitHub\Forge-1.20.1-Server\config\watut-client.toml
[12Jun2026 23:37:38.522] [main/DEBUG] [net.minecraftforge.fml.config.ConfigFileTypeHandler/CONFIG]: Watching TOML config file C:\Users\Main\Documents\GitHub\Forge-1.20.1-Server\config\watut-client.toml for changes
[12Jun2026 23:37:38.523] [main/DEBUG] [net.minecraftforge.fml.config.ConfigFileTypeHandler/CONFIG]: Built TOML config for C:\Users\Main\Documents\GitHub\Forge-1.20.1-Server\config\travelersbackpack-common.toml
[12Jun2026 23:37:38.523] [main/DEBUG] [net.minecraftforge.fml.config.ConfigFileTypeHandler/CONFIG]: Loaded TOML config file C:\Users\Main\Documents\GitHub\Forge-1.20.1-Server\config\travelersbackpack-common.toml
[12Jun2026 23:37:38.524] [main/DEBUG] [net.minecraftforge.fml.config.ConfigFileTypeHandler/CONFIG]: Watching TOML config file C:\Users\Main\Documents\GitHub\Forge-1.20.1-Server\config\travelersbackpack-common.toml for changes
[12Jun2026 23:37:38.524] [main/DEBUG] [net.minecraftforge.fml.config.ConfigFileTypeHandler/CONFIG]: Built TOML config for C:\Users\Main\Documents\GitHub\Forge-1.20.1-Server\config\valhelsia_structures-common.toml
[12Jun2026 23:37:38.525] [main/DEBUG] [net.minecraftforge.fml.config.ConfigFileTypeHandler/CONFIG]: Loaded TOML config file C:\Users\Main\Documents\GitHub\Forge-1.20.1-Server\config\valhelsia_structures-common.toml
[12Jun2026 23:37:38.525] [main/DEBUG] [net.minecraftforge.fml.config.ConfigFileTypeHandler/CONFIG]: Watching TOML config file C:\Users\Main\Documents\GitHub\Forge-1.20.1-Server\config\valhelsia_structures-common.toml for changes
[12Jun2026 23:37:38.526] [main/DEBUG] [net.minecraftforge.fml.config.ConfigFileTypeHandler/CONFIG]: Built TOML config for C:\Users\Main\Documents\GitHub\Forge-1.20.1-Server\config\waystones-common.toml
[12Jun2026 23:37:38.527] [main/DEBUG] [net.minecraftforge.fml.config.ConfigFileTypeHandler/CONFIG]: Loaded TOML config file C:\Users\Main\Documents\GitHub\Forge-1.20.1-Server\config\waystones-common.toml
[12Jun2026 23:37:38.527] [main/DEBUG] [net.minecraftforge.fml.config.ConfigFileTypeHandler/CONFIG]: Watching TOML config file C:\Users\Main\Documents\GitHub\Forge-1.20.1-Server\config\waystones-common.toml for changes
[12Jun2026 23:37:38.535] [modloading-worker-0/INFO] [xaero.lib.XaeroLib/]: Loading XaeroLib common 1/2!
[12Jun2026 23:37:38.535] [modloading-worker-0/INFO] [com.connectivity.Connectivity/]: Connectivity initialized
[12Jun2026 23:37:38.536] [Thread-3/DEBUG] [net.minecraftforge.fml.config.ConfigFileTypeHandler/CONFIG]: Config file waystones-common.toml changed, sending notifies
[12Jun2026 23:37:38.546] [Forge Version Check/INFO] [net.minecraftforge.fml.VersionChecker/]: [trade_cycling] Starting version check at https://maxhenkel.de/update/trade_cycling.json
[12Jun2026 23:37:38.598] [main/DEBUG] [net.minecraftforge.fml.DeferredWorkQueue/LOADING]: Dispatching synchronous work for work queue COMMON_SETUP: 3 jobs
[12Jun2026 23:37:38.618] [main/INFO] [com.tiviacz.travelersbackpack.TravelersBackpack/]: Registered the FluidEffect with Unique ID of minecraft:water for Water (Fluid Amount Required: 1000) with the ID 0
[12Jun2026 23:37:38.619] [main/INFO] [com.tiviacz.travelersbackpack.TravelersBackpack/]: Registered the FluidEffect with Unique ID of minecraft:lava for Lava (Fluid Amount Required: 1000) with the ID 1
[12Jun2026 23:37:38.621] [main/INFO] [com.tiviacz.travelersbackpack.TravelersBackpack/]: Registered the FluidEffect with Unique ID of travelersbackpack:potion for Uncraftable Potion (Fluid Amount Required: 250) with the ID 2
[12Jun2026 23:37:38.622] [main/INFO] [com.tiviacz.travelersbackpack.TravelersBackpack/]: Registered the FluidEffect with Unique ID of minecraft:milk for Milk (Fluid Amount Required: 1000) with the ID 3
[12Jun2026 23:37:38.651] [main/DEBUG] [net.minecraftforge.fml.DeferredWorkQueue/LOADING]: Synchronous work queue completed in 51.86 ms
[12Jun2026 23:37:38.651] [modloading-worker-0/INFO] [xaero.minimap.XaeroMinimap/]: Loading Xaero's Minimap - Stage 1/2 (Server)
[12Jun2026 23:37:38.651] [modloading-worker-0/INFO] [xaero.lib.XaeroLib/]: Loading XaeroLib server 1/2!
[12Jun2026 23:37:38.653] [main/DEBUG] [net.minecraftforge.fml.DeferredWorkQueue/LOADING]: Dispatching synchronous work for work queue SIDED_SETUP: 2 jobs
[12Jun2026 23:37:38.653] [main/INFO] [xaero.lib.XaeroLib/]: Loading XaeroLib common 2/2!
[12Jun2026 23:37:38.653] [main/INFO] [xaero.lib.XaeroLib/]: Loading XaeroLib server 2/2!
[12Jun2026 23:37:38.654] [main/INFO] [xaero.minimap.XaeroMinimap/]: Loading Xaero's Minimap - Stage 2/2 (Server)
[12Jun2026 23:37:38.654] [main/DEBUG] [net.minecraftforge.fml.DeferredWorkQueue/LOADING]: Synchronous work queue completed in 1.424 ms
[12Jun2026 23:37:38.694] [main/DEBUG] [mixin/]: Mixing BlockStateCacheMixin from ferritecore.blockstatecache.mixin.json into net.minecraft.world.level.block.state.BlockBehaviour$BlockStateBase$Cache
[12Jun2026 23:37:38.792] [main/DEBUG] [mixin/]: Mixing SubShapeAccess from ferritecore.blockstatecache.mixin.json into net.minecraft.world.phys.shapes.SubShape
[12Jun2026 23:37:39.738] [main/INFO] [com.mojang.authlib.yggdrasil.YggdrasilAuthenticationService/]: Environment: authHost='https://authserver.mojang.com', accountsHost='https://api.mojang.com', sessionHost='https://sessionserver.mojang.com', servicesHost='https://api.minecraftservices.com', name='PROD'
[12Jun2026 23:37:39.781] [main/DEBUG] [mixin/]: Mixing NbtAccounterMixin from connectivity.mixins.json into net.minecraft.nbt.NbtAccounter
[12Jun2026 23:37:39.848] [Forge Version Check/DEBUG] [net.minecraftforge.fml.VersionChecker/]: [trade_cycling] Received version check data:
{"1.21":{"1.21-1.0.13":"Updated dependencies\nFixed crash"},"1.20":{"1.20-1.0.5":"Updated to 1.20"},"26.1":{"1.0.20+26.1":"Updated to 26.1"},"1.19":{"1.19-1.0.5":"Fixed visual desync when cycling discounted trades"},"1.21.11":{"1.21.11-1.0.19":"Updated to 1.21.11"},"1.21.10":{"1.21.10-1.0.19":"Updated to 1.21.10"},"1.21.7":{"1.21.7-1.0.19":"Updated to 1.21.7"},"1.21.6":{"1.21.6-1.0.19":"Fixed Visible Traders integration"},"1.21.9":{"1.21.9-1.0.19":"Updated to 1.21.9"},"1.21.8":{"1.21.8-1.0.19":"Updated to 1.21.8"},"1.20.4":{"1.20.4-1.0.7":"Updated to 1.20.4","1.20.4-1.0.11":""},"1.21.3":{"1.21.3-1.0.15":"Updated to 1.21.3"},"promos":{"1.18.1-latest":"1.18.1-1.0.2","1.21.4-latest":"1.21.4-1.0.18","1.21.3-latest":"1.21.3-1.0.15","1.18.2-latest":"1.18.2-1.0.2","1.20-recommended":"1.20-1.0.5","1.19.3-recommended":"1.19.3-1.0.5","1.19.1-recommended":"1.19.1-1.0.5","1.21.6-latest":"1.21.6-1.0.19","1.21.5-latest":"1.21.5-1.0.18","1.21.1-latest":"1.21.1-1.0.18","26.1.2-latest":"1.0.21+26.1.2","26.1.1-latest":"1.0.20+26.1.1","1.19.4-recommended":"1.19.4-1.0.5","1.19-latest":"1.19-1.0.5","1.19.2-recommended":"1.19.2-1.0.5","26.1-latest":"1.0.20+26.1","1.21.9-latest":"1.21.9-1.0.19","1.21.8-latest":"1.21.8-1.0.19","1.20.4-recommended":"1.20.4-1.0.7","1.21.7-latest":"1.21.7-1.0.19","1.21-latest":"1.21-1.0.13","1.20.1-recommended":"1.20.1-1.0.7","1.20.2-recommended":"1.20.2-1.0.7","1.20-latest":"1.20-1.0.5","1.18.2-recommended":"1.18.2-1.0.2","1.21.11-latest":"1.21.11-1.0.19","1.21.10-latest":"1.21.10-1.0.19","1.18.1-recommended":"1.18.1-1.0.2","1.20.1-latest":"1.20.1-1.0.18","1.20.2-latest":"1.20.2-1.0.8","1.19.2-latest":"1.19.2-1.0.14","1.19.4-latest":"1.19.4-1.0.5","1.19.3-latest":"1.19.3-1.0.5","1.19-recommended":"1.19-1.0.5","1.20.4-latest":"1.20.4-1.0.11","1.19.1-latest":"1.19.1-1.0.5","1.20.6-latest":"1.20.6-1.0.11"},"1.20.6":{"1.20.6-1.0.11":"Updated to 1.20.6"},"1.21.5":{"1.21.5-1.0.18":"Updated Simplified Chinese translation"},"1.21.4":{"1.21.4-1.0.18":"Updated Simplified Chinese translation"},"1.20.2":{"1.20.2-1.0.8":"Updated update checker URL\nUpdated config builder","1.20.2-1.0.7":""},"1.21.1":{"1.21.1-1.0.18":"Updated Simplified Chinese translation"},"1.20.1":{"1.20.1-1.0.7":"","1.20.1-1.0.18":"Updated Simplified Chinese translation"},"26.1.1":{"1.0.20+26.1.1":"Added support for 26.1.1"},"26.1.2":{"1.0.21+26.1.2":"Fixed integration for Visible Traders"},"1.18.2":{"1.18.2-1.0.2":"Updated to 1.18.2"},"1.19.1":{"1.19.1-1.0.5":"Fixed visual desync when cycling discounted trades"},"1.19.2":{"1.19.2-1.0.5":"Fixed visual desync when cycling discounted trades","1.19.2-1.0.14":"Added Traditional Chinese translation"},"1.19.3":{"1.19.3-1.0.5":"Updated to 1.19.3"},"1.19.4":{"1.19.4-1.0.5":"Updated to 1.19.4"},"1.18.1":{"1.18.1-1.0.2":"Fixed duplication bug"},"homepage":"https://modrepo.de/minecraft/trade_cycling/overview"}
[12Jun2026 23:37:39.849] [Forge Version Check/INFO] [net.minecraftforge.fml.VersionChecker/]: [trade_cycling] Found status: UP_TO_DATE Current: 1.20.1-1.0.7 Target: null
[12Jun2026 23:37:39.849] [Forge Version Check/INFO] [net.minecraftforge.fml.VersionChecker/]: [gravestone] Starting version check at https://update.maxhenkel.de/forge/gravestone
[12Jun2026 23:37:40.064] [Forge Version Check/DEBUG] [net.minecraftforge.fml.VersionChecker/]: [gravestone] Received version check data:
{"1.9.4":{"1.3.6":"Bugfixes"},"1.8.8":{"1.1.7":"Bugfixes"},"1.20":{"1.20-1.0.3":"Updated to 1.20"},"1.8.9":{"1.1.7":"Bugfixes"},"1.18":{"1.18-1.0.3":"Fixed loader version requirement"},"1.19":{"1.19-1.0.3":"Fixed crash when opening the obituary"},"promos":{"1.14.4-recommended":"1.15.3","1.14.3-recommended":"1.14.3","1.20-recommended":"1.20-1.0.3","1.19.3-recommended":"1.19.3-1.0.3","1.19.1-recommended":"1.19.1-1.0.0","1.8.8-latest":"1.1.7","1.8.9-latest":"1.1.7","1.19.4-recommended":"1.19.4-1.0.3","1.19.2-recommended":"1.19.2-1.0.10","1.10.2-latest":"1.5.13","1.14.2-recommended":"1.13.3","1.14.3-latest":"1.14.3","1.20-latest":"1.20-1.0.3","1.11-latest":"1.6.6","1.10.2-recommended":"1.5.13","1.20.1-latest":"1.20.1-1.0.35","1.16.4-latest":"1.16.4-1.0.9","1.11.2-recommended":"1.7.4.1","1.19.3-latest":"1.19.3-1.0.3","1.8-latest":"1.0.5","1.16.2-latest":"1.16.2-1.0.6","1.7.10-latest":"0.7.10.3","1.15.2-recommended":"1.17.6","1.8-recommended":"1.0.5","1.19.1-latest":"1.19.1-1.0.0","1.15.1-recommended":"1.16.2","1.9-recommended":"1.2.10","1.11.2-latest":"1.7.4.1","1.18.1-latest":"1.18.1-1.0.2","1.15.1-latest":"1.16.2","1.18.2-latest":"1.18.2-1.0.2","1.11-recommended":"1.6.6","1.10-recommended":"1.4.9","1.12.2-latest":"1.10.2","1.12.1-latest":"1.9.0","1.12.2-recommended":"1.10.2","1.7.10-recommended":"0.7.10.3","1.19-latest":"1.19-1.0.3","1.17.1-recommended":"1.17.1-1.0.4","1.16.1-recommended":"1.16.1-1.0.6","1.16.2-recommended":"1.16.2-1.0.6","1.18-latest":"1.18-1.0.3","1.16.5-recommended":"1.16.5-1.0.6","1.16.4-recommended":"1.16.4-1.0.9","1.12.1-recommended":"1.9.0","1.20.1-recommended":"1.20.1-1.0.10","1.16.3-recommended":"1.16.3-1.0.2","1.15.2-latest":"1.17.6","1.20.2-recommended":"1.20.2-1.0.10","1.12-recommended":"1.8.4","1.10-latest":"1.4.9","1.14.4-latest":"1.15.3","1.13.2-recommended":"1.12.7","1.9.4-recommended":"1.3.6","1.12-latest":"1.8.4","1.18.2-recommended":"1.18.2-1.0.2","1.17.1-latest":"1.17.1-1.0.4","1.13.2-latest":"1.12.7","1.18.1-recommended":"1.18.1-1.0.2","1.16.3-latest":"1.16.3-2.0.4","1.20.2-latest":"1.20.2-1.0.10","1.19.2-latest":"1.19.2-1.0.23","1.19.4-latest":"1.19.4-1.0.3","1.16.5-latest":"1.16.5-1.0.7","1.19-recommended":"1.19-1.0.3","1.16.1-latest":"1.16.1-1.0.6","1.9-latest":"1.2.10","1.18-recommended":"1.18-1.0.3","1.14.2-latest":"1.13.3","1.8.8-recommended":"1.1.7","1.8.9-recommended":"1.1.7","1.9.4-latest":"1.3.6"},"1.20.2":{"1.20.2-1.0.10":"Improved mod icon\nUpdated corelib"},"1.20.1":{"1.20.1-1.0.10":"Improved mod icon\nUpdated corelib","1.20.1-1.0.35":"Fixed restoreinventory command permissions"},"1.12":{"1.8.4":"Added recipe for recipe book"},"1.10":{"1.4.9":"Bugfixes"},"1.11":{"1.6.6":"Bugfixes"},"1.7.10":{"0.7.10.3":"Bugfixes"},"1.16.4":{"1.16.4-1.0.9":"Update chinese translation"},"1.18.2":{"1.18.2-1.0.2":"Fixed ukrainian locale code"},"1.19.1":{"1.19.1-1.0.0":"Updated to 1.19.1"},"1.16.5":{"1.16.5-1.0.7":"Fixed freeze with epic fight mod","1.16.5-1.0.6":"Fixed grave names"},"1.19.2":{"1.19.2-1.0.10":"Improved mod icon\nUpdated corelib","1.19.2-1.0.23":"Updated Traditional Chinese translation"},"1.19.3":{"1.19.3-1.0.3":"Fixed creative tabs because Forge broke everything again"},"1.19.4":{"1.19.4-1.0.3":"Updated to 1.19.4"},"1.14.2":{"1.13.3":"Improved en_us language and added pl_pl language"},"1.15.1":{"1.16.2":"Fixed crash with forge 30.0.17+"},"1.14.3":{"1.14.3":"Improved en_us language and added pl_pl language"},"1.16.1":{"1.16.1-1.0.6":"Fixed gravestone items can be picked up with a hopper"},"1.15.2":{"1.17.6":"Updated polish translation"},"1.14.4":{"1.15.3":"Fixed config reset issue"},"1.16.2":{"1.16.2-1.0.6":"Fixed nether dimension name\nUpdated russian translation\nFixed remove death note option"},"1.17.1":{"1.17.1-1.0.4":"Fixed crash with epic fight mod"},"1.8":{"1.0.5":"Bugfixes"},"1.16.3":{"1.16.3-1.0.2":"Updated mods.toml","1.16.3-2.0.4":"Fixed grave disappearing when having sneaking on toggle"},"1.18.1":{"1.18.1-1.0.2":"Added Brazilian Portuguese language"},"1.9":{"1.2.10":"Bugfixes"},"1.10.2":{"1.5.13":"Bugfixes"},"1.11.2":{"1.7.4.1":"Improved version checking"},"1.12.1":{"1.9.0":"Updated to 1.12.1"},"1.12.2":{"1.10.2":"Updated Forge version"},"1.13.2":{"1.12.7":"Improved en_us language and added pl_pl language"},"homepage":"https://www.curseforge.com/minecraft/mc-mods/gravestone-mod"}
[12Jun2026 23:37:40.065] [Forge Version Check/INFO] [net.minecraftforge.fml.VersionChecker/]: [gravestone] Found status: AHEAD Current: 1.20.1-1.0.35 Target: null
[12Jun2026 23:37:40.066] [Forge Version Check/INFO] [net.minecraftforge.fml.VersionChecker/]: [forge] Starting version check at https://files.minecraftforge.net/net/minecraftforge/forge/promotions_slim.json
[12Jun2026 23:37:40.379] [main/DEBUG] [mixin/]: Mixing BuiltInPackSourceAccessor from tectonic_1.20.1.mixins.json into net.minecraft.server.packs.repository.BuiltInPackSource
[12Jun2026 23:37:40.382] [main/DEBUG] [mixin/]: Mixing PackRepositoryMixin from tectonic_1.20.1.mixins.json into net.minecraft.server.packs.repository.PackRepository
[12Jun2026 23:37:40.391] [main/DEBUG] [mixin/]: tectonic_1.20.1.mixins.json:PackRepositoryMixin from mod tectonic->@Inject::tectonic$addTectonicSource([Lnet/minecraft/server/packs/repository/RepositorySource;Lorg/spongepowered/asm/mixin/injection/callback/CallbackInfo;)V doesn't use it's CallbackInfo
[12Jun2026 23:37:40.391] [main/DEBUG] [mixin/]: tectonic_1.20.1.mixins.json:PackRepositoryMixin from mod tectonic->@Inject::tectonic$addTectonicSource([Lnet/minecraft/server/packs/repository/RepositorySource;Lorg/spongepowered/asm/mixin/injection/callback/CallbackInfo;)V has 0 override(s) in child classes
[12Jun2026 23:37:40.391] [main/DEBUG] [mixin/]: tectonic_1.20.1.mixins.json:PackRepositoryMixin from mod tectonic->@Inject::tectonic$addTectonicSource([Lnet/minecraft/server/packs/repository/RepositorySource;Lorg/spongepowered/asm/mixin/injection/callback/CallbackInfo;)V won't be passed a CallbackInfo as a result
[12Jun2026 23:37:40.395] [main/WARN] [net.minecraft.server.packs.VanillaPackResourcesBuilder/]: Assets URL 'union:/C:/Users/Main/Documents/GitHub/Forge-1.20.1-Server/libraries/net/minecraft/server/1.20.1-20230612.114412/server-1.20.1-20230612.114412-srg.jar%23167!/assets/.mcassetsroot' uses unexpected schema
[12Jun2026 23:37:40.395] [main/WARN] [net.minecraft.server.packs.VanillaPackResourcesBuilder/]: Assets URL 'union:/C:/Users/Main/Documents/GitHub/Forge-1.20.1-Server/libraries/net/minecraft/server/1.20.1-20230612.114412/server-1.20.1-20230612.114412-srg.jar%23167!/data/.mcassetsroot' uses unexpected schema
[12Jun2026 23:37:40.417] [main/DEBUG] [mixin/]: Mixing lang.PathPackResourcesMixin from connectormod.mixins.json into net.minecraftforge.resource.PathPackResources
[12Jun2026 23:37:40.420] [main/DEBUG] [mixin/]: connectormod.mixins.json:lang.PathPackResourcesMixin from mod connectormod->@Inject::getFabricLangResources(Lnet/minecraft/server/packs/PackType;Lnet/minecraft/resources/ResourceLocation;Lorg/spongepowered/asm/mixin/injection/callback/CallbackInfoReturnable;)V does use it's CallbackInfoReturnable
[12Jun2026 23:37:40.422] [main/DEBUG] [mixin/]: Mixing lang.PathPackResourcesAnonMixin from connectormod.mixins.json into net.minecraftforge.resource.ResourcePackLoader$1
[12Jun2026 23:37:40.424] [main/DEBUG] [mixin/]: connectormod.mixins.json:lang.PathPackResourcesAnonMixin from mod connectormod->@Inject::onInit(Ljava/lang/String;ZLjava/nio/file/Path;Lnet/minecraftforge/forgespi/language/IModFileInfo;Lorg/spongepowered/asm/mixin/injection/callback/CallbackInfo;)V doesn't use it's CallbackInfo
[12Jun2026 23:37:40.424] [main/DEBUG] [mixin/]: connectormod.mixins.json:lang.PathPackResourcesAnonMixin from mod connectormod->@Inject::onInit(Ljava/lang/String;ZLjava/nio/file/Path;Lnet/minecraftforge/forgespi/language/IModFileInfo;Lorg/spongepowered/asm/mixin/injection/callback/CallbackInfo;)V has 0 override(s) in child classes
[12Jun2026 23:37:40.424] [main/DEBUG] [mixin/]: connectormod.mixins.json:lang.PathPackResourcesAnonMixin from mod connectormod->@Inject::onInit(Ljava/lang/String;ZLjava/nio/file/Path;Lnet/minecraftforge/forgespi/language/IModFileInfo;Lorg/spongepowered/asm/mixin/injection/callback/CallbackInfo;)V won't be passed a CallbackInfo as a result
[12Jun2026 23:37:40.435] [main/DEBUG] [net.minecraftforge.server.ServerLifecycleHooks/CORE]: Generating PackInfo named mod:smoothchunk for mod file C:\Users\Main\Documents\GitHub\Forge-1.20.1-Server\mods\smoothchunk-1.20.1-4.1.jar
[12Jun2026 23:37:40.435] [main/DEBUG] [net.minecraftforge.server.ServerLifecycleHooks/CORE]: Generating PackInfo named mod:trade_cycling for mod file C:\Users\Main\Documents\GitHub\Forge-1.20.1-Server\mods\trade-cycling-forge-1.20.1-1.0.7.jar
[12Jun2026 23:37:40.435] [main/DEBUG] [net.minecraftforge.server.ServerLifecycleHooks/CORE]: Generating PackInfo named mod:kuma_api for mod file 
[12Jun2026 23:37:40.435] [main/DEBUG] [net.minecraftforge.server.ServerLifecycleHooks/CORE]: Generating PackInfo named mod:almanac for mod file C:\Users\Main\Documents\GitHub\Forge-1.20.1-Server\mods\almanac-1.20.x-forge-1.0.2.jar
[12Jun2026 23:37:40.436] [main/DEBUG] [net.minecraftforge.server.ServerLifecycleHooks/CORE]: Generating PackInfo named mod:valhelsia_structures for mod file C:\Users\Main\Documents\GitHub\Forge-1.20.1-Server\mods\valhelsia_structures-forge-1.20.1-1.1.2.jar
[12Jun2026 23:37:40.436] [main/DEBUG] [net.minecraftforge.server.ServerLifecycleHooks/CORE]: Generating PackInfo named mod:chunky for mod file C:\Users\Main\Documents\GitHub\Forge-1.20.1-Server\mods\Chunky-1.3.146.jar
[12Jun2026 23:37:40.436] [main/DEBUG] [net.minecraftforge.server.ServerLifecycleHooks/CORE]: Generating PackInfo named mod:lithostitched for mod file C:\Users\Main\Documents\GitHub\Forge-1.20.1-Server\mods\lithostitched-forge-1.20.1-1.4.11.jar
[12Jun2026 23:37:40.436] [main/DEBUG] [net.minecraftforge.server.ServerLifecycleHooks/CORE]: Generating PackInfo named mod:xaerolib for mod file 
[12Jun2026 23:37:40.436] [main/DEBUG] [net.minecraftforge.server.ServerLifecycleHooks/CORE]: Generating PackInfo named mod:connectivity for mod file C:\Users\Main\Documents\GitHub\Forge-1.20.1-Server\mods\connectivity-1.20.1-7.6.jar
[12Jun2026 23:37:40.436] [main/DEBUG] [net.minecraftforge.server.ServerLifecycleHooks/CORE]: Generating PackInfo named mod:xaerominimap for mod file C:\Users\Main\Documents\GitHub\Forge-1.20.1-Server\mods\xaerominimap-forge-1.20.1-25.3.13.jar
[12Jun2026 23:37:40.436] [main/DEBUG] [net.minecraftforge.server.ServerLifecycleHooks/CORE]: Generating PackInfo named mod:waystones for mod file C:\Users\Main\Documents\GitHub\Forge-1.20.1-Server\mods\waystones-forge-1.20.1-14.1.20.jar
[12Jun2026 23:37:40.436] [main/DEBUG] [net.minecraftforge.server.ServerLifecycleHooks/CORE]: Generating PackInfo named mod:gravestone for mod file C:\Users\Main\Documents\GitHub\Forge-1.20.1-Server\mods\gravestone-forge-1.20.1-1.0.35.jar
[12Jun2026 23:37:40.436] [main/DEBUG] [net.minecraftforge.server.ServerLifecycleHooks/CORE]: Generating PackInfo named mod:travelersbackpack for mod file C:\Users\Main\Documents\GitHub\Forge-1.20.1-Server\mods\travelersbackpack-forge-1.20.1-9.1.55.jar
[12Jun2026 23:37:40.437] [main/DEBUG] [net.minecraftforge.server.ServerLifecycleHooks/CORE]: Generating PackInfo named mod:plasmovoice for mod file C:\Users\Main\Documents\GitHub\Forge-1.20.1-Server\mods\plasmovoice-forge-1.20.1-2.1.9.jar
[12Jun2026 23:37:40.437] [main/DEBUG] [net.minecraftforge.server.ServerLifecycleHooks/CORE]: Generating PackInfo named mod:mixinextras for mod file 
[12Jun2026 23:37:40.437] [main/DEBUG] [net.minecraftforge.server.ServerLifecycleHooks/CORE]: Generating PackInfo named mod:ftbultimine for mod file C:\Users\Main\Documents\GitHub\Forge-1.20.1-Server\mods\ftb-ultimine-forge-2001.1.8.jar
[12Jun2026 23:37:40.437] [main/DEBUG] [net.minecraftforge.server.ServerLifecycleHooks/CORE]: Generating PackInfo named mod:connectormod for mod file 
[12Jun2026 23:37:40.437] [main/DEBUG] [net.minecraftforge.server.ServerLifecycleHooks/CORE]: Generating PackInfo named mod:coroutil for mod file C:\Users\Main\Documents\GitHub\Forge-1.20.1-Server\mods\coroutil-forge-1.20.1-1.3.7.jar
[12Jun2026 23:37:40.437] [main/DEBUG] [net.minecraftforge.server.ServerLifecycleHooks/CORE]: Generating PackInfo named mod:architectury for mod file C:\Users\Main\Documents\GitHub\Forge-1.20.1-Server\mods\architectury-9.2.14-forge.jar
[12Jun2026 23:37:40.437] [main/DEBUG] [net.minecraftforge.server.ServerLifecycleHooks/CORE]: Generating PackInfo named mod:ftblibrary for mod file C:\Users\Main\Documents\GitHub\Forge-1.20.1-Server\mods\ftb-library-forge-2001.2.12.jar
[12Jun2026 23:37:40.438] [main/DEBUG] [net.minecraftforge.server.ServerLifecycleHooks/CORE]: Generating PackInfo named mod:ferritecore for mod file C:\Users\Main\Documents\GitHub\Forge-1.20.1-Server\mods\ferritecore-6.0.1-forge.jar
[12Jun2026 23:37:40.438] [main/DEBUG] [net.minecraftforge.server.ServerLifecycleHooks/CORE]: Generating PackInfo named mod:cupboard for mod file C:\Users\Main\Documents\GitHub\Forge-1.20.1-Server\mods\cupboard-1.20.1-3.7.jar
[12Jun2026 23:37:40.438] [main/DEBUG] [net.minecraftforge.server.ServerLifecycleHooks/CORE]: Generating PackInfo named mod:balm for mod file C:\Users\Main\Documents\GitHub\Forge-1.20.1-Server\mods\balm-forge-1.20.1-7.3.38-all.jar
[12Jun2026 23:37:40.439] [main/DEBUG] [net.minecraftforge.server.ServerLifecycleHooks/CORE]: Generating PackInfo named mod:terralith for mod file C:\Users\Main\Documents\GitHub\Forge-1.20.1-Server\mods\Terralith_1.20.x_v2.5.4.jar
[12Jun2026 23:37:40.439] [main/DEBUG] [net.minecraftforge.server.ServerLifecycleHooks/CORE]: Generating PackInfo named mod:immersive_armors for mod file C:\Users\Main\Documents\GitHub\Forge-1.20.1-Server\mods\immersive_armors-1.7.2+1.20.1-forge.jar
[12Jun2026 23:37:40.439] [main/DEBUG] [net.minecraftforge.server.ServerLifecycleHooks/CORE]: Generating PackInfo named mod:watut for mod file C:\Users\Main\Documents\GitHub\Forge-1.20.1-Server\mods\watut-forge-1.20.1-1.2.3.jar
[12Jun2026 23:37:40.439] [main/DEBUG] [net.minecraftforge.server.ServerLifecycleHooks/CORE]: Generating PackInfo named mod:forge for mod file C:\Users\Main\Documents\GitHub\Forge-1.20.1-Server\libraries\net\minecraftforge\forge\1.20.1-47.4.10\forge-1.20.1-47.4.10-universal.jar
[12Jun2026 23:37:40.439] [main/DEBUG] [net.minecraftforge.server.ServerLifecycleHooks/CORE]: Generating PackInfo named mod:appleskin for mod file C:\Users\Main\Documents\GitHub\Forge-1.20.1-Server\mods\appleskin-forge-mc1.20.1-2.5.1.jar
[12Jun2026 23:37:40.439] [main/DEBUG] [net.minecraftforge.server.ServerLifecycleHooks/CORE]: Generating PackInfo named mod:t_and_t for mod file C:\Users\Main\Documents\GitHub\Forge-1.20.1-Server\mods\Towns-and-Towers-1.12-Fabric+Forge.jar
[12Jun2026 23:37:40.439] [main/DEBUG] [net.minecraftforge.server.ServerLifecycleHooks/CORE]: Generating PackInfo named mod:letmedespawn for mod file C:\Users\Main\Documents\GitHub\Forge-1.20.1-Server\mods\letmedespawn-1.20.x-forge-1.5.0.jar
[12Jun2026 23:37:40.440] [main/DEBUG] [net.minecraftforge.server.ServerLifecycleHooks/CORE]: Generating PackInfo named mod:valhelsia_core for mod file C:\Users\Main\Documents\GitHub\Forge-1.20.1-Server\mods\valhelsia_core-forge-1.20.1-1.1.2.jar
[12Jun2026 23:37:40.440] [main/DEBUG] [net.minecraftforge.server.ServerLifecycleHooks/CORE]: Generating PackInfo named mod:skinrestorer for mod file C:\Users\Main\Documents\GitHub\Forge-1.20.1-Server\mods\skinrestorer-2.7.0+1.20-forge.jar
[12Jun2026 23:37:40.440] [main/DEBUG] [net.minecraftforge.server.ServerLifecycleHooks/CORE]: Generating PackInfo named mod:tectonic for mod file C:\Users\Main\Documents\GitHub\Forge-1.20.1-Server\mods\tectonic-3.0.17-forge-1.20.1.jar
[12Jun2026 23:37:40.440] [main/DEBUG] [net.minecraftforge.server.ServerLifecycleHooks/CORE]: Generating PackInfo named mod:cristellib for mod file C:\Users\Main\Documents\GitHub\Forge-1.20.1-Server\mods\cristellib-1.1.6-forge.jar
[12Jun2026 23:37:40.501] [Forge Version Check/DEBUG] [net.minecraftforge.fml.VersionChecker/]: [forge] Received version check data:
{
  "homepage": "https://files.minecraftforge.net/net/minecraftforge/forge/",
  "promos": {
    "1.1-latest": "1.3.4.29",
    "1.2.3-latest": "1.4.1.64",
    "1.2.4-latest": "2.0.0.68",
    "1.2.5-latest": "3.4.9.171",
    "1.3.2-latest": "4.3.5.318",
    "1.4.0-latest": "5.0.0.326",
    "1.4.1-latest": "6.0.0.329",
    "1.4.2-latest": "6.0.1.355",
    "1.4.3-latest": "6.2.1.358",
    "1.4.4-latest": "6.3.0.378",
    "1.4.5-latest": "6.4.2.448",
    "1.4.6-latest": "6.5.0.489",
    "1.4.7-latest": "6.6.2.534",
    "1.5-latest": "7.7.0.598",
    "1.5.1-latest": "7.7.2.682",
    "1.5.2-latest": "7.8.1.738",
    "1.5.2-recommended": "7.8.1.738",
    "1.6.1-latest": "8.9.0.775",
    "1.6.2-latest": "9.10.1.871",
    "1.6.2-recommended": "9.10.1.871",
    "1.6.3-latest": "9.11.0.878",
    "1.6.4-latest": "9.11.1.1345",
    "1.6.4-recommended": "9.11.1.1345",
    "1.7.2-latest": "10.12.2.1161",
    "1.7.2-recommended": "10.12.2.1161",
    "1.7.10-latest": "10.13.4.1614",
    "1.7.10-recommended": "10.13.4.1614",
    "1.8-latest": "11.14.4.1577",
    "1.8-recommended": "11.14.4.1563",
    "1.8.8-latest": "11.15.0.1655",
    "1.8.9-latest": "11.15.1.2318",
    "1.8.9-recommended": "11.15.1.2318",
    "1.9-latest": "12.16.1.1938",
    "1.9-recommended": "12.16.1.1887",
    "1.9.4-latest": "12.17.0.2317",
    "1.9.4-recommended": "12.17.0.2317",
    "1.10-latest": "12.18.0.2000",
    "1.10.2-latest": "12.18.3.2511",
    "1.10.2-recommended": "12.18.3.2511",
    "1.11-latest": "13.19.1.2199",
    "1.11-recommended": "13.19.1.2189",
    "1.11.2-latest": "13.20.1.2588",
    "1.11.2-recommended": "13.20.1.2588",
    "1.12-latest": "14.21.1.2443",
    "1.12-recommended": "14.21.1.2387",
    "1.12.1-latest": "14.22.1.2485",
    "1.12.1-recommended": "14.22.1.2478",
    "1.12.2-latest": "14.23.5.2864",
    "1.12.2-recommended": "14.23.5.2859",
    "1.13.2-latest": "25.0.223",
    "1.14.2-latest": "26.0.63",
    "1.14.3-latest": "27.0.60",
    "1.14.4-latest": "28.2.30",
    "1.14.4-recommended": "28.2.26",
    "1.15-latest": "29.0.4",
    "1.15.1-latest": "30.0.51",
    "1.15.2-latest": "31.2.60",
    "1.15.2-recommended": "31.2.57",
    "1.16.1-latest": "32.0.108",
    "1.16.2-latest": "33.0.61",
    "1.16.3-latest": "34.1.42",
    "1.16.3-recommended": "34.1.0",
    "1.16.4-latest": "35.1.37",
    "1.16.4-recommended": "35.1.4",
    "1.16.5-latest": "36.2.42",
    "1.16.5-recommended": "36.2.34",
    "1.17.1-latest": "37.1.1",
    "1.17.1-recommended": "37.1.1",
    "1.18-latest": "38.0.17",
    "1.18.1-latest": "39.1.2",
    "1.18.1-recommended": "39.1.0",
    "1.18.2-recommended": "40.3.0",
    "1.18.2-latest": "40.3.12",
    "1.19-latest": "41.1.0",
    "1.19-recommended": "41.1.0",
    "1.19.1-latest": "42.0.9",
    "1.19.2-recommended": "43.5.0",
    "1.19.2-latest": "43.5.2",
    "1.19.3-latest": "44.1.23",
    "1.19.3-recommended": "44.1.0",
    "1.19.4-recommended": "45.4.0",
    "1.19.4-latest": "45.4.3",
    "1.20-latest": "46.0.14",
    "1.20.1-recommended": "47.4.10",
    "1.20.1-latest": "47.4.20",
    "1.20.2-latest": "48.1.0",
    "1.20.2-recommended": "48.1.0",
    "1.20.3-latest": "49.0.2",
    "1.20.4-latest": "49.2.7",
    "1.20.4-recommended": "49.2.0",
    "1.20.6-latest": "50.2.8",
    "1.20.6-recommended": "50.2.0",
    "1.21-latest": "51.0.33",
    "1.21.1-latest": "52.1.14",
    "1.21.1-recommended": "52.1.0",
    "1.21.3-latest": "53.1.10",
    "1.21.3-recommended": "53.1.0",
    "1.21.4-latest": "54.1.16",
    "1.21.4-recommended": "54.1.14",
    "1.21.5-latest": "55.1.10",
    "1.21.5-recommended": "55.1.0",
    "1.21.6-latest": "56.0.9",
    "1.21.7-latest": "57.0.3",
    "1.21.8-latest": "58.1.18",
    "1.21.8-recommended": "58.1.0",
    "1.21.9-latest": "59.0.5",
    "1.21.10-latest": "60.1.9",
    "1.21.10-recommended": "60.1.0",
    "1.21.11-latest": "61.1.8",
    "1.21.11-recommended": "61.1.0",
    "26.1-latest": "62.0.9",
    "26.1.1-latest": "63.0.2",
    "26.1.2-latest": "64.0.9"
  }
}
[12Jun2026 23:37:40.502] [Forge Version Check/INFO] [net.minecraftforge.fml.VersionChecker/]: [forge] Found status: UP_TO_DATE Current: 47.4.10 Target: null
[12Jun2026 23:37:41.379] [main/DEBUG] [mixin/]: Mixing MixinLootDataManager from architectury.mixins.json into net.minecraft.world.level.storage.loot.LootDataManager
[12Jun2026 23:37:41.384] [main/DEBUG] [mixin/]: architectury.mixins.json:MixinLootDataManager from mod architectury->@Inject::reload(Lnet/minecraft/server/packs/resources/PreparableReloadListener$PreparationBarrier;Lnet/minecraft/server/packs/resources/ResourceManager;Lnet/minecraft/util/profiling/ProfilerFiller;Lnet/minecraft/util/profiling/ProfilerFiller;Ljava/util/concurrent/Executor;Ljava/util/concurrent/Executor;Lorg/spongepowered/asm/mixin/injection/callback/CallbackInfoReturnable;)V doesn't use it's CallbackInfoReturnable
[12Jun2026 23:37:41.384] [main/DEBUG] [mixin/]: architectury.mixins.json:MixinLootDataManager from mod architectury->@Inject::reload(Lnet/minecraft/server/packs/resources/PreparableReloadListener$PreparationBarrier;Lnet/minecraft/server/packs/resources/ResourceManager;Lnet/minecraft/util/profiling/ProfilerFiller;Lnet/minecraft/util/profiling/ProfilerFiller;Ljava/util/concurrent/Executor;Ljava/util/concurrent/Executor;Lorg/spongepowered/asm/mixin/injection/callback/CallbackInfoReturnable;)V has 0 override(s) in child classes
[12Jun2026 23:37:41.384] [main/DEBUG] [mixin/]: architectury.mixins.json:MixinLootDataManager from mod architectury->@Inject::reload(Lnet/minecraft/server/packs/resources/PreparableReloadListener$PreparationBarrier;Lnet/minecraft/server/packs/resources/ResourceManager;Lnet/minecraft/util/profiling/ProfilerFiller;Lnet/minecraft/util/profiling/ProfilerFiller;Ljava/util/concurrent/Executor;Ljava/util/concurrent/Executor;Lorg/spongepowered/asm/mixin/injection/callback/CallbackInfoReturnable;)V won't be passed a CallbackInfoReturnable as a result
[12Jun2026 23:37:41.397] [main/DEBUG] [mixin/]: Mixing CommandExceptionLoggingMixin from cupboard.mixins.json into net.minecraft.commands.Commands
[12Jun2026 23:37:41.397] [main/DEBUG] [mixin/]: Mixing CommandsMixin from almanac.mixins.json into net.minecraft.commands.Commands
[12Jun2026 23:37:41.399] [main/DEBUG] [mixin/]: almanac.mixins.json:CommandsMixin from mod almanac->@Inject::almanac$registerCommands(Lnet/minecraft/commands/Commands$CommandSelection;Lnet/minecraft/commands/CommandBuildContext;Lorg/spongepowered/asm/mixin/injection/callback/CallbackInfo;)V doesn't use it's CallbackInfo
[12Jun2026 23:37:41.399] [main/DEBUG] [mixin/]: almanac.mixins.json:CommandsMixin from mod almanac->@Inject::almanac$registerCommands(Lnet/minecraft/commands/Commands$CommandSelection;Lnet/minecraft/commands/CommandBuildContext;Lorg/spongepowered/asm/mixin/injection/callback/CallbackInfo;)V has 0 override(s) in child classes
[12Jun2026 23:37:41.399] [main/DEBUG] [mixin/]: almanac.mixins.json:CommandsMixin from mod almanac->@Inject::almanac$registerCommands(Lnet/minecraft/commands/Commands$CommandSelection;Lnet/minecraft/commands/CommandBuildContext;Lorg/spongepowered/asm/mixin/injection/callback/CallbackInfo;)V won't be passed a CallbackInfo as a result
[12Jun2026 23:37:41.500] [main/DEBUG] [net.minecraftforge.coremod.transformer.CoreModBaseTransformer/COREMOD]: Transforming net/minecraft/server/commands/SummonCommand
[12Jun2026 23:37:41.680] [main/DEBUG] [mixin/]: Mixing TagLoaderMixin from connectormod.mixins.json into net.minecraft.tags.TagLoader
[12Jun2026 23:37:41.682] [main/DEBUG] [mixin/]: connectormod.mixins.json:TagLoaderMixin from mod connectormod->@Inject::afterLoad(Lnet/minecraft/server/packs/resources/ResourceManager;Lorg/spongepowered/asm/mixin/injection/callback/CallbackInfoReturnable;)V does use it's CallbackInfoReturnable
[12Jun2026 23:37:41.758] [Worker-Main-5/DEBUG] [org.sinytra.connector.mod.compat.TagConverter/]: Creating new forge tag forge:mushroom
[12Jun2026 23:37:41.758] [Worker-Main-5/DEBUG] [org.sinytra.connector.mod.compat.TagConverter/]: Creating new forge tag forge:mountain
[12Jun2026 23:37:41.758] [Worker-Main-5/DEBUG] [org.sinytra.connector.mod.compat.TagConverter/]: Creating new forge tag forge:plains/snowy
[12Jun2026 23:37:41.758] [Worker-Main-5/DEBUG] [org.sinytra.connector.mod.compat.TagConverter/]: Creating new forge tag forge:dense/vegetation
[12Jun2026 23:37:41.758] [Worker-Main-5/DEBUG] [org.sinytra.connector.mod.compat.TagConverter/]: Creating new forge tag forge:forest
[12Jun2026 23:37:41.759] [Worker-Main-5/DEBUG] [org.sinytra.connector.mod.compat.TagConverter/]: Creating new forge tag forge:dead
[12Jun2026 23:37:41.758] [Worker-Main-4/DEBUG] [org.sinytra.connector.mod.compat.TagConverter/]: Converted 1 tags in 0 ms
[12Jun2026 23:37:41.759] [Worker-Main-5/DEBUG] [org.sinytra.connector.mod.compat.TagConverter/]: Creating new forge tag forge:swamp
[12Jun2026 23:37:41.759] [Worker-Main-5/DEBUG] [org.sinytra.connector.mod.compat.TagConverter/]: Creating new forge tag forge:jungle/tree
[12Jun2026 23:37:41.759] [Worker-Main-5/DEBUG] [org.sinytra.connector.mod.compat.TagConverter/]: Creating new forge tag forge:river
[12Jun2026 23:37:41.759] [Worker-Main-5/DEBUG] [org.sinytra.connector.mod.compat.TagConverter/]: Creating new forge tag forge:hot/climate
[12Jun2026 23:37:41.759] [Worker-Main-5/DEBUG] [org.sinytra.connector.mod.compat.TagConverter/]: Creating new forge tag forge:desert
[12Jun2026 23:37:41.759] [Worker-Main-5/DEBUG] [org.sinytra.connector.mod.compat.TagConverter/]: Creating new forge tag forge:ocean/shallow
[12Jun2026 23:37:41.759] [Worker-Main-5/DEBUG] [org.sinytra.connector.mod.compat.TagConverter/]: Creating new forge tag forge:monsters/no_default
[12Jun2026 23:37:41.759] [Worker-Main-5/DEBUG] [org.sinytra.connector.mod.compat.TagConverter/]: Creating new forge tag forge:deciduous/tree
[12Jun2026 23:37:41.759] [Worker-Main-5/DEBUG] [org.sinytra.connector.mod.compat.TagConverter/]: Creating new forge tag forge:savanna/tree
[12Jun2026 23:37:41.759] [Worker-Main-5/DEBUG] [org.sinytra.connector.mod.compat.TagConverter/]: Creating new forge tag forge:icy
[12Jun2026 23:37:41.759] [Worker-Main-5/DEBUG] [org.sinytra.connector.mod.compat.TagConverter/]: Creating new forge tag forge:shores/stony
[12Jun2026 23:37:41.759] [Worker-Main-5/DEBUG] [org.sinytra.connector.mod.compat.TagConverter/]: Creating new forge tag forge:ocean
[12Jun2026 23:37:41.760] [Worker-Main-5/DEBUG] [org.sinytra.connector.mod.compat.TagConverter/]: Creating new forge tag forge:plains
[12Jun2026 23:37:41.760] [Worker-Main-5/DEBUG] [org.sinytra.connector.mod.compat.TagConverter/]: Creating new forge tag forge:temperate/climate
[12Jun2026 23:37:41.760] [Worker-Main-5/DEBUG] [org.sinytra.connector.mod.compat.TagConverter/]: Creating new forge tag forge:aquatic
[12Jun2026 23:37:41.760] [Worker-Main-5/DEBUG] [org.sinytra.connector.mod.compat.TagConverter/]: Creating new forge tag forge:icy/aquatic
[12Jun2026 23:37:41.760] [Worker-Main-5/DEBUG] [org.sinytra.connector.mod.compat.TagConverter/]: Creating new forge tag forge:sparse/vegetation
[12Jun2026 23:37:41.760] [Worker-Main-5/DEBUG] [org.sinytra.connector.mod.compat.TagConverter/]: Creating new forge tag forge:beach
[12Jun2026 23:37:41.760] [Worker-Main-5/DEBUG] [org.sinytra.connector.mod.compat.TagConverter/]: Creating new forge tag forge:hills/extreme
[12Jun2026 23:37:41.760] [Worker-Main-5/DEBUG] [org.sinytra.connector.mod.compat.TagConverter/]: Creating new forge tag forge:wet/climate
[12Jun2026 23:37:41.761] [Worker-Main-5/DEBUG] [org.sinytra.connector.mod.compat.TagConverter/]: Creating new forge tag forge:coniferous/tree
[12Jun2026 23:37:41.761] [Worker-Main-5/DEBUG] [org.sinytra.connector.mod.compat.TagConverter/]: Creating new forge tag forge:savanna
[12Jun2026 23:37:41.761] [Worker-Main-5/DEBUG] [org.sinytra.connector.mod.compat.TagConverter/]: Creating new forge tag forge:caves
[12Jun2026 23:37:41.761] [Worker-Main-5/DEBUG] [org.sinytra.connector.mod.compat.TagConverter/]: Creating new forge tag forge:floral
[12Jun2026 23:37:41.761] [Worker-Main-5/DEBUG] [org.sinytra.connector.mod.compat.TagConverter/]: Creating new forge tag forge:badlands
[12Jun2026 23:37:41.761] [Worker-Main-5/DEBUG] [org.sinytra.connector.mod.compat.TagConverter/]: Creating new forge tag forge:jungle
[12Jun2026 23:37:41.761] [Worker-Main-5/DEBUG] [org.sinytra.connector.mod.compat.TagConverter/]: Creating new forge tag forge:wasteland
[12Jun2026 23:37:41.761] [Worker-Main-5/DEBUG] [org.sinytra.connector.mod.compat.TagConverter/]: Creating new forge tag forge:ocean/deep
[12Jun2026 23:37:41.761] [Worker-Main-5/DEBUG] [org.sinytra.connector.mod.compat.TagConverter/]: Creating new forge tag forge:cold/climate
[12Jun2026 23:37:41.761] [Worker-Main-5/DEBUG] [org.sinytra.connector.mod.compat.TagConverter/]: Creating new forge tag forge:peak/mountain
[12Jun2026 23:37:41.761] [Worker-Main-5/DEBUG] [org.sinytra.connector.mod.compat.TagConverter/]: Creating new forge tag forge:forests/flower
[12Jun2026 23:37:41.761] [Worker-Main-5/DEBUG] [org.sinytra.connector.mod.compat.TagConverter/]: Creating new forge tag forge:slope/mountain
[12Jun2026 23:37:41.761] [Worker-Main-5/DEBUG] [org.sinytra.connector.mod.compat.TagConverter/]: Creating new forge tag forge:dry/climate
[12Jun2026 23:37:41.761] [Worker-Main-5/DEBUG] [org.sinytra.connector.mod.compat.TagConverter/]: Creating new forge tag forge:mesa
[12Jun2026 23:37:41.761] [Worker-Main-5/DEBUG] [org.sinytra.connector.mod.compat.TagConverter/]: Creating new forge tag forge:snowy
[12Jun2026 23:37:41.761] [Worker-Main-15/DEBUG] [net.minecraftforge.coremod.transformer.CoreModBaseTransformer/COREMOD]: Transforming net/minecraft/world/entity/raid/Raid
[12Jun2026 23:37:41.761] [Worker-Main-5/DEBUG] [org.sinytra.connector.mod.compat.TagConverter/]: Creating new forge tag forge:taiga
[12Jun2026 23:37:41.762] [Worker-Main-5/DEBUG] [org.sinytra.connector.mod.compat.TagConverter/]: Converted 42 tags in 4 ms
[12Jun2026 23:37:42.142] [main/INFO] [net.minecraft.world.item.crafting.RecipeManager/]: Loaded 8 recipes
[12Jun2026 23:37:42.152] [main/DEBUG] [mixin/]: Mixing DisplayInfoMixin from ftblibrary-common.mixins.json into net.minecraft.advancements.DisplayInfo
[12Jun2026 23:37:42.152] [main/DEBUG] [mixin/]: ftblibrary-common.mixins.json:DisplayInfoMixin from mod ftblibrary: Class version 61 required is higher than the class version supported by the current version of Mixin (JAVA_8 supports class version 52)
[12Jun2026 23:37:42.218] [main/INFO] [net.minecraft.advancements.AdvancementList/]: Loaded 1622 advancements
[12Jun2026 23:37:42.597] [main/DEBUG] [net.minecraftforge.common.ForgeHooks/WP]: Gathering id map for writing to world save world
[12Jun2026 23:37:42.620] [main/DEBUG] [net.minecraftforge.common.ForgeHooks/WP]: ID Map collection complete world
[12Jun2026 23:37:43.255] [Server thread/INFO] [net.minecraft.server.dedicated.DedicatedServer/]: Starting minecraft server version 1.20.1
[12Jun2026 23:37:43.256] [Server thread/INFO] [net.minecraft.server.dedicated.DedicatedServer/]: Loading properties
[12Jun2026 23:37:43.257] [Server thread/INFO] [net.minecraft.server.dedicated.DedicatedServer/]: Default game type: SURVIVAL
[12Jun2026 23:37:43.257] [Server thread/INFO] [net.minecraft.server.MinecraftServer/]: Generating keypair
[12Jun2026 23:37:43.293] [Server thread/INFO] [net.minecraft.server.dedicated.DedicatedServer/]: Starting Minecraft server on *:25565
[12Jun2026 23:37:43.293] [Server thread/DEBUG] [net.minecraftforge.network.DualStackUtils/]: Detected IPv6 address: "0:0:0:0:0:0:0:0"
[12Jun2026 23:37:43.313] [Server thread/INFO] [net.minecraft.server.network.ServerConnectionListener/]: Using default channel type
[12Jun2026 23:37:43.322] [Server thread/DEBUG] [mixin/]: Mixing malformedtraffic.ChannelHandler from connectivity.mixins.json into net.minecraft.server.network.ServerConnectionListener$1
[12Jun2026 23:37:43.325] [Server thread/DEBUG] [mixin/]: Mixing NetworkSystemMixin from connectivity.mixins.json into net.minecraft.server.network.ServerConnectionListener$1
[12Jun2026 23:37:43.330] [Server thread/DEBUG] [mixin/]: connectivity.mixins.json:malformedtraffic.ChannelHandler from mod connectivity->@Inject::injectEarlyHandler(Lio/netty/channel/Channel;Lorg/spongepowered/asm/mixin/injection/callback/CallbackInfo;)V doesn't use it's CallbackInfo
[12Jun2026 23:37:43.331] [Server thread/DEBUG] [mixin/]: connectivity.mixins.json:malformedtraffic.ChannelHandler from mod connectivity->@Inject::injectEarlyHandler(Lio/netty/channel/Channel;Lorg/spongepowered/asm/mixin/injection/callback/CallbackInfo;)V has 0 override(s) in child classes
[12Jun2026 23:37:43.331] [Server thread/DEBUG] [mixin/]: connectivity.mixins.json:malformedtraffic.ChannelHandler from mod connectivity->@Inject::injectEarlyHandler(Lio/netty/channel/Channel;Lorg/spongepowered/asm/mixin/injection/callback/CallbackInfo;)V won't be passed a CallbackInfo as a result
[12Jun2026 23:37:43.335] [Server thread/DEBUG] [mixin/]: Mixing AdvancedPacketErrorLogging from connectivity.mixins.json into net.minecraft.network.Connection
[12Jun2026 23:37:43.336] [Server thread/DEBUG] [mixin/]: Mixing ConnectionMixin from connectivity.mixins.json into net.minecraft.network.Connection
[12Jun2026 23:37:43.337] [Server thread/DEBUG] [mixin/]: Renaming synthetic method lambda$on$2(Ljava/lang/String;Lio/netty/channel/ChannelHandlerContext;Lio/netty/util/concurrent/Future;)V to md71c79a$connectivity$lambda$on$2$0 in connectivity.mixins.json:ConnectionMixin from mod connectivity
[12Jun2026 23:37:43.337] [Server thread/DEBUG] [mixin/]: Renaming synthetic method lambda$on$1(Ljava/lang/String;Lio/netty/channel/ChannelHandlerContext;Lio/netty/util/concurrent/Future;)V to md71c79a$connectivity$lambda$on$1$1 in connectivity.mixins.json:ConnectionMixin from mod connectivity
[12Jun2026 23:37:43.337] [Server thread/DEBUG] [mixin/]: Renaming synthetic method lambda$on$0(Ljava/lang/String;Lio/netty/channel/ChannelHandlerContext;Lio/netty/util/concurrent/Future;)V to md71c79a$connectivity$lambda$on$0$2 in connectivity.mixins.json:ConnectionMixin from mod connectivity
[12Jun2026 23:37:43.350] [Server thread/DEBUG] [mixin/]: connectivity.mixins.json:ConnectionMixin from mod connectivity->@Inject::on(Lio/netty/channel/ChannelHandlerContext;Ljava/lang/Throwable;Lorg/spongepowered/asm/mixin/injection/callback/CallbackInfo;)V doesn't use it's CallbackInfo
[12Jun2026 23:37:43.350] [Server thread/DEBUG] [mixin/]: connectivity.mixins.json:ConnectionMixin from mod connectivity->@Inject::on(Lio/netty/channel/ChannelHandlerContext;Ljava/lang/Throwable;Lorg/spongepowered/asm/mixin/injection/callback/CallbackInfo;)V has 0 override(s) in child classes
[12Jun2026 23:37:43.350] [Server thread/DEBUG] [mixin/]: connectivity.mixins.json:ConnectionMixin from mod connectivity->@Inject::on(Lio/netty/channel/ChannelHandlerContext;Ljava/lang/Throwable;Lorg/spongepowered/asm/mixin/injection/callback/CallbackInfo;)V won't be passed a CallbackInfo as a result
[12Jun2026 23:37:43.350] [Server thread/DEBUG] [mixin/]: connectivity.mixins.json:ConnectionMixin from mod connectivity->@Inject::onSend(Lnet/minecraft/network/protocol/Packet;Lnet/minecraft/network/PacketSendListener;Lnet/minecraft/network/ConnectionProtocol;Lnet/minecraft/network/ConnectionProtocol;Lorg/spongepowered/asm/mixin/injection/callback/CallbackInfo;)V doesn't use it's CallbackInfo
[12Jun2026 23:37:43.351] [Server thread/DEBUG] [mixin/]: connectivity.mixins.json:ConnectionMixin from mod connectivity->@Inject::onSend(Lnet/minecraft/network/protocol/Packet;Lnet/minecraft/network/PacketSendListener;Lnet/minecraft/network/ConnectionProtocol;Lnet/minecraft/network/ConnectionProtocol;Lorg/spongepowered/asm/mixin/injection/callback/CallbackInfo;)V has 0 override(s) in child classes
[12Jun2026 23:37:43.351] [Server thread/DEBUG] [mixin/]: connectivity.mixins.json:ConnectionMixin from mod connectivity->@Inject::onSend(Lnet/minecraft/network/protocol/Packet;Lnet/minecraft/network/PacketSendListener;Lnet/minecraft/network/ConnectionProtocol;Lnet/minecraft/network/ConnectionProtocol;Lorg/spongepowered/asm/mixin/injection/callback/CallbackInfo;)V won't be passed a CallbackInfo as a result
[12Jun2026 23:37:43.351] [Server thread/DEBUG] [mixin/]: connectivity.mixins.json:ConnectionMixin from mod connectivity->@Inject::afterSend(Lnet/minecraft/network/protocol/Packet;Lnet/minecraft/network/PacketSendListener;Lnet/minecraft/network/ConnectionProtocol;Lnet/minecraft/network/ConnectionProtocol;Lorg/spongepowered/asm/mixin/injection/callback/CallbackInfo;)V doesn't use it's CallbackInfo
[12Jun2026 23:37:43.351] [Server thread/DEBUG] [mixin/]: connectivity.mixins.json:ConnectionMixin from mod connectivity->@Inject::afterSend(Lnet/minecraft/network/protocol/Packet;Lnet/minecraft/network/PacketSendListener;Lnet/minecraft/network/ConnectionProtocol;Lnet/minecraft/network/ConnectionProtocol;Lorg/spongepowered/asm/mixin/injection/callback/CallbackInfo;)V has 0 override(s) in child classes
[12Jun2026 23:37:43.351] [Server thread/DEBUG] [mixin/]: connectivity.mixins.json:ConnectionMixin from mod connectivity->@Inject::afterSend(Lnet/minecraft/network/protocol/Packet;Lnet/minecraft/network/PacketSendListener;Lnet/minecraft/network/ConnectionProtocol;Lnet/minecraft/network/ConnectionProtocol;Lorg/spongepowered/asm/mixin/injection/callback/CallbackInfo;)V won't be passed a CallbackInfo as a result
[12Jun2026 23:37:43.355] [Server thread/DEBUG] [io.netty.channel.MultithreadEventLoopGroup/]: -Dio.netty.eventLoopThreads: 32
[12Jun2026 23:37:43.374] [Server thread/DEBUG] [io.netty.util.internal.InternalThreadLocalMap/]: -Dio.netty.threadLocalMap.stringBuilder.initialSize: 1024
[12Jun2026 23:37:43.374] [Server thread/DEBUG] [io.netty.util.internal.InternalThreadLocalMap/]: -Dio.netty.threadLocalMap.stringBuilder.maxSize: 4096
[12Jun2026 23:37:43.379] [Server thread/DEBUG] [io.netty.channel.nio.NioEventLoop/]: -Dio.netty.noKeySetOptimization: false
[12Jun2026 23:37:43.380] [Server thread/DEBUG] [io.netty.channel.nio.NioEventLoop/]: -Dio.netty.selectorAutoRebuildThreshold: 512
[12Jun2026 23:37:43.385] [Server thread/DEBUG] [io.netty.util.internal.PlatformDependent/]: org.jctools-core.MpscChunkedArrayQueue: available
[12Jun2026 23:37:43.425] [Server thread/DEBUG] [io.netty.channel.DefaultChannelId/]: -Dio.netty.processId: 20864 (auto-detected)
[12Jun2026 23:37:43.427] [Server thread/DEBUG] [io.netty.util.NetUtil/]: -Djava.net.preferIPv4Stack: false
[12Jun2026 23:37:43.427] [Server thread/DEBUG] [io.netty.util.NetUtil/]: -Djava.net.preferIPv6Addresses: true
[12Jun2026 23:37:43.431] [Server thread/DEBUG] [io.netty.util.NetUtilInitializations/]: Loopback interface: loopback_0 (Software Loopback Interface 1, 0:0:0:0:0:0:0:1)
[12Jun2026 23:37:43.432] [Server thread/DEBUG] [io.netty.util.NetUtil/]: Failed to get SOMAXCONN from sysctl and file \proc\sys\net\core\somaxconn. Default: 200
[12Jun2026 23:37:43.434] [Server thread/DEBUG] [io.netty.channel.DefaultChannelId/]: -Dio.netty.machineId: 00:00:00:00:00:00:00:e0 (auto-detected)
[12Jun2026 23:37:43.464] [Server thread/DEBUG] [io.netty.buffer.PooledByteBufAllocator/]: -Dio.netty.allocator.numHeapArenas: 32
[12Jun2026 23:37:43.464] [Server thread/DEBUG] [io.netty.buffer.PooledByteBufAllocator/]: -Dio.netty.allocator.numDirectArenas: 32
[12Jun2026 23:37:43.464] [Server thread/DEBUG] [io.netty.buffer.PooledByteBufAllocator/]: -Dio.netty.allocator.pageSize: 8192
[12Jun2026 23:37:43.464] [Server thread/DEBUG] [io.netty.buffer.PooledByteBufAllocator/]: -Dio.netty.allocator.maxOrder: 9
[12Jun2026 23:37:43.464] [Server thread/DEBUG] [io.netty.buffer.PooledByteBufAllocator/]: -Dio.netty.allocator.chunkSize: 4194304
[12Jun2026 23:37:43.464] [Server thread/DEBUG] [io.netty.buffer.PooledByteBufAllocator/]: -Dio.netty.allocator.smallCacheSize: 256
[12Jun2026 23:37:43.464] [Server thread/DEBUG] [io.netty.buffer.PooledByteBufAllocator/]: -Dio.netty.allocator.normalCacheSize: 64
[12Jun2026 23:37:43.464] [Server thread/DEBUG] [io.netty.buffer.PooledByteBufAllocator/]: -Dio.netty.allocator.maxCachedBufferCapacity: 32768
[12Jun2026 23:37:43.464] [Server thread/DEBUG] [io.netty.buffer.PooledByteBufAllocator/]: -Dio.netty.allocator.cacheTrimInterval: 8192
[12Jun2026 23:37:43.464] [Server thread/DEBUG] [io.netty.buffer.PooledByteBufAllocator/]: -Dio.netty.allocator.cacheTrimIntervalMillis: 0
[12Jun2026 23:37:43.464] [Server thread/DEBUG] [io.netty.buffer.PooledByteBufAllocator/]: -Dio.netty.allocator.useCacheForAllThreads: false
[12Jun2026 23:37:43.464] [Server thread/DEBUG] [io.netty.buffer.PooledByteBufAllocator/]: -Dio.netty.allocator.maxCachedByteBuffersPerChunk: 1023
[12Jun2026 23:37:43.473] [Server thread/DEBUG] [io.netty.buffer.ByteBufUtil/]: -Dio.netty.allocator.type: pooled
[12Jun2026 23:37:43.473] [Server thread/DEBUG] [io.netty.buffer.ByteBufUtil/]: -Dio.netty.threadLocalDirectBufferSize: 0
[12Jun2026 23:37:43.473] [Server thread/DEBUG] [io.netty.buffer.ByteBufUtil/]: -Dio.netty.maxThreadLocalCharBufferSize: 16384
[12Jun2026 23:37:43.480] [Server thread/WARN] [net.minecraft.server.dedicated.DedicatedServer/]: **** SERVER IS RUNNING IN OFFLINE/INSECURE MODE!
[12Jun2026 23:37:43.480] [Server thread/WARN] [net.minecraft.server.dedicated.DedicatedServer/]: The server will make no attempt to authenticate usernames. Beware.
[12Jun2026 23:37:43.481] [Server thread/WARN] [net.minecraft.server.dedicated.DedicatedServer/]: While this makes the game possible to play without internet access, it also opens up the ability for hackers to connect with any username they choose.
[12Jun2026 23:37:43.482] [Server thread/WARN] [net.minecraft.server.dedicated.DedicatedServer/]: To change this, set "online-mode" to "true" in the server.properties file.
[12Jun2026 23:37:43.501] [Server thread/DEBUG] [net.minecraftforge.fml.config.ConfigTracker/CONFIG]: Loading configs type SERVER
[12Jun2026 23:37:43.501] [Server thread/DEBUG] [net.minecraftforge.fml.config.ConfigFileTypeHandler/CONFIG]: Built TOML config for .\world\serverconfig\gravestone-server.toml
[12Jun2026 23:37:43.502] [Server thread/DEBUG] [net.minecraftforge.fml.config.ConfigFileTypeHandler/CONFIG]: Loaded TOML config file .\world\serverconfig\gravestone-server.toml
[12Jun2026 23:37:43.502] [Server thread/DEBUG] [net.minecraftforge.fml.config.ConfigFileTypeHandler/CONFIG]: Watching TOML config file .\world\serverconfig\gravestone-server.toml for changes
[12Jun2026 23:37:43.505] [Server thread/DEBUG] [net.minecraftforge.fml.config.ConfigFileTypeHandler/CONFIG]: Built TOML config for .\world\serverconfig\travelersbackpack-server.toml
[12Jun2026 23:37:43.507] [Server thread/DEBUG] [net.minecraftforge.fml.config.ConfigFileTypeHandler/CONFIG]: Loaded TOML config file .\world\serverconfig\travelersbackpack-server.toml
[12Jun2026 23:37:43.507] [Server thread/DEBUG] [net.minecraftforge.fml.config.ConfigFileTypeHandler/CONFIG]: Watching TOML config file .\world\serverconfig\travelersbackpack-server.toml for changes
[12Jun2026 23:37:43.515] [Server thread/DEBUG] [net.minecraftforge.fml.config.ConfigFileTypeHandler/CONFIG]: Built TOML config for .\world\serverconfig\forge-server.toml
[12Jun2026 23:37:43.516] [Server thread/DEBUG] [net.minecraftforge.fml.config.ConfigFileTypeHandler/CONFIG]: Loaded TOML config file .\world\serverconfig\forge-server.toml
[12Jun2026 23:37:43.516] [Server thread/DEBUG] [net.minecraftforge.fml.config.ConfigFileTypeHandler/CONFIG]: Watching TOML config file .\world\serverconfig\forge-server.toml for changes
[12Jun2026 23:37:43.517] [Server thread/DEBUG] [net.minecraftforge.common.ForgeConfig/FORGEMOD]: Loaded forge config file forge-server.toml
[12Jun2026 23:37:43.517] [Thread-3/DEBUG] [net.minecraftforge.fml.config.ConfigFileTypeHandler/CONFIG]: Config file travelersbackpack-server.toml changed, sending notifies
[12Jun2026 23:37:43.563] [Server thread/INFO] [net.minecraft.server.dedicated.DedicatedServer/]: Preparing level "world"
[12Jun2026 23:37:43.572] [Server thread/DEBUG] [net.minecraftforge.coremod.transformer.CoreModBaseTransformer/COREMOD]: Transforming net/minecraft/world/level/levelgen/PhantomSpawner
[12Jun2026 23:37:43.576] [Server thread/DEBUG] [net.minecraftforge.coremod.transformer.CoreModBaseTransformer/COREMOD]: Transforming net/minecraft/world/level/levelgen/PatrolSpawner
[12Jun2026 23:37:43.578] [Server thread/DEBUG] [net.minecraftforge.coremod.transformer.CoreModBaseTransformer/COREMOD]: Transforming net/minecraft/world/entity/npc/CatSpawner
[12Jun2026 23:37:43.579] [Server thread/DEBUG] [net.minecraftforge.coremod.transformer.CoreModBaseTransformer/COREMOD]: Transforming net/minecraft/world/entity/ai/village/VillageSiege
[12Jun2026 23:37:43.586] [Server thread/DEBUG] [mixin/]: Mixing ChunkLoadDebug from cupboard.mixins.json into net.minecraft.server.level.ServerChunkCache
[12Jun2026 23:37:43.588] [Server thread/DEBUG] [mixin/]: Mixing ServerChunkCacheMixin from smoothchunk.mixins.json into net.minecraft.server.level.ServerChunkCache
[12Jun2026 23:37:43.589] [Server thread/DEBUG] [mixin/]: cupboard.mixins.json:ChunkLoadDebug from mod cupboard->@Inject::cupboard$logChunkLoading(IILnet/minecraft/world/level/chunk/ChunkStatus;ZLorg/spongepowered/asm/mixin/injection/callback/CallbackInfoReturnable;)V doesn't use it's CallbackInfoReturnable
[12Jun2026 23:37:43.589] [Server thread/DEBUG] [mixin/]: cupboard.mixins.json:ChunkLoadDebug from mod cupboard->@Inject::cupboard$logChunkLoading(IILnet/minecraft/world/level/chunk/ChunkStatus;ZLorg/spongepowered/asm/mixin/injection/callback/CallbackInfoReturnable;)V has 0 override(s) in child classes
[12Jun2026 23:37:43.589] [Server thread/DEBUG] [mixin/]: cupboard.mixins.json:ChunkLoadDebug from mod cupboard->@Inject::cupboard$logChunkLoading(IILnet/minecraft/world/level/chunk/ChunkStatus;ZLorg/spongepowered/asm/mixin/injection/callback/CallbackInfoReturnable;)V won't be passed a CallbackInfoReturnable as a result
[12Jun2026 23:37:43.589] [Server thread/DEBUG] [mixin/]: smoothchunk.mixins.json:ServerChunkCacheMixin from mod smoothchunk->@Inject::onSaveALlChunks(ZLorg/spongepowered/asm/mixin/injection/callback/CallbackInfo;)V does use it's CallbackInfo
[12Jun2026 23:37:43.608] [Server thread/DEBUG] [mixin/]: Mixing IOWorkerMixin from tectonic.mixins.json into net.minecraft.world.level.chunk.storage.IOWorker
[12Jun2026 23:37:43.609] [Server thread/DEBUG] [mixin/]: tectonic.mixins.json:IOWorkerMixin from mod tectonic->@Inject::tectonic$needsBlending(Lnet/minecraft/nbt/CompoundTag;Lorg/spongepowered/asm/mixin/injection/callback/CallbackInfoReturnable;)V does use it's CallbackInfoReturnable
[12Jun2026 23:37:43.616] [Server thread/DEBUG] [mixin/]: Mixing PersistentEntitySectionManagerMixin from smoothchunk.mixins.json into net.minecraft.world.level.entity.PersistentEntitySectionManager
[12Jun2026 23:37:43.627] [Server thread/DEBUG] [mixin/]: Mixing ChunkMapMixin from smoothchunk.mixins.json into net.minecraft.server.level.ChunkMap
[12Jun2026 23:37:43.633] [Server thread/DEBUG] [mixin/]: Mixing ChunkMapSlowUnload from smoothchunk.mixins.json into net.minecraft.server.level.ChunkMap
[12Jun2026 23:37:43.636] [Server thread/DEBUG] [mixin/]: Mixing common.ChunkMapMixin from lithostitched.mixins.json into net.minecraft.server.level.ChunkMap
[12Jun2026 23:37:43.636] [Server thread/DEBUG] [mixin/]: Renaming synthetic method lambda$wrapNoiseRouter$0(Lnet/minecraft/server/level/ServerLevel;Ldev/worldgen/lithostitched/worldgen/modifier/Modifier;)Z to md71c79a$lithostitched$lambda$wrapNoiseRouter$0$0 in lithostitched.mixins.json:common.ChunkMapMixin from mod lithostitched
[12Jun2026 23:37:43.638] [Server thread/DEBUG] [mixin/]: Mixing ChunkMapAccessor from skinrestorer.mixins.json into net.minecraft.server.level.ChunkMap
[12Jun2026 23:37:43.645] [Server thread/DEBUG] [mixin/]: smoothchunk.mixins.json:ChunkMapMixin from mod smoothchunk->@Inject::checkExisting(Lnet/minecraft/world/level/chunk/ChunkAccess;Lorg/spongepowered/asm/mixin/injection/callback/CallbackInfoReturnable;)V does use it's CallbackInfoReturnable
[12Jun2026 23:37:43.645] [Server thread/DEBUG] [mixin/]: smoothchunk.mixins.json:ChunkMapSlowUnload from mod smoothchunk->@Inject::onSchedule(JLnet/minecraft/server/level/ChunkHolder;Lorg/spongepowered/asm/mixin/injection/callback/CallbackInfo;)V doesn't use it's CallbackInfo
[12Jun2026 23:37:43.645] [Server thread/DEBUG] [mixin/]: smoothchunk.mixins.json:ChunkMapSlowUnload from mod smoothchunk->@Inject::onSchedule(JLnet/minecraft/server/level/ChunkHolder;Lorg/spongepowered/asm/mixin/injection/callback/CallbackInfo;)V has 0 override(s) in child classes
[12Jun2026 23:37:43.645] [Server thread/DEBUG] [mixin/]: smoothchunk.mixins.json:ChunkMapSlowUnload from mod smoothchunk->@Inject::onSchedule(JLnet/minecraft/server/level/ChunkHolder;Lorg/spongepowered/asm/mixin/injection/callback/CallbackInfo;)V won't be passed a CallbackInfo as a result
[12Jun2026 23:37:43.645] [Server thread/DEBUG] [mixin/]: smoothchunk.mixins.json:ChunkMapSlowUnload from mod smoothchunk->@Inject::onRunUnload(Ljava/util/function/BooleanSupplier;Lorg/spongepowered/asm/mixin/injection/callback/CallbackInfo;)V doesn't use it's CallbackInfo
[12Jun2026 23:37:43.645] [Server thread/DEBUG] [mixin/]: smoothchunk.mixins.json:ChunkMapSlowUnload from mod smoothchunk->@Inject::onRunUnload(Ljava/util/function/BooleanSupplier;Lorg/spongepowered/asm/mixin/injection/callback/CallbackInfo;)V has 0 override(s) in child classes
[12Jun2026 23:37:43.645] [Server thread/DEBUG] [mixin/]: smoothchunk.mixins.json:ChunkMapSlowUnload from mod smoothchunk->@Inject::onRunUnload(Ljava/util/function/BooleanSupplier;Lorg/spongepowered/asm/mixin/injection/callback/CallbackInfo;)V won't be passed a CallbackInfo as a result
[12Jun2026 23:37:43.665] [Server thread/DEBUG] [mixin/]: Mixing common.RandomStateAccessor from lithostitched.mixins.json into net.minecraft.world.level.levelgen.RandomState
[12Jun2026 23:37:43.669] [Server thread/DEBUG] [mixin/]: Mixing NoisesMixin from tectonic.mixins.json into net.minecraft.world.level.levelgen.Noises
[12Jun2026 23:37:44.463] [Server thread/INFO] [net.minecraft.server.MinecraftServer/]: Preparing start region for dimension minecraft:overworld
[12Jun2026 23:37:45.065] [Server thread/DEBUG] [mixin/]: Mixing MixinChunkSerializer from architectury.mixins.json into net.minecraft.world.level.chunk.storage.ChunkSerializer
[12Jun2026 23:37:45.068] [Server thread/DEBUG] [mixin/]: Mixing ChunkSerializerMixin from tectonic_1.20.1.mixins.json into net.minecraft.world.level.chunk.storage.ChunkSerializer
[12Jun2026 23:37:45.074] [Server thread/DEBUG] [mixin/]: architectury.mixins.json:MixinChunkSerializer from mod architectury->@Inject::read(Lnet/minecraft/server/level/ServerLevel;Lnet/minecraft/world/entity/ai/village/poi/PoiManager;Lnet/minecraft/world/level/ChunkPos;Lnet/minecraft/nbt/CompoundTag;Lorg/spongepowered/asm/mixin/injection/callback/CallbackInfoReturnable;)V doesn't use it's CallbackInfoReturnable
[12Jun2026 23:37:45.075] [Server thread/DEBUG] [mixin/]: tectonic_1.20.1.mixins.json:ChunkSerializerMixin from mod tectonic->@Inject::tectonic$read(Lnet/minecraft/server/level/ServerLevel;Lnet/minecraft/world/entity/ai/village/poi/PoiManager;Lnet/minecraft/world/level/ChunkPos;Lnet/minecraft/nbt/CompoundTag;Lorg/spongepowered/asm/mixin/injection/callback/CallbackInfoReturnable;)V doesn't use it's CallbackInfoReturnable
[12Jun2026 23:37:45.076] [Server thread/DEBUG] [mixin/]: tectonic_1.20.1.mixins.json:ChunkSerializerMixin from mod tectonic->@Inject::tectonic$write(Lnet/minecraft/server/level/ServerLevel;Lnet/minecraft/world/level/chunk/ChunkAccess;Lorg/spongepowered/asm/mixin/injection/callback/CallbackInfoReturnable;)V does use it's CallbackInfoReturnable
[12Jun2026 23:37:45.091] [Server thread/DEBUG] [mixin/]: Mixing ThreadingDetectorMixin from cupboard.mixins.json into net.minecraft.util.ThreadingDetector
[12Jun2026 23:37:45.110] [Server thread/DEBUG] [mixin/]: Mixing BlendingDataMixin from tectonic.mixins.json into net.minecraft.world.level.levelgen.blending.BlendingData
[12Jun2026 23:37:45.112] [Server thread/DEBUG] [mixin/]: tectonic.mixins.json:BlendingDataMixin from mod tectonic->@Inject::checkTerralithSurfaceBlocks(Lnet/minecraft/world/level/chunk/ChunkAccess;IILorg/spongepowered/asm/mixin/injection/callback/CallbackInfoReturnable;IILnet/minecraft/core/BlockPos$MutableBlockPos;)V does use it's CallbackInfoReturnable
[12Jun2026 23:37:46.014] [Worker-Main-2/INFO] [net.minecraft.server.level.progress.LoggerChunkProgressListener/]: Preparing spawn area: 0%
[12Jun2026 23:37:46.032] [Worker-Main-13/INFO] [net.minecraft.server.level.progress.LoggerChunkProgressListener/]: Preparing spawn area: 0%
[12Jun2026 23:37:46.036] [Worker-Main-12/INFO] [net.minecraft.server.level.progress.LoggerChunkProgressListener/]: Preparing spawn area: 0%
[12Jun2026 23:37:46.041] [Worker-Main-6/INFO] [net.minecraft.server.level.progress.LoggerChunkProgressListener/]: Preparing spawn area: 0%
[12Jun2026 23:37:46.284] [Server thread/DEBUG] [net.minecraftforge.coremod.transformer.CoreModBaseTransformer/COREMOD]: Transforming net/minecraft/world/level/levelgen/structure/templatesystem/StructureTemplate
[12Jun2026 23:37:46.304] [Server thread/DEBUG] [mixin/]: Mixing common.StructureTemplateMixin from lithostitched.mixins.json into net.minecraft.world.level.levelgen.structure.templatesystem.StructureTemplate
[12Jun2026 23:37:46.307] [Server thread/DEBUG] [mixin/]: lithostitched.mixins.json:common.StructureTemplateMixin from mod lithostitched->@Inject::bindUnboundProcessors(Lnet/minecraft/world/level/ServerLevelAccessor;Lnet/minecraft/core/BlockPos;Lnet/minecraft/core/BlockPos;Lnet/minecraft/world/level/levelgen/structure/templatesystem/StructurePlaceSettings;Lnet/minecraft/util/RandomSource;ILorg/spongepowered/asm/mixin/injection/callback/CallbackInfoReturnable;)V doesn't use it's CallbackInfoReturnable
[12Jun2026 23:37:46.307] [Server thread/DEBUG] [mixin/]: lithostitched.mixins.json:common.StructureTemplateMixin from mod lithostitched->@Inject::bindUnboundProcessors(Lnet/minecraft/world/level/ServerLevelAccessor;Lnet/minecraft/core/BlockPos;Lnet/minecraft/core/BlockPos;Lnet/minecraft/world/level/levelgen/structure/templatesystem/StructurePlaceSettings;Lnet/minecraft/util/RandomSource;ILorg/spongepowered/asm/mixin/injection/callback/CallbackInfoReturnable;)V has 0 override(s) in child classes
[12Jun2026 23:37:46.307] [Server thread/DEBUG] [mixin/]: lithostitched.mixins.json:common.StructureTemplateMixin from mod lithostitched->@Inject::bindUnboundProcessors(Lnet/minecraft/world/level/ServerLevelAccessor;Lnet/minecraft/core/BlockPos;Lnet/minecraft/core/BlockPos;Lnet/minecraft/world/level/levelgen/structure/templatesystem/StructurePlaceSettings;Lnet/minecraft/util/RandomSource;ILorg/spongepowered/asm/mixin/injection/callback/CallbackInfoReturnable;)V won't be passed a CallbackInfoReturnable as a result
[12Jun2026 23:37:46.465] [Worker-Main-9/INFO] [net.minecraft.server.level.progress.LoggerChunkProgressListener/]: Preparing spawn area: 0%
[12Jun2026 23:37:46.964] [Worker-Main-7/INFO] [net.minecraft.server.level.progress.LoggerChunkProgressListener/]: Preparing spawn area: 0%
[12Jun2026 23:37:47.465] [Worker-Main-1/INFO] [net.minecraft.server.level.progress.LoggerChunkProgressListener/]: Preparing spawn area: 78%
[12Jun2026 23:37:47.583] [Server thread/INFO] [net.minecraft.server.level.progress.LoggerChunkProgressListener/]: Time elapsed: 3119 ms
[12Jun2026 23:37:47.583] [Server thread/INFO] [net.minecraft.server.dedicated.DedicatedServer/]: Done (4.083s)! For help, type "help"
[12Jun2026 23:37:47.598] [Server thread/DEBUG] [net.minecraftforge.network.DualStackUtils/]: Detected IPv6 address: "0:0:0:0:0:0:0:0"
[12Jun2026 23:37:47.609] [Server thread/DEBUG] [net.minecraftforge.common.ForgeI18n/CORE]: Loading I18N data entries: 2280
[12Jun2026 23:37:47.613] [Server thread/INFO] [net.minecraftforge.server.permission.PermissionAPI/]: Successfully initialized permission handler forge:default_handler
[12Jun2026 23:37:47.648] [Server thread/INFO] [com.cupboard.Cupboard/]: Loaded config for: smoothchunk.json
[12Jun2026 23:37:47.649] [Server thread/INFO] [com.cupboard.Cupboard/]: Loaded config for: connectivity.json
[12Jun2026 23:37:47.926] [Server thread/INFO] [PlasmoVoice/]: NioDatagramChannel UDP server is started on /[0:0:0:0:0:0:0:0]:25565
[12Jun2026 23:37:47.988] [Server thread/DEBUG] [io.netty.buffer.AbstractByteBuf/]: -Dio.netty.buffer.checkAccessible: true
[12Jun2026 23:37:47.989] [Server thread/DEBUG] [io.netty.buffer.AbstractByteBuf/]: -Dio.netty.buffer.checkBounds: true
[12Jun2026 23:37:47.990] [Server thread/DEBUG] [io.netty.util.ResourceLeakDetectorFactory/]: Loaded default ResourceLeakDetector: io.netty.util.ResourceLeakDetector@3d3e9114
[12Jun2026 23:37:48.030] [Server thread/DEBUG] [net.minecraftforge.coremod.transformer.CoreModBaseTransformer/COREMOD]: Transforming net/minecraft/world/level/NaturalSpawner
[12Jun2026 23:37:48.067] [Server thread/DEBUG] [mixin/]: Mixing TrackedEntityAccessorInvoker from skinrestorer.mixins.json into net.minecraft.server.level.ChunkMap$TrackedEntity
[12Jun2026 23:37:48.104] [Server thread/DEBUG] [mixin/]: Mixing MixinEnchantmentHelper from immersive_armors.mixins.json into net.minecraft.world.item.enchantment.EnchantmentHelper
[12Jun2026 23:37:48.107] [Server thread/DEBUG] [mixin/]: immersive_armors.mixins.json:MixinEnchantmentHelper from mod immersive_armors->@Inject::immersiveArmors$getLevel(Lnet/minecraft/world/item/enchantment/Enchantment;Lnet/minecraft/world/item/ItemStack;Lorg/spongepowered/asm/mixin/injection/callback/CallbackInfoReturnable;)V does use it's CallbackInfoReturnable
[12Jun2026 23:37:48.143] [pool-6-thread-1/WARN] [PlasmoVoice/]: New version available 2.1.10: https://cdn.modrinth.com/data/1bZhdhsH/versions/3fdVR3eA/plasmovoice-forge-1.20.1-2.1.10.jar
[12Jun2026 23:37:50.037] [Netty Server IO #1/DEBUG] [mixin/]: Mixing PacketDecoderMixin from connectivity.mixins.json into net.minecraft.network.PacketDecoder
[12Jun2026 23:37:50.042] [Netty Server IO #1/DEBUG] [mixin/]: connectivity.mixins.json:PacketDecoderMixin from mod connectivity->@Inject::checkSize(Lio/netty/channel/ChannelHandlerContext;Lio/netty/buffer/ByteBuf;Ljava/util/List;Lorg/spongepowered/asm/mixin/injection/callback/CallbackInfo;ILnet/minecraft/network/FriendlyByteBuf;ILnet/minecraft/network/protocol/Packet;)V doesn't use it's CallbackInfo
[12Jun2026 23:37:50.043] [Netty Server IO #1/DEBUG] [mixin/]: connectivity.mixins.json:PacketDecoderMixin from mod connectivity->@Inject::checkSize(Lio/netty/channel/ChannelHandlerContext;Lio/netty/buffer/ByteBuf;Ljava/util/List;Lorg/spongepowered/asm/mixin/injection/callback/CallbackInfo;ILnet/minecraft/network/FriendlyByteBuf;ILnet/minecraft/network/protocol/Packet;)V has 0 override(s) in child classes
[12Jun2026 23:37:50.043] [Netty Server IO #1/DEBUG] [mixin/]: connectivity.mixins.json:PacketDecoderMixin from mod connectivity->@Inject::checkSize(Lio/netty/channel/ChannelHandlerContext;Lio/netty/buffer/ByteBuf;Ljava/util/List;Lorg/spongepowered/asm/mixin/injection/callback/CallbackInfo;ILnet/minecraft/network/FriendlyByteBuf;ILnet/minecraft/network/protocol/Packet;)V won't be passed a CallbackInfo as a result
[12Jun2026 23:37:50.043] [Netty Server IO #1/DEBUG] [mixin/]: connectivity.mixins.json:PacketDecoderMixin from mod connectivity->@Inject::onDecode(Lio/netty/channel/ChannelHandlerContext;Lio/netty/buffer/ByteBuf;Ljava/util/List;Lorg/spongepowered/asm/mixin/injection/callback/CallbackInfo;ILnet/minecraft/network/FriendlyByteBuf;ILnet/minecraft/network/protocol/Packet;)V doesn't use it's CallbackInfo
[12Jun2026 23:37:50.043] [Netty Server IO #1/DEBUG] [mixin/]: connectivity.mixins.json:PacketDecoderMixin from mod connectivity->@Inject::onDecode(Lio/netty/channel/ChannelHandlerContext;Lio/netty/buffer/ByteBuf;Ljava/util/List;Lorg/spongepowered/asm/mixin/injection/callback/CallbackInfo;ILnet/minecraft/network/FriendlyByteBuf;ILnet/minecraft/network/protocol/Packet;)V has 0 override(s) in child classes
[12Jun2026 23:37:50.043] [Netty Server IO #1/DEBUG] [mixin/]: connectivity.mixins.json:PacketDecoderMixin from mod connectivity->@Inject::onDecode(Lio/netty/channel/ChannelHandlerContext;Lio/netty/buffer/ByteBuf;Ljava/util/List;Lorg/spongepowered/asm/mixin/injection/callback/CallbackInfo;ILnet/minecraft/network/FriendlyByteBuf;ILnet/minecraft/network/protocol/Packet;)V won't be passed a CallbackInfo as a result
[12Jun2026 23:37:50.047] [Netty Server IO #1/DEBUG] [mixin/]: Mixing PacketEncoderMixin from connectivity.mixins.json into net.minecraft.network.PacketEncoder
[12Jun2026 23:37:50.048] [Netty Server IO #1/DEBUG] [mixin/]: Mixing networkstats.NettyPacketEncoderMixin from connectivity.mixins.json into net.minecraft.network.PacketEncoder
[12Jun2026 23:37:50.051] [Netty Server IO #1/DEBUG] [mixin/]: connectivity.mixins.json:PacketEncoderMixin from mod connectivity->@Inject::onError(Lio/netty/channel/ChannelHandlerContext;Lnet/minecraft/network/protocol/Packet;Lio/netty/buffer/ByteBuf;Lorg/spongepowered/asm/mixin/injection/callback/CallbackInfo;)V doesn't use it's CallbackInfo
[12Jun2026 23:37:50.051] [Netty Server IO #1/DEBUG] [mixin/]: connectivity.mixins.json:PacketEncoderMixin from mod connectivity->@Inject::onError(Lio/netty/channel/ChannelHandlerContext;Lnet/minecraft/network/protocol/Packet;Lio/netty/buffer/ByteBuf;Lorg/spongepowered/asm/mixin/injection/callback/CallbackInfo;)V has 0 override(s) in child classes
[12Jun2026 23:37:50.051] [Netty Server IO #1/DEBUG] [mixin/]: connectivity.mixins.json:PacketEncoderMixin from mod connectivity->@Inject::onError(Lio/netty/channel/ChannelHandlerContext;Lnet/minecraft/network/protocol/Packet;Lio/netty/buffer/ByteBuf;Lorg/spongepowered/asm/mixin/injection/callback/CallbackInfo;)V won't be passed a CallbackInfo as a result
[12Jun2026 23:37:50.051] [Netty Server IO #1/DEBUG] [mixin/]: connectivity.mixins.json:PacketEncoderMixin from mod connectivity->@Inject::checkSize(Lio/netty/channel/ChannelHandlerContext;Lnet/minecraft/network/protocol/Packet;Lio/netty/buffer/ByteBuf;Lorg/spongepowered/asm/mixin/injection/callback/CallbackInfo;Lnet/minecraft/network/ConnectionProtocol;ILnet/minecraft/network/FriendlyByteBuf;I)V doesn't use it's CallbackInfo
[12Jun2026 23:37:50.051] [Netty Server IO #1/DEBUG] [mixin/]: connectivity.mixins.json:PacketEncoderMixin from mod connectivity->@Inject::checkSize(Lio/netty/channel/ChannelHandlerContext;Lnet/minecraft/network/protocol/Packet;Lio/netty/buffer/ByteBuf;Lorg/spongepowered/asm/mixin/injection/callback/CallbackInfo;Lnet/minecraft/network/ConnectionProtocol;ILnet/minecraft/network/FriendlyByteBuf;I)V has 0 override(s) in child classes
[12Jun2026 23:37:50.051] [Netty Server IO #1/DEBUG] [mixin/]: connectivity.mixins.json:PacketEncoderMixin from mod connectivity->@Inject::checkSize(Lio/netty/channel/ChannelHandlerContext;Lnet/minecraft/network/protocol/Packet;Lio/netty/buffer/ByteBuf;Lorg/spongepowered/asm/mixin/injection/callback/CallbackInfo;Lnet/minecraft/network/ConnectionProtocol;ILnet/minecraft/network/FriendlyByteBuf;I)V won't be passed a CallbackInfo as a result
[12Jun2026 23:37:50.051] [Netty Server IO #1/DEBUG] [mixin/]: connectivity.mixins.json:networkstats.NettyPacketEncoderMixin from mod connectivity->@Inject::onEncode(Lio/netty/channel/ChannelHandlerContext;Lnet/minecraft/network/protocol/Packet;Lio/netty/buffer/ByteBuf;Lorg/spongepowered/asm/mixin/injection/callback/CallbackInfo;)V doesn't use it's CallbackInfo
[12Jun2026 23:37:50.051] [Netty Server IO #1/DEBUG] [mixin/]: connectivity.mixins.json:networkstats.NettyPacketEncoderMixin from mod connectivity->@Inject::onEncode(Lio/netty/channel/ChannelHandlerContext;Lnet/minecraft/network/protocol/Packet;Lio/netty/buffer/ByteBuf;Lorg/spongepowered/asm/mixin/injection/callback/CallbackInfo;)V has 0 override(s) in child classes
[12Jun2026 23:37:50.051] [Netty Server IO #1/DEBUG] [mixin/]: connectivity.mixins.json:networkstats.NettyPacketEncoderMixin from mod connectivity->@Inject::onEncode(Lio/netty/channel/ChannelHandlerContext;Lnet/minecraft/network/protocol/Packet;Lio/netty/buffer/ByteBuf;Lorg/spongepowered/asm/mixin/injection/callback/CallbackInfo;)V won't be passed a CallbackInfo as a result
[12Jun2026 23:37:50.057] [Netty Server IO #1/DEBUG] [mixin/]: Generating mapped inner class net/minecraft/server/network/ServerConnectionListener$1$Anonymous$adbac486f569451aa699c53e3afaf839 (originally com/connectivity/mixin/malformedtraffic/ChannelHandler$1)
[12Jun2026 23:37:50.070] [Netty Server IO #1/DEBUG] [mixin/]: Mixing ConnectionProtocolMixin from connectivity.mixins.json into net.minecraft.network.ConnectionProtocol$PacketSet
[12Jun2026 23:37:50.071] [Netty Server IO #1/DEBUG] [mixin/]: Renaming synthetic method lambda$onAdd$1(Ljava/lang/Class;Lnet/minecraft/network/FriendlyByteBuf;)Lnet/minecraft/network/protocol/Packet; to md71c79a$connectivity$lambda$onAdd$1$0 in connectivity.mixins.json:ConnectionProtocolMixin from mod connectivity
[12Jun2026 23:37:50.071] [Netty Server IO #1/DEBUG] [mixin/]: Renaming synthetic method lambda$onAdd$0(Ljava/lang/Class;Lnet/minecraft/network/FriendlyByteBuf;)Lnet/minecraft/network/protocol/Packet; to md71c79a$connectivity$lambda$onAdd$0$1 in connectivity.mixins.json:ConnectionProtocolMixin from mod connectivity
[12Jun2026 23:37:50.077] [Netty Server IO #1/DEBUG] [mixin/]: connectivity.mixins.json:ConnectionProtocolMixin from mod connectivity->@Inject::onAdd(Ljava/lang/Class;Ljava/util/function/Function;Lorg/spongepowered/asm/mixin/injection/callback/CallbackInfoReturnable;)V does use it's CallbackInfoReturnable
[12Jun2026 23:37:50.177] [Netty Server IO #1/DEBUG] [io.netty.util.Recycler/]: -Dio.netty.recycler.maxCapacityPerThread: 4096
[12Jun2026 23:37:50.177] [Netty Server IO #1/DEBUG] [io.netty.util.Recycler/]: -Dio.netty.recycler.ratio: 8
[12Jun2026 23:37:50.177] [Netty Server IO #1/DEBUG] [io.netty.util.Recycler/]: -Dio.netty.recycler.chunkSize: 32
[12Jun2026 23:37:50.177] [Netty Server IO #1/DEBUG] [io.netty.util.Recycler/]: -Dio.netty.recycler.blocking: false
[12Jun2026 23:37:50.190] [Netty Server IO #1/DEBUG] [mixin/]: Mixing network.ConnectionTypeMixin from connectormod.mixins.json into net.minecraftforge.network.ConnectionType
[12Jun2026 23:37:50.190] [Netty Server IO #1/DEBUG] [mixin/]: connectormod.mixins.json:network.ConnectionTypeMixin from mod connectormod->@Inject::handleUnknownVersionFlag(Ljava/lang/String;Lorg/spongepowered/asm/mixin/injection/callback/CallbackInfoReturnable;)V does use it's CallbackInfoReturnable
[12Jun2026 23:37:50.196] [Netty Server IO #1/DEBUG] [mixin/]: Mixing NetworkRegistryMixin from connectivity.mixins.json into net.minecraftforge.network.NetworkRegistry$LoginPayload
[12Jun2026 23:37:50.201] [Netty Server IO #1/DEBUG] [mixin/]: connectivity.mixins.json:NetworkRegistryMixin from mod connectivity->@Inject::onInit(Lnet/minecraft/network/FriendlyByteBuf;Lnet/minecraft/resources/ResourceLocation;Ljava/lang/String;Lorg/spongepowered/asm/mixin/injection/callback/CallbackInfo;)V doesn't use it's CallbackInfo
[12Jun2026 23:37:50.201] [Netty Server IO #1/DEBUG] [mixin/]: connectivity.mixins.json:NetworkRegistryMixin from mod connectivity->@Inject::onInit(Lnet/minecraft/network/FriendlyByteBuf;Lnet/minecraft/resources/ResourceLocation;Ljava/lang/String;Lorg/spongepowered/asm/mixin/injection/callback/CallbackInfo;)V has 0 override(s) in child classes
[12Jun2026 23:37:50.201] [Netty Server IO #1/DEBUG] [mixin/]: connectivity.mixins.json:NetworkRegistryMixin from mod connectivity->@Inject::onInit(Lnet/minecraft/network/FriendlyByteBuf;Lnet/minecraft/resources/ResourceLocation;Ljava/lang/String;Lorg/spongepowered/asm/mixin/injection/callback/CallbackInfo;)V won't be passed a CallbackInfo as a result
[12Jun2026 23:37:50.228] [Netty Server IO #1/DEBUG] [net.minecraftforge.network.HandshakeHandler/FMLHANDSHAKE]: Starting new modded impl connection. Found 25 messages to dispatch.
[12Jun2026 23:37:50.229] [Netty Server IO #1/DEBUG] [mixin/]: Mixing malformedtraffic.PlayerLoginHook from connectivity.mixins.json into net.minecraft.server.network.ServerLoginPacketListenerImpl
[12Jun2026 23:37:50.230] [Netty Server IO #1/DEBUG] [mixin/]: Mixing ServerLoginPacketListenerImplMixin from skinrestorer.mixins.json into net.minecraft.server.network.ServerLoginPacketListenerImpl
[12Jun2026 23:37:50.230] [Netty Server IO #1/DEBUG] [mixin/]: Renaming synthetic method lambda$skinrestorer$fetchSkin$2(Lnet/lionarius/skinrestorer/skin/provider/SkinProviderContext;)Lnet/lionarius/skinrestorer/util/Result; to md71c79a$skinrestorer$lambda$skinrestorer$fetchSkin$2$0 in skinrestorer.mixins.json:ServerLoginPacketListenerImplMixin from mod skinrestorer
[12Jun2026 23:37:50.230] [Netty Server IO #1/DEBUG] [mixin/]: Renaming synthetic method lambda$skinrestorer$fetchSkin$1(Lnet/lionarius/skinrestorer/skin/provider/SkinProviderContext;Lnet/lionarius/skinrestorer/skin/provider/SkinProvider;)Lnet/lionarius/skinrestorer/util/Result; to md71c79a$skinrestorer$lambda$skinrestorer$fetchSkin$1$1 in skinrestorer.mixins.json:ServerLoginPacketListenerImplMixin from mod skinrestorer
[12Jun2026 23:37:50.230] [Netty Server IO #1/DEBUG] [mixin/]: Renaming synthetic method lambda$waitForSkin$0()Ljava/lang/Void; to md71c79a$skinrestorer$lambda$waitForSkin$0$2 in skinrestorer.mixins.json:ServerLoginPacketListenerImplMixin from mod skinrestorer
[12Jun2026 23:37:50.235] [Netty Server IO #1/DEBUG] [mixin/]: Mixing ServerLoginNetHandlerMixin from connectivity.mixins.json into net.minecraft.server.network.ServerLoginPacketListenerImpl
[12Jun2026 23:37:50.239] [Netty Server IO #1/DEBUG] [mixin/]: connectivity.mixins.json:malformedtraffic.PlayerLoginHook from mod connectivity->@Inject::onPlaceNewPlayer(Lnet/minecraft/server/level/ServerPlayer;Lorg/spongepowered/asm/mixin/injection/callback/CallbackInfo;)V doesn't use it's CallbackInfo
[12Jun2026 23:37:50.239] [Netty Server IO #1/DEBUG] [mixin/]: connectivity.mixins.json:malformedtraffic.PlayerLoginHook from mod connectivity->@Inject::onPlaceNewPlayer(Lnet/minecraft/server/level/ServerPlayer;Lorg/spongepowered/asm/mixin/injection/callback/CallbackInfo;)V has 0 override(s) in child classes
[12Jun2026 23:37:50.239] [Netty Server IO #1/DEBUG] [mixin/]: connectivity.mixins.json:malformedtraffic.PlayerLoginHook from mod connectivity->@Inject::onPlaceNewPlayer(Lnet/minecraft/server/level/ServerPlayer;Lorg/spongepowered/asm/mixin/injection/callback/CallbackInfo;)V won't be passed a CallbackInfo as a result
[12Jun2026 23:37:50.239] [Netty Server IO #1/DEBUG] [mixin/]: skinrestorer.mixins.json:ServerLoginPacketListenerImplMixin from mod skinrestorer->@Inject::waitForSkin(Lorg/spongepowered/asm/mixin/injection/callback/CallbackInfo;)V does use it's CallbackInfo
[12Jun2026 23:37:50.285] [Server thread/DEBUG] [net.minecraftforge.network.HandshakeHandler/FMLHANDSHAKE]: Sending ticking packet info 'net.minecraftforge.network.HandshakeMessages$S2CModData' to 'fml:handshake' sequence 0
[12Jun2026 23:37:50.335] [Server thread/DEBUG] [net.minecraftforge.network.HandshakeHandler/FMLHANDSHAKE]: Sending ticking packet info 'net.minecraftforge.network.HandshakeMessages$S2CModList' to 'fml:handshake' sequence 1
[12Jun2026 23:37:50.340] [Netty Server IO #1/DEBUG] [net.minecraftforge.network.LoginWrapper/FMLHANDSHAKE]: Recieved login wrapper packet event for channel fml:handshake with index 1
[12Jun2026 23:37:50.343] [Netty Server IO #1/DEBUG] [net.minecraftforge.network.HandshakeHandler/FMLHANDSHAKE]: Received client indexed reply 1 of type net.minecraftforge.network.HandshakeMessages$C2SModListReply
[12Jun2026 23:37:50.343] [Netty Server IO #1/DEBUG] [net.minecraftforge.network.HandshakeHandler/FMLHANDSHAKE]: Received client connection with modlist [saturn, kuma_api, almanac, fabric_renderer_api_v1, unionlib, unionlib_potionfluid, fabric_language_kotlin, org_jetbrains_kotlinx_kotlinx_coroutines_core_jvm, connectorextras_kubejs_bridge, fabric_item_api_v1, fabric_rendering_fluids_v1, fabric_models_v0, connectivity, obsidianui, fullbright, fabric_convention_tags_v1, xaeroworldmap, modernfix, fabric_command_api_v1, fabric_block_view_api_v2, fabric_command_api_v2, fabric_data_attachment_api_v1, mixinextras, connectorextras_rei_bridge, balm, fabric_screen_api_v1, immersive_armors, org_jetbrains_kotlinx_atomicfu_jvm, cloth_config, languagereload, fabric_api, connectorextras_modmenu_bridge, modmenu, fabric_content_registries_v0, embeddium, rubidium, connectorextras_terrablender_bridge, entity_model_features, entity_texture_features, fabric_game_rule_api_v1, morechathistory, fabric_api_lookup_api_v1, fabrishot, valhelsia_structures, reach_entity_attributes, org_jetbrains_kotlinx_kotlinx_coroutines_jdk8, org_jetbrains_kotlinx_kotlinx_serialization_core_jvm, connectorextras_architectury_bridge, modelfix, org_jetbrains_kotlinx_kotlinx_serialization_cbor_jvm, oculus, paginatedadvancements, ftbultimine, connectormod, fabric_entity_events_v1, ebe, architectury, aiimprovements, fabric_loot_api_v2, cupboard, controllermod, connectorextras, transition, dynamic_fps, fabric_rendering_data_attachment_v1, fabric_networking_api_v1, org_jetbrains_kotlin_kotlin_stdlib, t_and_t, letmedespawn, bettermodsbutton, fabric_lifecycle_events_v1, fabric_key_binding_api_v1, fabric_client_tags_api_v1, org_jetbrains_kotlin_kotlin_stdlib_jdk8, fabric_dimensions_v1, fabric_transfer_api_v1, org_jetbrains_kotlin_kotlin_stdlib_jdk7, radium, wi_zoom, ftblibrary, org_apache_commons_commons_text, fabric_model_loading_api_v1, jei, lithostitched, citreforged, xaerolib, connectorextras_pehkui_bridge, fabric_screen_handler_api_v1, fabric_resource_loader_v0, trender, fabric_rendering_v1, waystones, fabric_renderer_indigo, clumps, fabric_mining_level_api_v1, travelersbackpack, capes, plasmovoice, toadlib, connectorextras_geckolib_fabric_compat, org_jetbrains_kotlinx_kotlinx_datetime_jvm, animatica, starlight, terralith, connectorextras_energy_bridge, watut, simplefullbright, fabric_particles_v1, puzzlesaccessapi, skinlayers3d, org_jetbrains_kotlinx_kotlinx_serialization_json_jvm, forge, fabric_transitive_access_wideners_v1, polytone, tectonic, minecraft, distanthorizons, smoothchunk, fabric_api_base, forgeconfigscreens, org_jetbrains_kotlinx_kotlinx_io_bytestring_jvm, fabric_blockrenderlayer_v1, nochatreports, amecsapi, cubes_without_borders, culllessleaves, fabric_block_api_v1, org_jetbrains_kotlinx_kotlinx_io_core_jvm, connectorextras_jei_bridge, fabric_resource_conditions_api_v1, e4mc_minecraft, forgeconfigapiport, betterfpsdist, kotlinforforge, xaerominimap, gravestone, fabric_item_group_api_v1, leavemybarsalone, entityculling, fabric_biome_api_v1, optigui, fabric_registry_sync_v0, immediatelyfast, coroutil, continuity, appleskin, fabric_recipe_api_v1, ferritecore, fabric_object_builder_api_v1, embeddium_extra, puzzleslib, org_jetbrains_kotlin_kotlin_reflect, rrls, ryoamiclights, fabric_sound_api_v1, isxander_main_menu_credits, fabric_message_api_v1, connectorextras_emi_bridge, valhelsia_core, skinrestorer, fabric_data_generation_api_v1, org_ini4j_ini4j, fabric_events_interaction_v0, cristellib]
[12Jun2026 23:37:50.344] [Netty Server IO #1/DEBUG] [net.minecraftforge.network.NetworkRegistry/NETREGISTRY]: Channel 'fml:loginwrapper' : Version test of 'FML3' from client : ACCEPTED
[12Jun2026 23:37:50.344] [Netty Server IO #1/DEBUG] [net.minecraftforge.network.NetworkRegistry/NETREGISTRY]: Channel 'watut:main' : Version test of '4' from client : ACCEPTED
[12Jun2026 23:37:50.344] [Netty Server IO #1/DEBUG] [net.minecraftforge.network.NetworkRegistry/NETREGISTRY]: Channel 'skinshuffle:skin_refresh' : Version test of '' from client : ACCEPTED
[12Jun2026 23:37:50.344] [Netty Server IO #1/DEBUG] [net.minecraftforge.network.NetworkRegistry/NETREGISTRY]: Channel 'forge:tier_sorting' : Version test of '1.0' from client : ACCEPTED
[12Jun2026 23:37:50.344] [Netty Server IO #1/DEBUG] [net.minecraftforge.network.NetworkRegistry/NETREGISTRY]: Channel 'ic_ia:main' : Version test of '1' from client : ACCEPTED
[12Jun2026 23:37:50.344] [Netty Server IO #1/DEBUG] [net.minecraftforge.network.NetworkRegistry/NETREGISTRY]: Channel 'architectury:network' : Version test of '1' from client : ACCEPTED
[12Jun2026 23:37:50.344] [Netty Server IO #1/DEBUG] [net.minecraftforge.network.NetworkRegistry/NETREGISTRY]: Channel 'xaerolib:main' : Version test of '1.0' from client : ACCEPTED
[12Jun2026 23:37:50.344] [Netty Server IO #1/DEBUG] [net.minecraftforge.network.NetworkRegistry/NETREGISTRY]: Channel 'minecraft:unregister' : Version test of 'FML3' from client : ACCEPTED
[12Jun2026 23:37:50.344] [Netty Server IO #1/DEBUG] [net.minecraftforge.network.NetworkRegistry/NETREGISTRY]: Channel 'fml:play' : Version test of 'FML3' from client : ACCEPTED
[12Jun2026 23:37:50.344] [Netty Server IO #1/DEBUG] [net.minecraftforge.network.NetworkRegistry/NETREGISTRY]: Channel 'xaerominimap:main' : Version test of '1.0' from client : ACCEPTED
[12Jun2026 23:37:50.344] [Netty Server IO #1/DEBUG] [net.minecraftforge.network.NetworkRegistry/NETREGISTRY]: Channel 'plasmo:voice/v2/installed' : Version test of 'ALLOWVANILLA 💓💓💓' from client : ACCEPTED
[12Jun2026 23:37:50.344] [Netty Server IO #1/DEBUG] [net.minecraftforge.network.NetworkRegistry/NETREGISTRY]: Channel 'gravestone:default' : Version test of '1.0.0' from client : ACCEPTED
[12Jun2026 23:37:50.344] [Netty Server IO #1/DEBUG] [net.minecraftforge.network.NetworkRegistry/NETREGISTRY]: Channel 'trade_cycling:cycle_trades' : Version test of 'ABSENT 🤔' from client : REJECTED
[12Jun2026 23:37:50.344] [Netty Server IO #1/DEBUG] [net.minecraftforge.network.NetworkRegistry/NETREGISTRY]: Channel 'fml:handshake' : Version test of 'FML3' from client : ACCEPTED
[12Jun2026 23:37:50.344] [Netty Server IO #1/DEBUG] [net.minecraftforge.network.NetworkRegistry/NETREGISTRY]: Channel 'plasmo:voice/v2/service' : Version test of 'ALLOWVANILLA 💓💓💓' from client : ACCEPTED
[12Jun2026 23:37:50.344] [Netty Server IO #1/DEBUG] [net.minecraftforge.network.NetworkRegistry/NETREGISTRY]: Channel 'travelersbackpack:network' : Version test of 'travelersbackpack:1' from client : ACCEPTED
[12Jun2026 23:37:50.344] [Netty Server IO #1/DEBUG] [net.minecraftforge.network.NetworkRegistry/NETREGISTRY]: Channel 'plasmo:voice/v2' : Version test of 'ALLOWVANILLA 💓💓💓' from client : ACCEPTED
[12Jun2026 23:37:50.344] [Netty Server IO #1/DEBUG] [net.minecraftforge.network.NetworkRegistry/NETREGISTRY]: Channel 'balm:network' : Version test of '1.0' from client : ACCEPTED
[12Jun2026 23:37:50.344] [Netty Server IO #1/DEBUG] [net.minecraftforge.network.NetworkRegistry/NETREGISTRY]: Channel 'minecraft:register' : Version test of 'FML3' from client : ACCEPTED
[12Jun2026 23:37:50.344] [Netty Server IO #1/DEBUG] [net.minecraftforge.network.NetworkRegistry/NETREGISTRY]: Channel 'appleskin:sync' : Version test of '1' from client : ACCEPTED
[12Jun2026 23:37:50.345] [Netty Server IO #1/DEBUG] [net.minecraftforge.network.NetworkRegistry/NETREGISTRY]: Channel 'forge:split' : Version test of '1.1' from client : ACCEPTED
[12Jun2026 23:37:50.345] [Netty Server IO #1/DEBUG] [net.minecraftforge.network.NetworkRegistry/NETREGISTRY]: Channel 'waystones:network' : Version test of '1.0' from client : ACCEPTED
[12Jun2026 23:37:50.345] [Netty Server IO #1/DEBUG] [net.minecraftforge.network.NetworkRegistry/NETREGISTRY]: Channel 'skinshuffle:handshake' : Version test of '' from client : ACCEPTED
[12Jun2026 23:37:50.345] [Netty Server IO #1/DEBUG] [net.minecraftforge.network.NetworkRegistry/NETREGISTRY]: Channel 'skinshuffle:refresh' : Version test of '' from client : ACCEPTED
[12Jun2026 23:37:50.345] [Netty Server IO #1/ERROR] [net.minecraftforge.network.NetworkRegistry/NETREGISTRY]: Channels [trade_cycling:cycle_trades] rejected their client side version number
[12Jun2026 23:37:50.346] [Netty Server IO #1/ERROR] [net.minecraftforge.network.HandshakeHandler/FMLHANDSHAKE]: Terminating connection with client, mismatched mod list
[12Jun2026 23:37:50.348] [Netty Server IO #1/DEBUG] [net.minecraftforge.network.LoginWrapper/FMLHANDSHAKE]: Dispatching wrapped packet reply for channel fml:handshake with index 1
[12Jun2026 23:37:50.389] [Server thread/INFO] [net.minecraft.server.network.ServerLoginPacketListenerImpl/]: com.mojang.authlib.GameProfile@20d6770[id=<null>,name=SubtleRotation,properties={},legacy=false] (/[fdfd::1a64:7f26]:63065) lost connection: Connection closed - mismatched mod channel list
[12Jun2026 23:37:56.736] [Netty Server IO #2/DEBUG] [net.minecraftforge.network.HandshakeHandler/FMLHANDSHAKE]: Starting new modded impl connection. Found 25 messages to dispatch.
[12Jun2026 23:37:56.783] [Server thread/DEBUG] [net.minecraftforge.network.HandshakeHandler/FMLHANDSHAKE]: Sending ticking packet info 'net.minecraftforge.network.HandshakeMessages$S2CModData' to 'fml:handshake' sequence 0
[12Jun2026 23:37:56.832] [Server thread/DEBUG] [net.minecraftforge.network.HandshakeHandler/FMLHANDSHAKE]: Sending ticking packet info 'net.minecraftforge.network.HandshakeMessages$S2CModList' to 'fml:handshake' sequence 1
[12Jun2026 23:37:56.846] [Netty Server IO #2/DEBUG] [net.minecraftforge.network.LoginWrapper/FMLHANDSHAKE]: Recieved login wrapper packet event for channel fml:handshake with index 1
[12Jun2026 23:37:56.846] [Netty Server IO #2/DEBUG] [net.minecraftforge.network.HandshakeHandler/FMLHANDSHAKE]: Received client indexed reply 1 of type net.minecraftforge.network.HandshakeMessages$C2SModListReply
[12Jun2026 23:37:56.846] [Netty Server IO #2/DEBUG] [net.minecraftforge.network.HandshakeHandler/FMLHANDSHAKE]: Received client connection with modlist [saturn, kuma_api, almanac, jei, lithostitched, xaerolib, connectivity, trender, fullbright, waystones, clumps, modernfix, travelersbackpack, plasmovoice, mixinextras, starlight, balm, terralith, immersive_armors, watut, simplefullbright, skinlayers3d, forge, embeddium, rubidium, tectonic, minecraft, smoothchunk, valhelsia_structures, culllessleaves, betterfpsdist, xaerominimap, gravestone, entityculling, ftbultimine, connectormod, immediatelyfast, coroutil, architectury, ftblibrary, appleskin, ferritecore, aiimprovements, embeddium_extra, cupboard, transition, t_and_t, letmedespawn, valhelsia_core, skinrestorer, cristellib]
[12Jun2026 23:37:56.846] [Netty Server IO #2/DEBUG] [net.minecraftforge.network.NetworkRegistry/NETREGISTRY]: Channel 'fml:loginwrapper' : Version test of 'FML3' from client : ACCEPTED
[12Jun2026 23:37:56.846] [Netty Server IO #2/DEBUG] [net.minecraftforge.network.NetworkRegistry/NETREGISTRY]: Channel 'watut:main' : Version test of '4' from client : ACCEPTED
[12Jun2026 23:37:56.847] [Netty Server IO #2/DEBUG] [net.minecraftforge.network.NetworkRegistry/NETREGISTRY]: Channel 'skinshuffle:skin_refresh' : Version test of '' from client : ACCEPTED
[12Jun2026 23:37:56.847] [Netty Server IO #2/DEBUG] [net.minecraftforge.network.NetworkRegistry/NETREGISTRY]: Channel 'forge:tier_sorting' : Version test of '1.0' from client : ACCEPTED
[12Jun2026 23:37:56.847] [Netty Server IO #2/DEBUG] [net.minecraftforge.network.NetworkRegistry/NETREGISTRY]: Channel 'ic_ia:main' : Version test of '1' from client : ACCEPTED
[12Jun2026 23:37:56.847] [Netty Server IO #2/DEBUG] [net.minecraftforge.network.NetworkRegistry/NETREGISTRY]: Channel 'architectury:network' : Version test of '1' from client : ACCEPTED
[12Jun2026 23:37:56.847] [Netty Server IO #2/DEBUG] [net.minecraftforge.network.NetworkRegistry/NETREGISTRY]: Channel 'xaerolib:main' : Version test of '1.0' from client : ACCEPTED
[12Jun2026 23:37:56.847] [Netty Server IO #2/DEBUG] [net.minecraftforge.network.NetworkRegistry/NETREGISTRY]: Channel 'minecraft:unregister' : Version test of 'FML3' from client : ACCEPTED
[12Jun2026 23:37:56.847] [Netty Server IO #2/DEBUG] [net.minecraftforge.network.NetworkRegistry/NETREGISTRY]: Channel 'fml:play' : Version test of 'FML3' from client : ACCEPTED
[12Jun2026 23:37:56.847] [Netty Server IO #2/DEBUG] [net.minecraftforge.network.NetworkRegistry/NETREGISTRY]: Channel 'xaerominimap:main' : Version test of '1.0' from client : ACCEPTED
[12Jun2026 23:37:56.847] [Netty Server IO #2/DEBUG] [net.minecraftforge.network.NetworkRegistry/NETREGISTRY]: Channel 'plasmo:voice/v2/installed' : Version test of 'ALLOWVANILLA 💓💓💓' from client : ACCEPTED
[12Jun2026 23:37:56.847] [Netty Server IO #2/DEBUG] [net.minecraftforge.network.NetworkRegistry/NETREGISTRY]: Channel 'gravestone:default' : Version test of '1.0.0' from client : ACCEPTED
[12Jun2026 23:37:56.847] [Netty Server IO #2/DEBUG] [net.minecraftforge.network.NetworkRegistry/NETREGISTRY]: Channel 'trade_cycling:cycle_trades' : Version test of 'ABSENT 🤔' from client : REJECTED
[12Jun2026 23:37:56.847] [Netty Server IO #2/DEBUG] [net.minecraftforge.network.NetworkRegistry/NETREGISTRY]: Channel 'fml:handshake' : Version test of 'FML3' from client : ACCEPTED
[12Jun2026 23:37:56.847] [Netty Server IO #2/DEBUG] [net.minecraftforge.network.NetworkRegistry/NETREGISTRY]: Channel 'plasmo:voice/v2/service' : Version test of 'ALLOWVANILLA 💓💓💓' from client : ACCEPTED
[12Jun2026 23:37:56.847] [Netty Server IO #2/DEBUG] [net.minecraftforge.network.NetworkRegistry/NETREGISTRY]: Channel 'travelersbackpack:network' : Version test of 'travelersbackpack:1' from client : ACCEPTED
[12Jun2026 23:37:56.847] [Netty Server IO #2/DEBUG] [net.minecraftforge.network.NetworkRegistry/NETREGISTRY]: Channel 'plasmo:voice/v2' : Version test of 'ALLOWVANILLA 💓💓💓' from client : ACCEPTED
[12Jun2026 23:37:56.848] [Netty Server IO #2/DEBUG] [net.minecraftforge.network.NetworkRegistry/NETREGISTRY]: Channel 'balm:network' : Version test of '1.0' from client : ACCEPTED
[12Jun2026 23:37:56.848] [Netty Server IO #2/DEBUG] [net.minecraftforge.network.NetworkRegistry/NETREGISTRY]: Channel 'minecraft:register' : Version test of 'FML3' from client : ACCEPTED
[12Jun2026 23:37:56.848] [Netty Server IO #2/DEBUG] [net.minecraftforge.network.NetworkRegistry/NETREGISTRY]: Channel 'appleskin:sync' : Version test of '1' from client : ACCEPTED
[12Jun2026 23:37:56.848] [Netty Server IO #2/DEBUG] [net.minecraftforge.network.NetworkRegistry/NETREGISTRY]: Channel 'forge:split' : Version test of '1.1' from client : ACCEPTED
[12Jun2026 23:37:56.848] [Netty Server IO #2/DEBUG] [net.minecraftforge.network.NetworkRegistry/NETREGISTRY]: Channel 'waystones:network' : Version test of '1.0' from client : ACCEPTED
[12Jun2026 23:37:56.848] [Netty Server IO #2/DEBUG] [net.minecraftforge.network.NetworkRegistry/NETREGISTRY]: Channel 'skinshuffle:handshake' : Version test of '' from client : ACCEPTED
[12Jun2026 23:37:56.848] [Netty Server IO #2/DEBUG] [net.minecraftforge.network.NetworkRegistry/NETREGISTRY]: Channel 'skinshuffle:refresh' : Version test of '' from client : ACCEPTED
[12Jun2026 23:37:56.848] [Netty Server IO #2/ERROR] [net.minecraftforge.network.NetworkRegistry/NETREGISTRY]: Channels [trade_cycling:cycle_trades] rejected their client side version number
[12Jun2026 23:37:56.849] [Netty Server IO #2/ERROR] [net.minecraftforge.network.HandshakeHandler/FMLHANDSHAKE]: Terminating connection with client, mismatched mod list
[12Jun2026 23:37:56.850] [Netty Server IO #2/DEBUG] [net.minecraftforge.network.LoginWrapper/FMLHANDSHAKE]: Dispatching wrapped packet reply for channel fml:handshake with index 1
[12Jun2026 23:37:56.881] [Server thread/INFO] [net.minecraft.server.network.ServerLoginPacketListenerImpl/]: com.mojang.authlib.GameProfile@1d80b4e3[id=<null>,name=Esponjateo,properties={},legacy=false] (/[fdfd::1a06:b37f]:60505) lost connection: Connection closed - mismatched mod channel list
[12Jun2026 23:38:44.855] [Netty Server IO #4/DEBUG] [net.minecraftforge.network.HandshakeHandler/FMLHANDSHAKE]: Starting new modded impl connection. Found 25 messages to dispatch.
[12Jun2026 23:38:44.879] [Server thread/DEBUG] [net.minecraftforge.network.HandshakeHandler/FMLHANDSHAKE]: Sending ticking packet info 'net.minecraftforge.network.HandshakeMessages$S2CModData' to 'fml:handshake' sequence 0
[12Jun2026 23:38:44.928] [Server thread/DEBUG] [net.minecraftforge.network.HandshakeHandler/FMLHANDSHAKE]: Sending ticking packet info 'net.minecraftforge.network.HandshakeMessages$S2CModList' to 'fml:handshake' sequence 1
[12Jun2026 23:38:44.936] [Netty Server IO #4/DEBUG] [net.minecraftforge.network.LoginWrapper/FMLHANDSHAKE]: Recieved login wrapper packet event for channel fml:handshake with index 1
[12Jun2026 23:38:44.937] [Netty Server IO #4/DEBUG] [net.minecraftforge.network.HandshakeHandler/FMLHANDSHAKE]: Received client indexed reply 1 of type net.minecraftforge.network.HandshakeMessages$C2SModListReply
[12Jun2026 23:38:44.937] [Netty Server IO #4/DEBUG] [net.minecraftforge.network.HandshakeHandler/FMLHANDSHAKE]: Received client connection with modlist [saturn, kuma_api, almanac, fabric_renderer_api_v1, unionlib, unionlib_potionfluid, fabric_language_kotlin, org_jetbrains_kotlinx_kotlinx_coroutines_core_jvm, connectorextras_kubejs_bridge, fabric_item_api_v1, fabric_rendering_fluids_v1, fabric_models_v0, connectivity, obsidianui, fullbright, fabric_convention_tags_v1, xaeroworldmap, modernfix, fabric_command_api_v1, fabric_block_view_api_v2, fabric_command_api_v2, fabric_data_attachment_api_v1, mixinextras, connectorextras_rei_bridge, balm, fabric_screen_api_v1, immersive_armors, org_jetbrains_kotlinx_atomicfu_jvm, cloth_config, languagereload, fabric_api, connectorextras_modmenu_bridge, modmenu, fabric_content_registries_v0, embeddium, rubidium, connectorextras_terrablender_bridge, entity_model_features, entity_texture_features, fabric_game_rule_api_v1, morechathistory, fabric_api_lookup_api_v1, fabrishot, valhelsia_structures, reach_entity_attributes, org_jetbrains_kotlinx_kotlinx_coroutines_jdk8, org_jetbrains_kotlinx_kotlinx_serialization_core_jvm, connectorextras_architectury_bridge, modelfix, org_jetbrains_kotlinx_kotlinx_serialization_cbor_jvm, oculus, paginatedadvancements, ftbultimine, connectormod, fabric_entity_events_v1, ebe, architectury, aiimprovements, fabric_loot_api_v2, cupboard, controllermod, connectorextras, transition, dynamic_fps, fabric_rendering_data_attachment_v1, fabric_networking_api_v1, org_jetbrains_kotlin_kotlin_stdlib, t_and_t, letmedespawn, bettermodsbutton, fabric_lifecycle_events_v1, fabric_key_binding_api_v1, fabric_client_tags_api_v1, org_jetbrains_kotlin_kotlin_stdlib_jdk8, fabric_dimensions_v1, fabric_transfer_api_v1, org_jetbrains_kotlin_kotlin_stdlib_jdk7, radium, wi_zoom, ftblibrary, org_apache_commons_commons_text, fabric_model_loading_api_v1, jei, lithostitched, citreforged, xaerolib, connectorextras_pehkui_bridge, fabric_screen_handler_api_v1, fabric_resource_loader_v0, trender, fabric_rendering_v1, waystones, fabric_renderer_indigo, clumps, fabric_mining_level_api_v1, travelersbackpack, capes, plasmovoice, toadlib, connectorextras_geckolib_fabric_compat, org_jetbrains_kotlinx_kotlinx_datetime_jvm, animatica, starlight, terralith, connectorextras_energy_bridge, watut, simplefullbright, fabric_particles_v1, puzzlesaccessapi, skinlayers3d, org_jetbrains_kotlinx_kotlinx_serialization_json_jvm, forge, fabric_transitive_access_wideners_v1, polytone, tectonic, minecraft, distanthorizons, smoothchunk, trade_cycling, fabric_api_base, forgeconfigscreens, org_jetbrains_kotlinx_kotlinx_io_bytestring_jvm, fabric_blockrenderlayer_v1, nochatreports, amecsapi, cubes_without_borders, culllessleaves, fabric_block_api_v1, org_jetbrains_kotlinx_kotlinx_io_core_jvm, connectorextras_jei_bridge, fabric_resource_conditions_api_v1, e4mc_minecraft, forgeconfigapiport, betterfpsdist, kotlinforforge, xaerominimap, gravestone, fabric_item_group_api_v1, leavemybarsalone, entityculling, fabric_biome_api_v1, optigui, fabric_registry_sync_v0, immediatelyfast, coroutil, continuity, appleskin, fabric_recipe_api_v1, ferritecore, fabric_object_builder_api_v1, embeddium_extra, puzzleslib, org_jetbrains_kotlin_kotlin_reflect, rrls, ryoamiclights, fabric_sound_api_v1, isxander_main_menu_credits, fabric_message_api_v1, connectorextras_emi_bridge, valhelsia_core, skinrestorer, fabric_data_generation_api_v1, org_ini4j_ini4j, fabric_events_interaction_v0, cristellib]
[12Jun2026 23:38:44.937] [Netty Server IO #4/DEBUG] [net.minecraftforge.network.NetworkRegistry/NETREGISTRY]: Channel 'fml:loginwrapper' : Version test of 'FML3' from client : ACCEPTED
[12Jun2026 23:38:44.937] [Netty Server IO #4/DEBUG] [net.minecraftforge.network.NetworkRegistry/NETREGISTRY]: Channel 'watut:main' : Version test of '4' from client : ACCEPTED
[12Jun2026 23:38:44.937] [Netty Server IO #4/DEBUG] [net.minecraftforge.network.NetworkRegistry/NETREGISTRY]: Channel 'skinshuffle:skin_refresh' : Version test of '' from client : ACCEPTED
[12Jun2026 23:38:44.937] [Netty Server IO #4/DEBUG] [net.minecraftforge.network.NetworkRegistry/NETREGISTRY]: Channel 'forge:tier_sorting' : Version test of '1.0' from client : ACCEPTED
[12Jun2026 23:38:44.937] [Netty Server IO #4/DEBUG] [net.minecraftforge.network.NetworkRegistry/NETREGISTRY]: Channel 'ic_ia:main' : Version test of '1' from client : ACCEPTED
[12Jun2026 23:38:44.937] [Netty Server IO #4/DEBUG] [net.minecraftforge.network.NetworkRegistry/NETREGISTRY]: Channel 'architectury:network' : Version test of '1' from client : ACCEPTED
[12Jun2026 23:38:44.937] [Netty Server IO #4/DEBUG] [net.minecraftforge.network.NetworkRegistry/NETREGISTRY]: Channel 'xaerolib:main' : Version test of '1.0' from client : ACCEPTED
[12Jun2026 23:38:44.937] [Netty Server IO #4/DEBUG] [net.minecraftforge.network.NetworkRegistry/NETREGISTRY]: Channel 'minecraft:unregister' : Version test of 'FML3' from client : ACCEPTED
[12Jun2026 23:38:44.937] [Netty Server IO #4/DEBUG] [net.minecraftforge.network.NetworkRegistry/NETREGISTRY]: Channel 'fml:play' : Version test of 'FML3' from client : ACCEPTED
[12Jun2026 23:38:44.937] [Netty Server IO #4/DEBUG] [net.minecraftforge.network.NetworkRegistry/NETREGISTRY]: Channel 'xaerominimap:main' : Version test of '1.0' from client : ACCEPTED
[12Jun2026 23:38:44.937] [Netty Server IO #4/DEBUG] [net.minecraftforge.network.NetworkRegistry/NETREGISTRY]: Channel 'plasmo:voice/v2/installed' : Version test of 'ALLOWVANILLA 💓💓💓' from client : ACCEPTED
[12Jun2026 23:38:44.937] [Netty Server IO #4/DEBUG] [net.minecraftforge.network.NetworkRegistry/NETREGISTRY]: Channel 'gravestone:default' : Version test of '1.0.0' from client : ACCEPTED
[12Jun2026 23:38:44.937] [Netty Server IO #4/DEBUG] [net.minecraftforge.network.NetworkRegistry/NETREGISTRY]: Channel 'trade_cycling:cycle_trades' : Version test of 'ALLOWVANILLA 💓💓💓' from client : ACCEPTED
[12Jun2026 23:38:44.937] [Netty Server IO #4/DEBUG] [net.minecraftforge.network.NetworkRegistry/NETREGISTRY]: Channel 'fml:handshake' : Version test of 'FML3' from client : ACCEPTED
[12Jun2026 23:38:44.937] [Netty Server IO #4/DEBUG] [net.minecraftforge.network.NetworkRegistry/NETREGISTRY]: Channel 'plasmo:voice/v2/service' : Version test of 'ALLOWVANILLA 💓💓💓' from client : ACCEPTED
[12Jun2026 23:38:44.937] [Netty Server IO #4/DEBUG] [net.minecraftforge.network.NetworkRegistry/NETREGISTRY]: Channel 'travelersbackpack:network' : Version test of 'travelersbackpack:1' from client : ACCEPTED
[12Jun2026 23:38:44.937] [Netty Server IO #4/DEBUG] [net.minecraftforge.network.NetworkRegistry/NETREGISTRY]: Channel 'plasmo:voice/v2' : Version test of 'ALLOWVANILLA 💓💓💓' from client : ACCEPTED
[12Jun2026 23:38:44.938] [Netty Server IO #4/DEBUG] [net.minecraftforge.network.NetworkRegistry/NETREGISTRY]: Channel 'balm:network' : Version test of '1.0' from client : ACCEPTED
[12Jun2026 23:38:44.938] [Netty Server IO #4/DEBUG] [net.minecraftforge.network.NetworkRegistry/NETREGISTRY]: Channel 'minecraft:register' : Version test of 'FML3' from client : ACCEPTED
[12Jun2026 23:38:44.938] [Netty Server IO #4/DEBUG] [net.minecraftforge.network.NetworkRegistry/NETREGISTRY]: Channel 'appleskin:sync' : Version test of '1' from client : ACCEPTED
[12Jun2026 23:38:44.938] [Netty Server IO #4/DEBUG] [net.minecraftforge.network.NetworkRegistry/NETREGISTRY]: Channel 'forge:split' : Version test of '1.1' from client : ACCEPTED
[12Jun2026 23:38:44.938] [Netty Server IO #4/DEBUG] [net.minecraftforge.network.NetworkRegistry/NETREGISTRY]: Channel 'waystones:network' : Version test of '1.0' from client : ACCEPTED
[12Jun2026 23:38:44.938] [Netty Server IO #4/DEBUG] [net.minecraftforge.network.NetworkRegistry/NETREGISTRY]: Channel 'skinshuffle:handshake' : Version test of '' from client : ACCEPTED
[12Jun2026 23:38:44.938] [Netty Server IO #4/DEBUG] [net.minecraftforge.network.NetworkRegistry/NETREGISTRY]: Channel 'skinshuffle:refresh' : Version test of '' from client : ACCEPTED
[12Jun2026 23:38:44.938] [Netty Server IO #4/DEBUG] [net.minecraftforge.network.NetworkRegistry/NETREGISTRY]: Accepting channel list from client
[12Jun2026 23:38:44.938] [Netty Server IO #4/DEBUG] [net.minecraftforge.network.HandshakeHandler/FMLHANDSHAKE]: Accepted client connection mod list
[12Jun2026 23:38:44.978] [Server thread/DEBUG] [net.minecraftforge.network.HandshakeHandler/FMLHANDSHAKE]: Sending ticking packet info 'Registry minecraft:command_argument_type' to 'fml:handshake' sequence 2
[12Jun2026 23:38:44.985] [Netty Server IO #4/DEBUG] [net.minecraftforge.network.LoginWrapper/FMLHANDSHAKE]: Recieved login wrapper packet event for channel fml:handshake with index 2
[12Jun2026 23:38:44.985] [Netty Server IO #4/DEBUG] [net.minecraftforge.network.HandshakeHandler/FMLHANDSHAKE]: Received client indexed reply 2 of type net.minecraftforge.network.HandshakeMessages$C2SAcknowledge
[12Jun2026 23:38:44.985] [Netty Server IO #4/DEBUG] [net.minecraftforge.network.HandshakeHandler/FMLHANDSHAKE]: Received acknowledgement from client
[12Jun2026 23:38:45.029] [Server thread/DEBUG] [net.minecraftforge.network.HandshakeHandler/FMLHANDSHAKE]: Sending ticking packet info 'Registry minecraft:recipe_serializer' to 'fml:handshake' sequence 3
[12Jun2026 23:38:45.032] [Netty Server IO #4/DEBUG] [net.minecraftforge.network.LoginWrapper/FMLHANDSHAKE]: Recieved login wrapper packet event for channel fml:handshake with index 3
[12Jun2026 23:38:45.032] [Netty Server IO #4/DEBUG] [net.minecraftforge.network.HandshakeHandler/FMLHANDSHAKE]: Received client indexed reply 3 of type net.minecraftforge.network.HandshakeMessages$C2SAcknowledge
[12Jun2026 23:38:45.032] [Netty Server IO #4/DEBUG] [net.minecraftforge.network.HandshakeHandler/FMLHANDSHAKE]: Received acknowledgement from client
[12Jun2026 23:38:45.078] [Server thread/DEBUG] [net.minecraftforge.network.HandshakeHandler/FMLHANDSHAKE]: Sending ticking packet info 'Registry minecraft:sound_event' to 'fml:handshake' sequence 4
[12Jun2026 23:38:45.086] [Netty Server IO #4/DEBUG] [net.minecraftforge.network.LoginWrapper/FMLHANDSHAKE]: Recieved login wrapper packet event for channel fml:handshake with index 4
[12Jun2026 23:38:45.086] [Netty Server IO #4/DEBUG] [net.minecraftforge.network.HandshakeHandler/FMLHANDSHAKE]: Received client indexed reply 4 of type net.minecraftforge.network.HandshakeMessages$C2SAcknowledge
[12Jun2026 23:38:45.086] [Netty Server IO #4/DEBUG] [net.minecraftforge.network.HandshakeHandler/FMLHANDSHAKE]: Received acknowledgement from client
[12Jun2026 23:38:45.129] [Server thread/DEBUG] [net.minecraftforge.network.HandshakeHandler/FMLHANDSHAKE]: Sending ticking packet info 'Registry minecraft:particle_type' to 'fml:handshake' sequence 5
[12Jun2026 23:38:45.132] [Netty Server IO #4/DEBUG] [net.minecraftforge.network.LoginWrapper/FMLHANDSHAKE]: Recieved login wrapper packet event for channel fml:handshake with index 5
[12Jun2026 23:38:45.132] [Netty Server IO #4/DEBUG] [net.minecraftforge.network.HandshakeHandler/FMLHANDSHAKE]: Received client indexed reply 5 of type net.minecraftforge.network.HandshakeMessages$C2SAcknowledge
[12Jun2026 23:38:45.132] [Netty Server IO #4/DEBUG] [net.minecraftforge.network.HandshakeHandler/FMLHANDSHAKE]: Received acknowledgement from client
[12Jun2026 23:38:45.179] [Server thread/DEBUG] [net.minecraftforge.network.HandshakeHandler/FMLHANDSHAKE]: Sending ticking packet info 'Registry minecraft:villager_profession' to 'fml:handshake' sequence 6
[12Jun2026 23:38:45.181] [Netty Server IO #4/DEBUG] [net.minecraftforge.network.LoginWrapper/FMLHANDSHAKE]: Recieved login wrapper packet event for channel fml:handshake with index 6
[12Jun2026 23:38:45.181] [Netty Server IO #4/DEBUG] [net.minecraftforge.network.HandshakeHandler/FMLHANDSHAKE]: Received client indexed reply 6 of type net.minecraftforge.network.HandshakeMessages$C2SAcknowledge
[12Jun2026 23:38:45.181] [Netty Server IO #4/DEBUG] [net.minecraftforge.network.HandshakeHandler/FMLHANDSHAKE]: Received acknowledgement from client
[12Jun2026 23:38:45.230] [Server thread/DEBUG] [net.minecraftforge.network.HandshakeHandler/FMLHANDSHAKE]: Sending ticking packet info 'Registry minecraft:item' to 'fml:handshake' sequence 7
[12Jun2026 23:38:45.235] [Netty Server IO #4/DEBUG] [net.minecraftforge.network.LoginWrapper/FMLHANDSHAKE]: Recieved login wrapper packet event for channel fml:handshake with index 7
[12Jun2026 23:38:45.235] [Netty Server IO #4/DEBUG] [net.minecraftforge.network.HandshakeHandler/FMLHANDSHAKE]: Received client indexed reply 7 of type net.minecraftforge.network.HandshakeMessages$C2SAcknowledge
[12Jun2026 23:38:45.235] [Netty Server IO #4/DEBUG] [net.minecraftforge.network.HandshakeHandler/FMLHANDSHAKE]: Received acknowledgement from client
[12Jun2026 23:38:45.279] [Server thread/DEBUG] [net.minecraftforge.network.HandshakeHandler/FMLHANDSHAKE]: Sending ticking packet info 'Registry minecraft:potion' to 'fml:handshake' sequence 8
[12Jun2026 23:38:45.281] [Netty Server IO #4/DEBUG] [net.minecraftforge.network.LoginWrapper/FMLHANDSHAKE]: Recieved login wrapper packet event for channel fml:handshake with index 8
[12Jun2026 23:38:45.282] [Netty Server IO #4/DEBUG] [net.minecraftforge.network.HandshakeHandler/FMLHANDSHAKE]: Received client indexed reply 8 of type net.minecraftforge.network.HandshakeMessages$C2SAcknowledge
[12Jun2026 23:38:45.282] [Netty Server IO #4/DEBUG] [net.minecraftforge.network.HandshakeHandler/FMLHANDSHAKE]: Received acknowledgement from client
[12Jun2026 23:38:45.329] [Server thread/DEBUG] [net.minecraftforge.network.HandshakeHandler/FMLHANDSHAKE]: Sending ticking packet info 'Registry minecraft:painting_variant' to 'fml:handshake' sequence 9
[12Jun2026 23:38:45.331] [Netty Server IO #4/DEBUG] [net.minecraftforge.network.LoginWrapper/FMLHANDSHAKE]: Recieved login wrapper packet event for channel fml:handshake with index 9
[12Jun2026 23:38:45.331] [Netty Server IO #4/DEBUG] [net.minecraftforge.network.HandshakeHandler/FMLHANDSHAKE]: Received client indexed reply 9 of type net.minecraftforge.network.HandshakeMessages$C2SAcknowledge
[12Jun2026 23:38:45.331] [Netty Server IO #4/DEBUG] [net.minecraftforge.network.HandshakeHandler/FMLHANDSHAKE]: Received acknowledgement from client
[12Jun2026 23:38:45.379] [Server thread/DEBUG] [net.minecraftforge.network.HandshakeHandler/FMLHANDSHAKE]: Sending ticking packet info 'Registry forge:fluid_type' to 'fml:handshake' sequence 10
[12Jun2026 23:38:45.381] [Netty Server IO #4/DEBUG] [net.minecraftforge.network.LoginWrapper/FMLHANDSHAKE]: Recieved login wrapper packet event for channel fml:handshake with index 10
[12Jun2026 23:38:45.381] [Netty Server IO #4/DEBUG] [net.minecraftforge.network.HandshakeHandler/FMLHANDSHAKE]: Received client indexed reply 10 of type net.minecraftforge.network.HandshakeMessages$C2SAcknowledge
[12Jun2026 23:38:45.381] [Netty Server IO #4/DEBUG] [net.minecraftforge.network.HandshakeHandler/FMLHANDSHAKE]: Received acknowledgement from client
[12Jun2026 23:38:45.429] [Server thread/DEBUG] [net.minecraftforge.network.HandshakeHandler/FMLHANDSHAKE]: Sending ticking packet info 'Registry minecraft:block_entity_type' to 'fml:handshake' sequence 11
[12Jun2026 23:38:45.431] [Netty Server IO #4/DEBUG] [net.minecraftforge.network.LoginWrapper/FMLHANDSHAKE]: Recieved login wrapper packet event for channel fml:handshake with index 11
[12Jun2026 23:38:45.431] [Netty Server IO #4/DEBUG] [net.minecraftforge.network.HandshakeHandler/FMLHANDSHAKE]: Received client indexed reply 11 of type net.minecraftforge.network.HandshakeMessages$C2SAcknowledge
[12Jun2026 23:38:45.431] [Netty Server IO #4/DEBUG] [net.minecraftforge.network.HandshakeHandler/FMLHANDSHAKE]: Received acknowledgement from client
[12Jun2026 23:38:45.479] [Server thread/DEBUG] [net.minecraftforge.network.HandshakeHandler/FMLHANDSHAKE]: Sending ticking packet info 'Registry forge:display_contexts' to 'fml:handshake' sequence 12
[12Jun2026 23:38:45.481] [Netty Server IO #4/DEBUG] [net.minecraftforge.network.LoginWrapper/FMLHANDSHAKE]: Recieved login wrapper packet event for channel fml:handshake with index 12
[12Jun2026 23:38:45.481] [Netty Server IO #4/DEBUG] [net.minecraftforge.network.HandshakeHandler/FMLHANDSHAKE]: Received client indexed reply 12 of type net.minecraftforge.network.HandshakeMessages$C2SAcknowledge
[12Jun2026 23:38:45.481] [Netty Server IO #4/DEBUG] [net.minecraftforge.network.HandshakeHandler/FMLHANDSHAKE]: Received acknowledgement from client
[12Jun2026 23:38:45.528] [Server thread/DEBUG] [net.minecraftforge.network.HandshakeHandler/FMLHANDSHAKE]: Sending ticking packet info 'Registry minecraft:block' to 'fml:handshake' sequence 13
[12Jun2026 23:38:45.531] [Netty Server IO #4/DEBUG] [net.minecraftforge.network.LoginWrapper/FMLHANDSHAKE]: Recieved login wrapper packet event for channel fml:handshake with index 13
[12Jun2026 23:38:45.531] [Netty Server IO #4/DEBUG] [net.minecraftforge.network.HandshakeHandler/FMLHANDSHAKE]: Received client indexed reply 13 of type net.minecraftforge.network.HandshakeMessages$C2SAcknowledge
[12Jun2026 23:38:45.531] [Netty Server IO #4/DEBUG] [net.minecraftforge.network.HandshakeHandler/FMLHANDSHAKE]: Received acknowledgement from client
[12Jun2026 23:38:45.579] [Server thread/DEBUG] [net.minecraftforge.network.HandshakeHandler/FMLHANDSHAKE]: Sending ticking packet info 'Registry forge:entity_data_serializers' to 'fml:handshake' sequence 14
[12Jun2026 23:38:45.581] [Netty Server IO #4/DEBUG] [net.minecraftforge.network.LoginWrapper/FMLHANDSHAKE]: Recieved login wrapper packet event for channel fml:handshake with index 14
[12Jun2026 23:38:45.581] [Netty Server IO #4/DEBUG] [net.minecraftforge.network.HandshakeHandler/FMLHANDSHAKE]: Received client indexed reply 14 of type net.minecraftforge.network.HandshakeMessages$C2SAcknowledge
[12Jun2026 23:38:45.582] [Netty Server IO #4/DEBUG] [net.minecraftforge.network.HandshakeHandler/FMLHANDSHAKE]: Received acknowledgement from client
[12Jun2026 23:38:45.629] [Server thread/DEBUG] [net.minecraftforge.network.HandshakeHandler/FMLHANDSHAKE]: Sending ticking packet info 'Registry valhelsia_structures:structure_height_provider_types' to 'fml:handshake' sequence 15
[12Jun2026 23:38:45.631] [Netty Server IO #4/DEBUG] [net.minecraftforge.network.LoginWrapper/FMLHANDSHAKE]: Recieved login wrapper packet event for channel fml:handshake with index 15
[12Jun2026 23:38:45.631] [Netty Server IO #4/DEBUG] [net.minecraftforge.network.HandshakeHandler/FMLHANDSHAKE]: Received client indexed reply 15 of type net.minecraftforge.network.HandshakeMessages$C2SAcknowledge
[12Jun2026 23:38:45.631] [Netty Server IO #4/DEBUG] [net.minecraftforge.network.HandshakeHandler/FMLHANDSHAKE]: Received acknowledgement from client
[12Jun2026 23:38:45.679] [Server thread/DEBUG] [net.minecraftforge.network.HandshakeHandler/FMLHANDSHAKE]: Sending ticking packet info 'Registry minecraft:mob_effect' to 'fml:handshake' sequence 16
[12Jun2026 23:38:45.681] [Netty Server IO #4/DEBUG] [net.minecraftforge.network.LoginWrapper/FMLHANDSHAKE]: Recieved login wrapper packet event for channel fml:handshake with index 16
[12Jun2026 23:38:45.681] [Netty Server IO #4/DEBUG] [net.minecraftforge.network.HandshakeHandler/FMLHANDSHAKE]: Received client indexed reply 16 of type net.minecraftforge.network.HandshakeMessages$C2SAcknowledge
[12Jun2026 23:38:45.681] [Netty Server IO #4/DEBUG] [net.minecraftforge.network.HandshakeHandler/FMLHANDSHAKE]: Received acknowledgement from client
[12Jun2026 23:38:45.729] [Server thread/DEBUG] [net.minecraftforge.network.HandshakeHandler/FMLHANDSHAKE]: Sending ticking packet info 'Registry minecraft:stat_type' to 'fml:handshake' sequence 17
[12Jun2026 23:38:45.731] [Netty Server IO #4/DEBUG] [net.minecraftforge.network.LoginWrapper/FMLHANDSHAKE]: Recieved login wrapper packet event for channel fml:handshake with index 17
[12Jun2026 23:38:45.731] [Netty Server IO #4/DEBUG] [net.minecraftforge.network.HandshakeHandler/FMLHANDSHAKE]: Received client indexed reply 17 of type net.minecraftforge.network.HandshakeMessages$C2SAcknowledge
[12Jun2026 23:38:45.731] [Netty Server IO #4/DEBUG] [net.minecraftforge.network.HandshakeHandler/FMLHANDSHAKE]: Received acknowledgement from client
[12Jun2026 23:38:45.778] [Server thread/DEBUG] [net.minecraftforge.network.HandshakeHandler/FMLHANDSHAKE]: Sending ticking packet info 'Registry minecraft:menu' to 'fml:handshake' sequence 18
[12Jun2026 23:38:45.780] [Netty Server IO #4/DEBUG] [net.minecraftforge.network.LoginWrapper/FMLHANDSHAKE]: Recieved login wrapper packet event for channel fml:handshake with index 18
[12Jun2026 23:38:45.780] [Netty Server IO #4/DEBUG] [net.minecraftforge.network.HandshakeHandler/FMLHANDSHAKE]: Received client indexed reply 18 of type net.minecraftforge.network.HandshakeMessages$C2SAcknowledge
[12Jun2026 23:38:45.780] [Netty Server IO #4/DEBUG] [net.minecraftforge.network.HandshakeHandler/FMLHANDSHAKE]: Received acknowledgement from client
[12Jun2026 23:38:45.829] [Server thread/DEBUG] [net.minecraftforge.network.HandshakeHandler/FMLHANDSHAKE]: Sending ticking packet info 'Registry minecraft:enchantment' to 'fml:handshake' sequence 19
[12Jun2026 23:38:45.832] [Netty Server IO #4/DEBUG] [net.minecraftforge.network.LoginWrapper/FMLHANDSHAKE]: Recieved login wrapper packet event for channel fml:handshake with index 19
[12Jun2026 23:38:45.832] [Netty Server IO #4/DEBUG] [net.minecraftforge.network.HandshakeHandler/FMLHANDSHAKE]: Received client indexed reply 19 of type net.minecraftforge.network.HandshakeMessages$C2SAcknowledge
[12Jun2026 23:38:45.832] [Netty Server IO #4/DEBUG] [net.minecraftforge.network.HandshakeHandler/FMLHANDSHAKE]: Received acknowledgement from client
[12Jun2026 23:38:45.879] [Server thread/DEBUG] [net.minecraftforge.network.HandshakeHandler/FMLHANDSHAKE]: Sending ticking packet info 'Registry minecraft:fluid' to 'fml:handshake' sequence 20
[12Jun2026 23:38:45.881] [Netty Server IO #4/DEBUG] [net.minecraftforge.network.LoginWrapper/FMLHANDSHAKE]: Recieved login wrapper packet event for channel fml:handshake with index 20
[12Jun2026 23:38:45.881] [Netty Server IO #4/DEBUG] [net.minecraftforge.network.HandshakeHandler/FMLHANDSHAKE]: Received client indexed reply 20 of type net.minecraftforge.network.HandshakeMessages$C2SAcknowledge
[12Jun2026 23:38:45.881] [Netty Server IO #4/DEBUG] [net.minecraftforge.network.HandshakeHandler/FMLHANDSHAKE]: Received acknowledgement from client
[12Jun2026 23:38:45.929] [Server thread/DEBUG] [net.minecraftforge.network.HandshakeHandler/FMLHANDSHAKE]: Sending ticking packet info 'Registry minecraft:entity_type' to 'fml:handshake' sequence 21
[12Jun2026 23:38:45.979] [Server thread/DEBUG] [net.minecraftforge.network.HandshakeHandler/FMLHANDSHAKE]: Sending ticking packet info 'Config gravestone-server.toml' to 'fml:handshake' sequence 22
[12Jun2026 23:38:45.991] [Netty Server IO #4/DEBUG] [net.minecraftforge.network.LoginWrapper/FMLHANDSHAKE]: Recieved login wrapper packet event for channel fml:handshake with index 21
[12Jun2026 23:38:45.991] [Netty Server IO #4/DEBUG] [net.minecraftforge.network.HandshakeHandler/FMLHANDSHAKE]: Received client indexed reply 21 of type net.minecraftforge.network.HandshakeMessages$C2SAcknowledge
[12Jun2026 23:38:45.991] [Netty Server IO #4/DEBUG] [net.minecraftforge.network.HandshakeHandler/FMLHANDSHAKE]: Received acknowledgement from client
[12Jun2026 23:38:45.995] [Netty Server IO #4/DEBUG] [net.minecraftforge.network.LoginWrapper/FMLHANDSHAKE]: Recieved login wrapper packet event for channel fml:handshake with index 22
[12Jun2026 23:38:45.995] [Netty Server IO #4/DEBUG] [net.minecraftforge.network.HandshakeHandler/FMLHANDSHAKE]: Received client indexed reply 22 of type net.minecraftforge.network.HandshakeMessages$C2SAcknowledge
[12Jun2026 23:38:45.995] [Netty Server IO #4/DEBUG] [net.minecraftforge.network.HandshakeHandler/FMLHANDSHAKE]: Received acknowledgement from client
[12Jun2026 23:38:46.029] [Server thread/DEBUG] [net.minecraftforge.network.HandshakeHandler/FMLHANDSHAKE]: Sending ticking packet info 'Config travelersbackpack-server.toml' to 'fml:handshake' sequence 23
[12Jun2026 23:38:46.037] [Netty Server IO #4/DEBUG] [net.minecraftforge.network.LoginWrapper/FMLHANDSHAKE]: Recieved login wrapper packet event for channel fml:handshake with index 23
[12Jun2026 23:38:46.037] [Netty Server IO #4/DEBUG] [net.minecraftforge.network.HandshakeHandler/FMLHANDSHAKE]: Received client indexed reply 23 of type net.minecraftforge.network.HandshakeMessages$C2SAcknowledge
[12Jun2026 23:38:46.037] [Netty Server IO #4/DEBUG] [net.minecraftforge.network.HandshakeHandler/FMLHANDSHAKE]: Received acknowledgement from client
[12Jun2026 23:38:46.079] [Server thread/DEBUG] [net.minecraftforge.network.HandshakeHandler/FMLHANDSHAKE]: Sending ticking packet info 'Config forge-server.toml' to 'fml:handshake' sequence 24
[12Jun2026 23:38:46.081] [Netty Server IO #4/DEBUG] [net.minecraftforge.network.LoginWrapper/FMLHANDSHAKE]: Recieved login wrapper packet event for channel fml:handshake with index 24
[12Jun2026 23:38:46.082] [Netty Server IO #4/DEBUG] [net.minecraftforge.network.HandshakeHandler/FMLHANDSHAKE]: Received client indexed reply 24 of type net.minecraftforge.network.HandshakeMessages$C2SAcknowledge
[12Jun2026 23:38:46.082] [Netty Server IO #4/DEBUG] [net.minecraftforge.network.HandshakeHandler/FMLHANDSHAKE]: Received acknowledgement from client
[12Jun2026 23:38:46.129] [Server thread/DEBUG] [net.minecraftforge.network.HandshakeHandler/FMLHANDSHAKE]: Handshake complete!
[12Jun2026 23:38:46.183] [ForkJoinPool.commonPool-worker-1/DEBUG] [SkinRestorer/]: Fetching SubtleRotation's skin
[12Jun2026 23:38:46.548] [ForkJoinPool.commonPool-worker-1/WARN] [SkinRestorer/]: Failed to fetch skin 'mojang:SubtleRotation'
java.lang.IllegalStateException: not found
	at net.lionarius.skinrestorer.util.WebUtils.throwOnClientErrors(WebUtils.java:104) ~[?:?]
	at net.lionarius.skinrestorer.skin.provider.base.YggdrasilSkinProvider.getProfile(YggdrasilSkinProvider.java:51) ~[?:?]
	at net.lionarius.skinrestorer.skin.provider.builtin.MojangSkinProvider.lambda$new$0(MojangSkinProvider.java:44) ~[?:?]
	at net.minecraft.server.players.GameProfileCache.m_10993_(GameProfileCache.java:98) ~[?:?]
	at net.minecraft.server.players.GameProfileCache.m_10996_(GameProfileCache.java:150) ~[?:?]
	at net.lionarius.skinrestorer.skin.provider.builtin.MojangSkinProvider.resolveUuid(MojangSkinProvider.java:75) ~[?:?]
	at net.lionarius.skinrestorer.skin.provider.base.ProfileSkinProvider.getCacheKey(ProfileSkinProvider.java:63) ~[?:?]
	at net.lionarius.skinrestorer.skin.provider.base.ProfileSkinProvider.getCacheKey(ProfileSkinProvider.java:19) ~[?:?]
	at net.lionarius.skinrestorer.skin.provider.base.AbstractSkinProvider.fetchSkin(AbstractSkinProvider.java:49) ~[?:?]
	at net.minecraft.server.network.ServerLoginPacketListenerImpl.md71c79a$skinrestorer$lambda$skinrestorer$fetchSkin$1$1(ServerLoginPacketListenerImpl.java:1096) ~[?:?]
	at java.util.Optional.map(Optional.java:260) ~[?:?]
	at net.minecraft.server.network.ServerLoginPacketListenerImpl.skinrestorer$fetchSkin(ServerLoginPacketListenerImpl.java:1096) ~[?:?]
	at net.minecraft.server.network.ServerLoginPacketListenerImpl.md71c79a$skinrestorer$lambda$waitForSkin$0$2(ServerLoginPacketListenerImpl.java:1080) ~[?:?]
	at java.util.concurrent.CompletableFuture$AsyncSupply.run(CompletableFuture.java:1789) ~[?:?]
	at java.util.concurrent.CompletableFuture$AsyncSupply.exec(CompletableFuture.java:1781) ~[?:?]
	at java.util.concurrent.ForkJoinTask.doExec(ForkJoinTask.java:511) ~[?:?]
	at java.util.concurrent.ForkJoinPool$WorkQueue.topLevelExec(ForkJoinPool.java:1450) ~[?:?]
	at java.util.concurrent.ForkJoinPool.runWorker(ForkJoinPool.java:2019) ~[?:?]
	at java.util.concurrent.ForkJoinWorkerThread.run(ForkJoinWorkerThread.java:187) ~[?:?]
[12Jun2026 23:38:46.581] [Netty Server IO #4/DEBUG] [mixin/]: Mixing CompressionDecoderMixin from connectivity.mixins.json into net.minecraft.network.CompressionDecoder
[12Jun2026 23:38:46.585] [Netty Server IO #4/DEBUG] [mixin/]: connectivity.mixins.json:CompressionDecoderMixin from mod connectivity->@Inject::disabledLimit(Lio/netty/channel/ChannelHandlerContext;Lio/netty/buffer/ByteBuf;Ljava/util/List;Lorg/spongepowered/asm/mixin/injection/callback/CallbackInfo;)V doesn't use it's CallbackInfo
[12Jun2026 23:38:46.585] [Netty Server IO #4/DEBUG] [mixin/]: connectivity.mixins.json:CompressionDecoderMixin from mod connectivity->@Inject::disabledLimit(Lio/netty/channel/ChannelHandlerContext;Lio/netty/buffer/ByteBuf;Ljava/util/List;Lorg/spongepowered/asm/mixin/injection/callback/CallbackInfo;)V has 0 override(s) in child classes
[12Jun2026 23:38:46.585] [Netty Server IO #4/DEBUG] [mixin/]: connectivity.mixins.json:CompressionDecoderMixin from mod connectivity->@Inject::disabledLimit(Lio/netty/channel/ChannelHandlerContext;Lio/netty/buffer/ByteBuf;Ljava/util/List;Lorg/spongepowered/asm/mixin/injection/callback/CallbackInfo;)V won't be passed a CallbackInfo as a result
[12Jun2026 23:38:46.585] [Netty Server IO #4/DEBUG] [mixin/]: connectivity.mixins.json:CompressionDecoderMixin from mod connectivity->@Inject::restoreLimit(Lio/netty/channel/ChannelHandlerContext;Lio/netty/buffer/ByteBuf;Ljava/util/List;Lorg/spongepowered/asm/mixin/injection/callback/CallbackInfo;)V doesn't use it's CallbackInfo
[12Jun2026 23:38:46.585] [Netty Server IO #4/DEBUG] [mixin/]: connectivity.mixins.json:CompressionDecoderMixin from mod connectivity->@Inject::restoreLimit(Lio/netty/channel/ChannelHandlerContext;Lio/netty/buffer/ByteBuf;Ljava/util/List;Lorg/spongepowered/asm/mixin/injection/callback/CallbackInfo;)V has 0 override(s) in child classes
[12Jun2026 23:38:46.585] [Netty Server IO #4/DEBUG] [mixin/]: connectivity.mixins.json:CompressionDecoderMixin from mod connectivity->@Inject::restoreLimit(Lio/netty/channel/ChannelHandlerContext;Lio/netty/buffer/ByteBuf;Ljava/util/List;Lorg/spongepowered/asm/mixin/injection/callback/CallbackInfo;)V won't be passed a CallbackInfo as a result
[12Jun2026 23:38:46.585] [Netty Server IO #4/DEBUG] [mixin/]: connectivity.mixins.json:CompressionDecoderMixin from mod connectivity->@Inject::restoreLimit(Lio/netty/channel/ChannelHandlerContext;Lio/netty/buffer/ByteBuf;Ljava/util/List;Lorg/spongepowered/asm/mixin/injection/callback/CallbackInfo;)V doesn't use it's CallbackInfo
[12Jun2026 23:38:46.585] [Netty Server IO #4/DEBUG] [mixin/]: connectivity.mixins.json:CompressionDecoderMixin from mod connectivity->@Inject::restoreLimit(Lio/netty/channel/ChannelHandlerContext;Lio/netty/buffer/ByteBuf;Ljava/util/List;Lorg/spongepowered/asm/mixin/injection/callback/CallbackInfo;)V has 0 override(s) in child classes
[12Jun2026 23:38:46.585] [Netty Server IO #4/DEBUG] [mixin/]: connectivity.mixins.json:CompressionDecoderMixin from mod connectivity->@Inject::restoreLimit(Lio/netty/channel/ChannelHandlerContext;Lio/netty/buffer/ByteBuf;Ljava/util/List;Lorg/spongepowered/asm/mixin/injection/callback/CallbackInfo;)V won't be passed a CallbackInfo as a result
[12Jun2026 23:38:46.585] [Netty Server IO #4/DEBUG] [mixin/]: connectivity.mixins.json:CompressionDecoderMixin from mod connectivity->@Inject::restoreLimit(Lio/netty/channel/ChannelHandlerContext;Lio/netty/buffer/ByteBuf;Ljava/util/List;Lorg/spongepowered/asm/mixin/injection/callback/CallbackInfo;)V doesn't use it's CallbackInfo
[12Jun2026 23:38:46.585] [Netty Server IO #4/DEBUG] [mixin/]: connectivity.mixins.json:CompressionDecoderMixin from mod connectivity->@Inject::restoreLimit(Lio/netty/channel/ChannelHandlerContext;Lio/netty/buffer/ByteBuf;Ljava/util/List;Lorg/spongepowered/asm/mixin/injection/callback/CallbackInfo;)V has 0 override(s) in child classes
[12Jun2026 23:38:46.585] [Netty Server IO #4/DEBUG] [mixin/]: connectivity.mixins.json:CompressionDecoderMixin from mod connectivity->@Inject::restoreLimit(Lio/netty/channel/ChannelHandlerContext;Lio/netty/buffer/ByteBuf;Ljava/util/List;Lorg/spongepowered/asm/mixin/injection/callback/CallbackInfo;)V won't be passed a CallbackInfo as a result
[12Jun2026 23:38:46.585] [Netty Server IO #4/DEBUG] [mixin/]: connectivity.mixins.json:CompressionDecoderMixin from mod connectivity->@Inject::onError(Lio/netty/channel/ChannelHandlerContext;Lio/netty/buffer/ByteBuf;Ljava/util/List;Lorg/spongepowered/asm/mixin/injection/callback/CallbackInfo;)V doesn't use it's CallbackInfo
[12Jun2026 23:38:46.585] [Netty Server IO #4/DEBUG] [mixin/]: connectivity.mixins.json:CompressionDecoderMixin from mod connectivity->@Inject::onError(Lio/netty/channel/ChannelHandlerContext;Lio/netty/buffer/ByteBuf;Ljava/util/List;Lorg/spongepowered/asm/mixin/injection/callback/CallbackInfo;)V has 0 override(s) in child classes
[12Jun2026 23:38:46.585] [Netty Server IO #4/DEBUG] [mixin/]: connectivity.mixins.json:CompressionDecoderMixin from mod connectivity->@Inject::onError(Lio/netty/channel/ChannelHandlerContext;Lio/netty/buffer/ByteBuf;Ljava/util/List;Lorg/spongepowered/asm/mixin/injection/callback/CallbackInfo;)V won't be passed a CallbackInfo as a result
[12Jun2026 23:38:46.585] [Netty Server IO #4/DEBUG] [mixin/]: connectivity.mixins.json:CompressionDecoderMixin from mod connectivity->@Inject::onError(Lio/netty/channel/ChannelHandlerContext;Lio/netty/buffer/ByteBuf;Ljava/util/List;Lorg/spongepowered/asm/mixin/injection/callback/CallbackInfo;)V doesn't use it's CallbackInfo
[12Jun2026 23:38:46.585] [Netty Server IO #4/DEBUG] [mixin/]: connectivity.mixins.json:CompressionDecoderMixin from mod connectivity->@Inject::onError(Lio/netty/channel/ChannelHandlerContext;Lio/netty/buffer/ByteBuf;Ljava/util/List;Lorg/spongepowered/asm/mixin/injection/callback/CallbackInfo;)V has 0 override(s) in child classes
[12Jun2026 23:38:46.585] [Netty Server IO #4/DEBUG] [mixin/]: connectivity.mixins.json:CompressionDecoderMixin from mod connectivity->@Inject::onError(Lio/netty/channel/ChannelHandlerContext;Lio/netty/buffer/ByteBuf;Ljava/util/List;Lorg/spongepowered/asm/mixin/injection/callback/CallbackInfo;)V won't be passed a CallbackInfo as a result
[12Jun2026 23:38:46.587] [Netty Server IO #4/DEBUG] [mixin/]: Mixing CompressionEncoderMixin from connectivity.mixins.json into net.minecraft.network.CompressionEncoder
[12Jun2026 23:38:46.588] [Netty Server IO #4/DEBUG] [mixin/]: connectivity.mixins.json:CompressionEncoderMixin from mod connectivity->@Inject::onEncodeCheckLimit(Lio/netty/channel/ChannelHandlerContext;Lio/netty/buffer/ByteBuf;Lio/netty/buffer/ByteBuf;Lorg/spongepowered/asm/mixin/injection/callback/CallbackInfo;)V doesn't use it's CallbackInfo
[12Jun2026 23:38:46.589] [Netty Server IO #4/DEBUG] [mixin/]: connectivity.mixins.json:CompressionEncoderMixin from mod connectivity->@Inject::onEncodeCheckLimit(Lio/netty/channel/ChannelHandlerContext;Lio/netty/buffer/ByteBuf;Lio/netty/buffer/ByteBuf;Lorg/spongepowered/asm/mixin/injection/callback/CallbackInfo;)V has 0 override(s) in child classes
[12Jun2026 23:38:46.589] [Netty Server IO #4/DEBUG] [mixin/]: connectivity.mixins.json:CompressionEncoderMixin from mod connectivity->@Inject::onEncodeCheckLimit(Lio/netty/channel/ChannelHandlerContext;Lio/netty/buffer/ByteBuf;Lio/netty/buffer/ByteBuf;Lorg/spongepowered/asm/mixin/injection/callback/CallbackInfo;)V won't be passed a CallbackInfo as a result
[12Jun2026 23:38:46.677] [Server thread/DEBUG] [mixin/]: Mixing ItemStackHandlerMixin from valhelsia_core.mixins.json into net.minecraftforge.items.ItemStackHandler
[12Jun2026 23:38:46.697] [Server thread/INFO] [net.minecraft.server.players.PlayerList/]: SubtleRotation[/[fdfd::1a64:7f26]:63099] logged in with entity id 177 at (-2866.016631054245, 114.875, 11685.699999988079)
[12Jun2026 23:38:46.704] [Server thread/DEBUG] [mixin/]: Mixing network.NetworkFiltersMixin from connectormod.mixins.json into net.minecraftforge.network.filters.NetworkFilters
[12Jun2026 23:38:46.705] [Server thread/DEBUG] [mixin/]: connectormod.mixins.json:network.NetworkFiltersMixin from mod connectormod->@Inject::preventDuplicateHandler(Lnet/minecraft/network/Connection;Lio/netty/channel/ChannelPipeline;Ljava/lang/String;Ljava/util/function/Function;Lorg/spongepowered/asm/mixin/injection/callback/CallbackInfo;)V does use it's CallbackInfo
[12Jun2026 23:38:46.711] [Server thread/DEBUG] [net.minecraftforge.network.filters.NetworkFilters/]: Injected net.minecraftforge.network.filters.ForgeConnectionNetworkFilter@48328e9e into net.minecraft.network.Connection@b6662ed
[12Jun2026 23:38:46.739] [Server thread/INFO] [net.minecraft.server.MinecraftServer/]: SubtleRotation joined the game
[12Jun2026 23:38:49.644] [Server thread/WARN] [net.minecraft.server.MinecraftServer/]: Can't keep up! Is the server overloaded? Running 2966ms or 59 ticks behind
[12Jun2026 23:38:51.413] [Server thread/DEBUG] [io.netty.util.internal.ThreadLocalRandom/]: -Dio.netty.initialSeedUniquifier: 0x2a8b9c159e2328b1
[12Jun2026 23:38:54.053] [Server thread/DEBUG] [mixin/]: Generating mapped inner class net/minecraft/world/entity/Mob$Anonymous$221aed5bbc5642a6b29bc722c9c226c2 (originally immersive_armors/mixin/MobEntityMixin$1)
[12Jun2026 23:40:58.870] [Netty Server IO #6/DEBUG] [net.minecraftforge.network.HandshakeHandler/FMLHANDSHAKE]: Starting new modded impl connection. Found 25 messages to dispatch.
[12Jun2026 23:40:58.888] [Server thread/DEBUG] [net.minecraftforge.network.HandshakeHandler/FMLHANDSHAKE]: Sending ticking packet info 'net.minecraftforge.network.HandshakeMessages$S2CModData' to 'fml:handshake' sequence 0
[12Jun2026 23:40:58.938] [Server thread/DEBUG] [net.minecraftforge.network.HandshakeHandler/FMLHANDSHAKE]: Sending ticking packet info 'net.minecraftforge.network.HandshakeMessages$S2CModList' to 'fml:handshake' sequence 1
[12Jun2026 23:40:58.962] [Netty Server IO #6/DEBUG] [net.minecraftforge.network.LoginWrapper/FMLHANDSHAKE]: Recieved login wrapper packet event for channel fml:handshake with index 1
[12Jun2026 23:40:58.962] [Netty Server IO #6/DEBUG] [net.minecraftforge.network.HandshakeHandler/FMLHANDSHAKE]: Received client indexed reply 1 of type net.minecraftforge.network.HandshakeMessages$C2SModListReply
[12Jun2026 23:40:58.962] [Netty Server IO #6/DEBUG] [net.minecraftforge.network.HandshakeHandler/FMLHANDSHAKE]: Received client connection with modlist [saturn, kuma_api, almanac, jei, lithostitched, xaerolib, connectivity, trender, fullbright, waystones, clumps, modernfix, travelersbackpack, mixinextras, starlight, balm, terralith, immersive_armors, watut, simplefullbright, skinlayers3d, forge, embeddium, rubidium, tectonic, minecraft, smoothchunk, trade_cycling, valhelsia_structures, culllessleaves, betterfpsdist, xaerominimap, gravestone, entityculling, ftbultimine, connectormod, immediatelyfast, coroutil, architectury, ftblibrary, appleskin, ferritecore, aiimprovements, embeddium_extra, cupboard, transition, t_and_t, letmedespawn, valhelsia_core, skinrestorer, cristellib]
[12Jun2026 23:40:58.962] [Netty Server IO #6/DEBUG] [net.minecraftforge.network.NetworkRegistry/NETREGISTRY]: Channel 'fml:loginwrapper' : Version test of 'FML3' from client : ACCEPTED
[12Jun2026 23:40:58.962] [Netty Server IO #6/DEBUG] [net.minecraftforge.network.NetworkRegistry/NETREGISTRY]: Channel 'watut:main' : Version test of '4' from client : ACCEPTED
[12Jun2026 23:40:58.962] [Netty Server IO #6/DEBUG] [net.minecraftforge.network.NetworkRegistry/NETREGISTRY]: Channel 'skinshuffle:skin_refresh' : Version test of '' from client : ACCEPTED
[12Jun2026 23:40:58.962] [Netty Server IO #6/DEBUG] [net.minecraftforge.network.NetworkRegistry/NETREGISTRY]: Channel 'forge:tier_sorting' : Version test of '1.0' from client : ACCEPTED
[12Jun2026 23:40:58.962] [Netty Server IO #6/DEBUG] [net.minecraftforge.network.NetworkRegistry/NETREGISTRY]: Channel 'ic_ia:main' : Version test of '1' from client : ACCEPTED
[12Jun2026 23:40:58.962] [Netty Server IO #6/DEBUG] [net.minecraftforge.network.NetworkRegistry/NETREGISTRY]: Channel 'architectury:network' : Version test of '1' from client : ACCEPTED
[12Jun2026 23:40:58.962] [Netty Server IO #6/DEBUG] [net.minecraftforge.network.NetworkRegistry/NETREGISTRY]: Channel 'xaerolib:main' : Version test of '1.0' from client : ACCEPTED
[12Jun2026 23:40:58.962] [Netty Server IO #6/DEBUG] [net.minecraftforge.network.NetworkRegistry/NETREGISTRY]: Channel 'minecraft:unregister' : Version test of 'FML3' from client : ACCEPTED
[12Jun2026 23:40:58.962] [Netty Server IO #6/DEBUG] [net.minecraftforge.network.NetworkRegistry/NETREGISTRY]: Channel 'fml:play' : Version test of 'FML3' from client : ACCEPTED
[12Jun2026 23:40:58.962] [Netty Server IO #6/DEBUG] [net.minecraftforge.network.NetworkRegistry/NETREGISTRY]: Channel 'xaerominimap:main' : Version test of '1.0' from client : ACCEPTED
[12Jun2026 23:40:58.962] [Netty Server IO #6/DEBUG] [net.minecraftforge.network.NetworkRegistry/NETREGISTRY]: Channel 'plasmo:voice/v2/installed' : Version test of 'ABSENT 🤔' from client : ACCEPTED
[12Jun2026 23:40:58.962] [Netty Server IO #6/DEBUG] [net.minecraftforge.network.NetworkRegistry/NETREGISTRY]: Channel 'gravestone:default' : Version test of '1.0.0' from client : ACCEPTED
[12Jun2026 23:40:58.962] [Netty Server IO #6/DEBUG] [net.minecraftforge.network.NetworkRegistry/NETREGISTRY]: Channel 'trade_cycling:cycle_trades' : Version test of 'ALLOWVANILLA 💓💓💓' from client : ACCEPTED
[12Jun2026 23:40:58.962] [Netty Server IO #6/DEBUG] [net.minecraftforge.network.NetworkRegistry/NETREGISTRY]: Channel 'fml:handshake' : Version test of 'FML3' from client : ACCEPTED
[12Jun2026 23:40:58.962] [Netty Server IO #6/DEBUG] [net.minecraftforge.network.NetworkRegistry/NETREGISTRY]: Channel 'plasmo:voice/v2/service' : Version test of 'ABSENT 🤔' from client : ACCEPTED
[12Jun2026 23:40:58.962] [Netty Server IO #6/DEBUG] [net.minecraftforge.network.NetworkRegistry/NETREGISTRY]: Channel 'travelersbackpack:network' : Version test of 'travelersbackpack:1' from client : ACCEPTED
[12Jun2026 23:40:58.963] [Netty Server IO #6/DEBUG] [net.minecraftforge.network.NetworkRegistry/NETREGISTRY]: Channel 'plasmo:voice/v2' : Version test of 'ABSENT 🤔' from client : ACCEPTED
[12Jun2026 23:40:58.963] [Netty Server IO #6/DEBUG] [net.minecraftforge.network.NetworkRegistry/NETREGISTRY]: Channel 'balm:network' : Version test of '1.0' from client : ACCEPTED
[12Jun2026 23:40:58.963] [Netty Server IO #6/DEBUG] [net.minecraftforge.network.NetworkRegistry/NETREGISTRY]: Channel 'minecraft:register' : Version test of 'FML3' from client : ACCEPTED
[12Jun2026 23:40:58.963] [Netty Server IO #6/DEBUG] [net.minecraftforge.network.NetworkRegistry/NETREGISTRY]: Channel 'appleskin:sync' : Version test of '1' from client : ACCEPTED
[12Jun2026 23:40:58.963] [Netty Server IO #6/DEBUG] [net.minecraftforge.network.NetworkRegistry/NETREGISTRY]: Channel 'forge:split' : Version test of '1.1' from client : ACCEPTED
[12Jun2026 23:40:58.963] [Netty Server IO #6/DEBUG] [net.minecraftforge.network.NetworkRegistry/NETREGISTRY]: Channel 'waystones:network' : Version test of '1.0' from client : ACCEPTED
[12Jun2026 23:40:58.963] [Netty Server IO #6/DEBUG] [net.minecraftforge.network.NetworkRegistry/NETREGISTRY]: Channel 'skinshuffle:handshake' : Version test of '' from client : ACCEPTED
[12Jun2026 23:40:58.963] [Netty Server IO #6/DEBUG] [net.minecraftforge.network.NetworkRegistry/NETREGISTRY]: Channel 'skinshuffle:refresh' : Version test of '' from client : ACCEPTED
[12Jun2026 23:40:58.963] [Netty Server IO #6/DEBUG] [net.minecraftforge.network.NetworkRegistry/NETREGISTRY]: Accepting channel list from client
[12Jun2026 23:40:58.963] [Netty Server IO #6/DEBUG] [net.minecraftforge.network.HandshakeHandler/FMLHANDSHAKE]: Accepted client connection mod list
[12Jun2026 23:40:58.989] [Server thread/DEBUG] [net.minecraftforge.network.HandshakeHandler/FMLHANDSHAKE]: Sending ticking packet info 'Registry minecraft:command_argument_type' to 'fml:handshake' sequence 2
[12Jun2026 23:40:59.008] [Netty Server IO #6/DEBUG] [net.minecraftforge.network.LoginWrapper/FMLHANDSHAKE]: Recieved login wrapper packet event for channel fml:handshake with index 2
[12Jun2026 23:40:59.008] [Netty Server IO #6/DEBUG] [net.minecraftforge.network.HandshakeHandler/FMLHANDSHAKE]: Received client indexed reply 2 of type net.minecraftforge.network.HandshakeMessages$C2SAcknowledge
[12Jun2026 23:40:59.008] [Netty Server IO #6/DEBUG] [net.minecraftforge.network.HandshakeHandler/FMLHANDSHAKE]: Received acknowledgement from client
[12Jun2026 23:40:59.038] [Server thread/DEBUG] [net.minecraftforge.network.HandshakeHandler/FMLHANDSHAKE]: Sending ticking packet info 'Registry minecraft:recipe_serializer' to 'fml:handshake' sequence 3
[12Jun2026 23:40:59.055] [Netty Server IO #6/DEBUG] [net.minecraftforge.network.LoginWrapper/FMLHANDSHAKE]: Recieved login wrapper packet event for channel fml:handshake with index 3
[12Jun2026 23:40:59.055] [Netty Server IO #6/DEBUG] [net.minecraftforge.network.HandshakeHandler/FMLHANDSHAKE]: Received client indexed reply 3 of type net.minecraftforge.network.HandshakeMessages$C2SAcknowledge
[12Jun2026 23:40:59.055] [Netty Server IO #6/DEBUG] [net.minecraftforge.network.HandshakeHandler/FMLHANDSHAKE]: Received acknowledgement from client
[12Jun2026 23:40:59.091] [Server thread/DEBUG] [net.minecraftforge.network.HandshakeHandler/FMLHANDSHAKE]: Sending ticking packet info 'Registry minecraft:sound_event' to 'fml:handshake' sequence 4
[12Jun2026 23:40:59.140] [Server thread/DEBUG] [net.minecraftforge.network.HandshakeHandler/FMLHANDSHAKE]: Sending ticking packet info 'Registry minecraft:particle_type' to 'fml:handshake' sequence 5
[12Jun2026 23:40:59.158] [Netty Server IO #6/DEBUG] [net.minecraftforge.network.LoginWrapper/FMLHANDSHAKE]: Recieved login wrapper packet event for channel fml:handshake with index 4
[12Jun2026 23:40:59.158] [Netty Server IO #6/DEBUG] [net.minecraftforge.network.HandshakeHandler/FMLHANDSHAKE]: Received client indexed reply 4 of type net.minecraftforge.network.HandshakeMessages$C2SAcknowledge
[12Jun2026 23:40:59.158] [Netty Server IO #6/DEBUG] [net.minecraftforge.network.HandshakeHandler/FMLHANDSHAKE]: Received acknowledgement from client
[12Jun2026 23:40:59.166] [Netty Server IO #6/DEBUG] [net.minecraftforge.network.LoginWrapper/FMLHANDSHAKE]: Recieved login wrapper packet event for channel fml:handshake with index 5
[12Jun2026 23:40:59.166] [Netty Server IO #6/DEBUG] [net.minecraftforge.network.HandshakeHandler/FMLHANDSHAKE]: Received client indexed reply 5 of type net.minecraftforge.network.HandshakeMessages$C2SAcknowledge
[12Jun2026 23:40:59.166] [Netty Server IO #6/DEBUG] [net.minecraftforge.network.HandshakeHandler/FMLHANDSHAKE]: Received acknowledgement from client
[12Jun2026 23:40:59.188] [Server thread/DEBUG] [net.minecraftforge.network.HandshakeHandler/FMLHANDSHAKE]: Sending ticking packet info 'Registry minecraft:villager_profession' to 'fml:handshake' sequence 6
[12Jun2026 23:40:59.198] [Netty Server IO #6/DEBUG] [net.minecraftforge.network.LoginWrapper/FMLHANDSHAKE]: Recieved login wrapper packet event for channel fml:handshake with index 6
[12Jun2026 23:40:59.198] [Netty Server IO #6/DEBUG] [net.minecraftforge.network.HandshakeHandler/FMLHANDSHAKE]: Received client indexed reply 6 of type net.minecraftforge.network.HandshakeMessages$C2SAcknowledge
[12Jun2026 23:40:59.198] [Netty Server IO #6/DEBUG] [net.minecraftforge.network.HandshakeHandler/FMLHANDSHAKE]: Received acknowledgement from client
[12Jun2026 23:40:59.239] [Server thread/DEBUG] [net.minecraftforge.network.HandshakeHandler/FMLHANDSHAKE]: Sending ticking packet info 'Registry minecraft:item' to 'fml:handshake' sequence 7
[12Jun2026 23:40:59.289] [Server thread/DEBUG] [net.minecraftforge.network.HandshakeHandler/FMLHANDSHAKE]: Sending ticking packet info 'Registry minecraft:potion' to 'fml:handshake' sequence 8
[12Jun2026 23:40:59.292] [Netty Server IO #6/DEBUG] [net.minecraftforge.network.LoginWrapper/FMLHANDSHAKE]: Recieved login wrapper packet event for channel fml:handshake with index 7
[12Jun2026 23:40:59.293] [Netty Server IO #6/DEBUG] [net.minecraftforge.network.HandshakeHandler/FMLHANDSHAKE]: Received client indexed reply 7 of type net.minecraftforge.network.HandshakeMessages$C2SAcknowledge
[12Jun2026 23:40:59.293] [Netty Server IO #6/DEBUG] [net.minecraftforge.network.HandshakeHandler/FMLHANDSHAKE]: Received acknowledgement from client
[12Jun2026 23:40:59.298] [Netty Server IO #6/DEBUG] [net.minecraftforge.network.LoginWrapper/FMLHANDSHAKE]: Recieved login wrapper packet event for channel fml:handshake with index 8
[12Jun2026 23:40:59.299] [Netty Server IO #6/DEBUG] [net.minecraftforge.network.HandshakeHandler/FMLHANDSHAKE]: Received client indexed reply 8 of type net.minecraftforge.network.HandshakeMessages$C2SAcknowledge
[12Jun2026 23:40:59.299] [Netty Server IO #6/DEBUG] [net.minecraftforge.network.HandshakeHandler/FMLHANDSHAKE]: Received acknowledgement from client
[12Jun2026 23:40:59.338] [Server thread/DEBUG] [net.minecraftforge.network.HandshakeHandler/FMLHANDSHAKE]: Sending ticking packet info 'Registry minecraft:painting_variant' to 'fml:handshake' sequence 9
[12Jun2026 23:40:59.350] [Netty Server IO #6/DEBUG] [net.minecraftforge.network.LoginWrapper/FMLHANDSHAKE]: Recieved login wrapper packet event for channel fml:handshake with index 9
[12Jun2026 23:40:59.350] [Netty Server IO #6/DEBUG] [net.minecraftforge.network.HandshakeHandler/FMLHANDSHAKE]: Received client indexed reply 9 of type net.minecraftforge.network.HandshakeMessages$C2SAcknowledge
[12Jun2026 23:40:59.350] [Netty Server IO #6/DEBUG] [net.minecraftforge.network.HandshakeHandler/FMLHANDSHAKE]: Received acknowledgement from client
[12Jun2026 23:40:59.387] [Server thread/DEBUG] [net.minecraftforge.network.HandshakeHandler/FMLHANDSHAKE]: Sending ticking packet info 'Registry forge:fluid_type' to 'fml:handshake' sequence 10
[12Jun2026 23:40:59.398] [Netty Server IO #6/DEBUG] [net.minecraftforge.network.LoginWrapper/FMLHANDSHAKE]: Recieved login wrapper packet event for channel fml:handshake with index 10
[12Jun2026 23:40:59.398] [Netty Server IO #6/DEBUG] [net.minecraftforge.network.HandshakeHandler/FMLHANDSHAKE]: Received client indexed reply 10 of type net.minecraftforge.network.HandshakeMessages$C2SAcknowledge
[12Jun2026 23:40:59.398] [Netty Server IO #6/DEBUG] [net.minecraftforge.network.HandshakeHandler/FMLHANDSHAKE]: Received acknowledgement from client
[12Jun2026 23:40:59.439] [Server thread/DEBUG] [net.minecraftforge.network.HandshakeHandler/FMLHANDSHAKE]: Sending ticking packet info 'Registry minecraft:block_entity_type' to 'fml:handshake' sequence 11
[12Jun2026 23:40:59.452] [Netty Server IO #6/DEBUG] [net.minecraftforge.network.LoginWrapper/FMLHANDSHAKE]: Recieved login wrapper packet event for channel fml:handshake with index 11
[12Jun2026 23:40:59.452] [Netty Server IO #6/DEBUG] [net.minecraftforge.network.HandshakeHandler/FMLHANDSHAKE]: Received client indexed reply 11 of type net.minecraftforge.network.HandshakeMessages$C2SAcknowledge
[12Jun2026 23:40:59.452] [Netty Server IO #6/DEBUG] [net.minecraftforge.network.HandshakeHandler/FMLHANDSHAKE]: Received acknowledgement from client
[12Jun2026 23:40:59.489] [Server thread/DEBUG] [net.minecraftforge.network.HandshakeHandler/FMLHANDSHAKE]: Sending ticking packet info 'Registry forge:display_contexts' to 'fml:handshake' sequence 12
[12Jun2026 23:40:59.501] [Netty Server IO #6/DEBUG] [net.minecraftforge.network.LoginWrapper/FMLHANDSHAKE]: Recieved login wrapper packet event for channel fml:handshake with index 12
[12Jun2026 23:40:59.501] [Netty Server IO #6/DEBUG] [net.minecraftforge.network.HandshakeHandler/FMLHANDSHAKE]: Received client indexed reply 12 of type net.minecraftforge.network.HandshakeMessages$C2SAcknowledge
[12Jun2026 23:40:59.501] [Netty Server IO #6/DEBUG] [net.minecraftforge.network.HandshakeHandler/FMLHANDSHAKE]: Received acknowledgement from client
[12Jun2026 23:40:59.538] [Server thread/DEBUG] [net.minecraftforge.network.HandshakeHandler/FMLHANDSHAKE]: Sending ticking packet info 'Registry minecraft:block' to 'fml:handshake' sequence 13
[12Jun2026 23:40:59.576] [Netty Server IO #6/DEBUG] [net.minecraftforge.network.LoginWrapper/FMLHANDSHAKE]: Recieved login wrapper packet event for channel fml:handshake with index 13
[12Jun2026 23:40:59.576] [Netty Server IO #6/DEBUG] [net.minecraftforge.network.HandshakeHandler/FMLHANDSHAKE]: Received client indexed reply 13 of type net.minecraftforge.network.HandshakeMessages$C2SAcknowledge
[12Jun2026 23:40:59.576] [Netty Server IO #6/DEBUG] [net.minecraftforge.network.HandshakeHandler/FMLHANDSHAKE]: Received acknowledgement from client
[12Jun2026 23:40:59.588] [Server thread/DEBUG] [net.minecraftforge.network.HandshakeHandler/FMLHANDSHAKE]: Sending ticking packet info 'Registry forge:entity_data_serializers' to 'fml:handshake' sequence 14
[12Jun2026 23:40:59.598] [Netty Server IO #6/DEBUG] [net.minecraftforge.network.LoginWrapper/FMLHANDSHAKE]: Recieved login wrapper packet event for channel fml:handshake with index 14
[12Jun2026 23:40:59.598] [Netty Server IO #6/DEBUG] [net.minecraftforge.network.HandshakeHandler/FMLHANDSHAKE]: Received client indexed reply 14 of type net.minecraftforge.network.HandshakeMessages$C2SAcknowledge
[12Jun2026 23:40:59.599] [Netty Server IO #6/DEBUG] [net.minecraftforge.network.HandshakeHandler/FMLHANDSHAKE]: Received acknowledgement from client
[12Jun2026 23:40:59.639] [Server thread/DEBUG] [net.minecraftforge.network.HandshakeHandler/FMLHANDSHAKE]: Sending ticking packet info 'Registry valhelsia_structures:structure_height_provider_types' to 'fml:handshake' sequence 15
[12Jun2026 23:40:59.657] [Netty Server IO #6/DEBUG] [net.minecraftforge.network.LoginWrapper/FMLHANDSHAKE]: Recieved login wrapper packet event for channel fml:handshake with index 15
[12Jun2026 23:40:59.657] [Netty Server IO #6/DEBUG] [net.minecraftforge.network.HandshakeHandler/FMLHANDSHAKE]: Received client indexed reply 15 of type net.minecraftforge.network.HandshakeMessages$C2SAcknowledge
[12Jun2026 23:40:59.657] [Netty Server IO #6/DEBUG] [net.minecraftforge.network.HandshakeHandler/FMLHANDSHAKE]: Received acknowledgement from client
[12Jun2026 23:40:59.688] [Server thread/DEBUG] [net.minecraftforge.network.HandshakeHandler/FMLHANDSHAKE]: Sending ticking packet info 'Registry minecraft:mob_effect' to 'fml:handshake' sequence 16
[12Jun2026 23:40:59.701] [Netty Server IO #6/DEBUG] [net.minecraftforge.network.LoginWrapper/FMLHANDSHAKE]: Recieved login wrapper packet event for channel fml:handshake with index 16
[12Jun2026 23:40:59.701] [Netty Server IO #6/DEBUG] [net.minecraftforge.network.HandshakeHandler/FMLHANDSHAKE]: Received client indexed reply 16 of type net.minecraftforge.network.HandshakeMessages$C2SAcknowledge
[12Jun2026 23:40:59.701] [Netty Server IO #6/DEBUG] [net.minecraftforge.network.HandshakeHandler/FMLHANDSHAKE]: Received acknowledgement from client
[12Jun2026 23:40:59.738] [Server thread/DEBUG] [net.minecraftforge.network.HandshakeHandler/FMLHANDSHAKE]: Sending ticking packet info 'Registry minecraft:stat_type' to 'fml:handshake' sequence 17
[12Jun2026 23:40:59.749] [Netty Server IO #6/DEBUG] [net.minecraftforge.network.LoginWrapper/FMLHANDSHAKE]: Recieved login wrapper packet event for channel fml:handshake with index 17
[12Jun2026 23:40:59.749] [Netty Server IO #6/DEBUG] [net.minecraftforge.network.HandshakeHandler/FMLHANDSHAKE]: Received client indexed reply 17 of type net.minecraftforge.network.HandshakeMessages$C2SAcknowledge
[12Jun2026 23:40:59.749] [Netty Server IO #6/DEBUG] [net.minecraftforge.network.HandshakeHandler/FMLHANDSHAKE]: Received acknowledgement from client
[12Jun2026 23:40:59.788] [Server thread/DEBUG] [net.minecraftforge.network.HandshakeHandler/FMLHANDSHAKE]: Sending ticking packet info 'Registry minecraft:menu' to 'fml:handshake' sequence 18
[12Jun2026 23:40:59.802] [Netty Server IO #6/DEBUG] [net.minecraftforge.network.LoginWrapper/FMLHANDSHAKE]: Recieved login wrapper packet event for channel fml:handshake with index 18
[12Jun2026 23:40:59.802] [Netty Server IO #6/DEBUG] [net.minecraftforge.network.HandshakeHandler/FMLHANDSHAKE]: Received client indexed reply 18 of type net.minecraftforge.network.HandshakeMessages$C2SAcknowledge
[12Jun2026 23:40:59.802] [Netty Server IO #6/DEBUG] [net.minecraftforge.network.HandshakeHandler/FMLHANDSHAKE]: Received acknowledgement from client
[12Jun2026 23:40:59.839] [Server thread/DEBUG] [net.minecraftforge.network.HandshakeHandler/FMLHANDSHAKE]: Sending ticking packet info 'Registry minecraft:enchantment' to 'fml:handshake' sequence 19
[12Jun2026 23:40:59.850] [Netty Server IO #6/DEBUG] [net.minecraftforge.network.LoginWrapper/FMLHANDSHAKE]: Recieved login wrapper packet event for channel fml:handshake with index 19
[12Jun2026 23:40:59.850] [Netty Server IO #6/DEBUG] [net.minecraftforge.network.HandshakeHandler/FMLHANDSHAKE]: Received client indexed reply 19 of type net.minecraftforge.network.HandshakeMessages$C2SAcknowledge
[12Jun2026 23:40:59.850] [Netty Server IO #6/DEBUG] [net.minecraftforge.network.HandshakeHandler/FMLHANDSHAKE]: Received acknowledgement from client
[12Jun2026 23:40:59.887] [Server thread/DEBUG] [net.minecraftforge.network.HandshakeHandler/FMLHANDSHAKE]: Sending ticking packet info 'Registry minecraft:fluid' to 'fml:handshake' sequence 20
[12Jun2026 23:40:59.904] [Netty Server IO #6/DEBUG] [net.minecraftforge.network.LoginWrapper/FMLHANDSHAKE]: Recieved login wrapper packet event for channel fml:handshake with index 20
[12Jun2026 23:40:59.904] [Netty Server IO #6/DEBUG] [net.minecraftforge.network.HandshakeHandler/FMLHANDSHAKE]: Received client indexed reply 20 of type net.minecraftforge.network.HandshakeMessages$C2SAcknowledge
[12Jun2026 23:40:59.904] [Netty Server IO #6/DEBUG] [net.minecraftforge.network.HandshakeHandler/FMLHANDSHAKE]: Received acknowledgement from client
[12Jun2026 23:40:59.938] [Server thread/DEBUG] [net.minecraftforge.network.HandshakeHandler/FMLHANDSHAKE]: Sending ticking packet info 'Registry minecraft:entity_type' to 'fml:handshake' sequence 21
[12Jun2026 23:40:59.992] [Server thread/DEBUG] [net.minecraftforge.network.HandshakeHandler/FMLHANDSHAKE]: Sending ticking packet info 'Config gravestone-server.toml' to 'fml:handshake' sequence 22
[12Jun2026 23:41:00.031] [Netty Server IO #6/DEBUG] [net.minecraftforge.network.LoginWrapper/FMLHANDSHAKE]: Recieved login wrapper packet event for channel fml:handshake with index 21
[12Jun2026 23:41:00.031] [Netty Server IO #6/DEBUG] [net.minecraftforge.network.HandshakeHandler/FMLHANDSHAKE]: Received client indexed reply 21 of type net.minecraftforge.network.HandshakeMessages$C2SAcknowledge
[12Jun2026 23:41:00.031] [Netty Server IO #6/DEBUG] [net.minecraftforge.network.HandshakeHandler/FMLHANDSHAKE]: Received acknowledgement from client
[12Jun2026 23:41:00.039] [Netty Server IO #6/DEBUG] [net.minecraftforge.network.LoginWrapper/FMLHANDSHAKE]: Recieved login wrapper packet event for channel fml:handshake with index 22
[12Jun2026 23:41:00.039] [Netty Server IO #6/DEBUG] [net.minecraftforge.network.HandshakeHandler/FMLHANDSHAKE]: Received client indexed reply 22 of type net.minecraftforge.network.HandshakeMessages$C2SAcknowledge
[12Jun2026 23:41:00.039] [Netty Server IO #6/DEBUG] [net.minecraftforge.network.HandshakeHandler/FMLHANDSHAKE]: Received acknowledgement from client
[12Jun2026 23:41:00.040] [Server thread/DEBUG] [net.minecraftforge.network.HandshakeHandler/FMLHANDSHAKE]: Sending ticking packet info 'Config travelersbackpack-server.toml' to 'fml:handshake' sequence 23
[12Jun2026 23:41:00.092] [Server thread/DEBUG] [net.minecraftforge.network.HandshakeHandler/FMLHANDSHAKE]: Sending ticking packet info 'Config forge-server.toml' to 'fml:handshake' sequence 24
[12Jun2026 23:41:00.094] [Netty Server IO #6/DEBUG] [net.minecraftforge.network.LoginWrapper/FMLHANDSHAKE]: Recieved login wrapper packet event for channel fml:handshake with index 23
[12Jun2026 23:41:00.094] [Netty Server IO #6/DEBUG] [net.minecraftforge.network.HandshakeHandler/FMLHANDSHAKE]: Received client indexed reply 23 of type net.minecraftforge.network.HandshakeMessages$C2SAcknowledge
[12Jun2026 23:41:00.094] [Netty Server IO #6/DEBUG] [net.minecraftforge.network.HandshakeHandler/FMLHANDSHAKE]: Received acknowledgement from client
[12Jun2026 23:41:00.103] [Netty Server IO #6/DEBUG] [net.minecraftforge.network.LoginWrapper/FMLHANDSHAKE]: Recieved login wrapper packet event for channel fml:handshake with index 24
[12Jun2026 23:41:00.103] [Netty Server IO #6/DEBUG] [net.minecraftforge.network.HandshakeHandler/FMLHANDSHAKE]: Received client indexed reply 24 of type net.minecraftforge.network.HandshakeMessages$C2SAcknowledge
[12Jun2026 23:41:00.103] [Netty Server IO #6/DEBUG] [net.minecraftforge.network.HandshakeHandler/FMLHANDSHAKE]: Received acknowledgement from client
[12Jun2026 23:41:00.139] [Server thread/DEBUG] [net.minecraftforge.network.HandshakeHandler/FMLHANDSHAKE]: Handshake complete!
[12Jun2026 23:41:00.198] [ForkJoinPool.commonPool-worker-3/DEBUG] [SkinRestorer/]: Fetching PingEm's skin
[12Jun2026 23:41:00.620] [Server thread/INFO] [net.minecraft.server.players.PlayerList/]: PingEm[/26.241.72.119:60052] logged in with entity id 562 at (725.4571865412614, 69.0, 4471.730852806848)
[12Jun2026 23:41:00.620] [Server thread/DEBUG] [net.minecraftforge.network.filters.NetworkFilters/]: Injected net.minecraftforge.network.filters.ForgeConnectionNetworkFilter@74e1237d into net.minecraft.network.Connection@74f81c2
[12Jun2026 23:41:00.627] [Server thread/INFO] [net.minecraft.server.MinecraftServer/]: PingEm joined the game
[12Jun2026 23:41:44.660] [Server thread/DEBUG] [mixin/]: Mixing CompoundContainerMixin from ftblibrary-common.mixins.json into net.minecraft.world.CompoundContainer
[12Jun2026 23:41:44.660] [Server thread/DEBUG] [mixin/]: ftblibrary-common.mixins.json:CompoundContainerMixin from mod ftblibrary: Class version 61 required is higher than the class version supported by the current version of Mixin (JAVA_8 supports class version 52)
[12Jun2026 23:42:50.971] [Server thread/DEBUG] [net.minecraftforge.common.ForgeHooks/WP]: Gathering id map for writing to world save world
[12Jun2026 23:42:50.977] [Server thread/DEBUG] [net.minecraftforge.common.ForgeHooks/WP]: ID Map collection complete world
[12Jun2026 23:43:22.520] [Worker-Main-4/DEBUG] [mixin/]: Mixing JigsawPlacementPlacerMixin from waystones.mixins.json into net.minecraft.world.level.levelgen.structure.pools.JigsawPlacement$Placer
[12Jun2026 23:43:23.300] [Worker-Main-9/DEBUG] [mixin/]: Mixing BeardifierMixin from valhelsia_structures.mixins.json into net.minecraft.world.level.levelgen.Beardifier
[12Jun2026 23:43:23.309] [Worker-Main-9/DEBUG] [mixin/]: Mixing common.BeardifierMixin from lithostitched.forge.mixins.json into net.minecraft.world.level.levelgen.Beardifier
[12Jun2026 23:43:23.321] [Worker-Main-9/DEBUG] [mixin/]: valhelsia_structures.mixins.json:BeardifierMixin from mod valhelsia_structures->@Inject::valhelsia_forStructuresInChunk(Lnet/minecraft/world/level/ChunkPos;Lit/unimi/dsi/fastutil/objects/ObjectList;IILit/unimi/dsi/fastutil/objects/ObjectList;Lnet/minecraft/world/level/levelgen/structure/StructureStart;Lorg/spongepowered/asm/mixin/injection/callback/CallbackInfo;)V does use it's CallbackInfo
[12Jun2026 23:43:23.343] [Worker-Main-9/DEBUG] [mixin/]: lithostitched.forge.mixins.json:common.BeardifierMixin from mod lithostitched->@Inject::overrideTerrainAdaption(Lnet/minecraft/world/level/ChunkPos;Lit/unimi/dsi/fastutil/objects/ObjectList;IILit/unimi/dsi/fastutil/objects/ObjectList;Lnet/minecraft/world/level/levelgen/structure/StructureStart;Lorg/spongepowered/asm/mixin/injection/callback/CallbackInfo;Lnet/minecraft/world/level/levelgen/structure/TerrainAdjustment;Ljava/util/Iterator;Lnet/minecraft/world/level/levelgen/structure/StructurePiece;)V doesn't use it's CallbackInfo
[12Jun2026 23:43:29.351] [Netty Server IO #7/DEBUG] [net.minecraftforge.network.HandshakeHandler/FMLHANDSHAKE]: Starting new modded impl connection. Found 25 messages to dispatch.
[12Jun2026 23:43:29.386] [Server thread/WARN] [net.minecraft.server.MinecraftServer/]: Can't keep up! Is the server overloaded? Running 2058ms or 41 ticks behind
[12Jun2026 23:43:29.512] [Server thread/DEBUG] [net.minecraftforge.network.HandshakeHandler/FMLHANDSHAKE]: Sending ticking packet info 'net.minecraftforge.network.HandshakeMessages$S2CModData' to 'fml:handshake' sequence 0
[12Jun2026 23:43:29.745] [Server thread/DEBUG] [net.minecraftforge.network.HandshakeHandler/FMLHANDSHAKE]: Sending ticking packet info 'net.minecraftforge.network.HandshakeMessages$S2CModList' to 'fml:handshake' sequence 1
[12Jun2026 23:43:29.763] [Netty Server IO #7/DEBUG] [net.minecraftforge.network.LoginWrapper/FMLHANDSHAKE]: Recieved login wrapper packet event for channel fml:handshake with index 1
[12Jun2026 23:43:29.763] [Netty Server IO #7/DEBUG] [net.minecraftforge.network.HandshakeHandler/FMLHANDSHAKE]: Received client indexed reply 1 of type net.minecraftforge.network.HandshakeMessages$C2SModListReply
[12Jun2026 23:43:29.763] [Netty Server IO #7/DEBUG] [net.minecraftforge.network.HandshakeHandler/FMLHANDSHAKE]: Received client connection with modlist [saturn, kuma_api, almanac, jei, lithostitched, xaerolib, connectivity, trender, fullbright, waystones, clumps, modernfix, travelersbackpack, plasmovoice, mixinextras, starlight, balm, terralith, immersive_armors, watut, simplefullbright, skinlayers3d, forge, embeddium, rubidium, tectonic, minecraft, smoothchunk, trade_cycling, valhelsia_structures, culllessleaves, betterfpsdist, xaerominimap, gravestone, entityculling, ftbultimine, connectormod, immediatelyfast, coroutil, architectury, ftblibrary, appleskin, ferritecore, aiimprovements, embeddium_extra, cupboard, transition, t_and_t, letmedespawn, valhelsia_core, skinrestorer, cristellib]
[12Jun2026 23:43:29.764] [Netty Server IO #7/DEBUG] [net.minecraftforge.network.NetworkRegistry/NETREGISTRY]: Channel 'fml:loginwrapper' : Version test of 'FML3' from client : ACCEPTED
[12Jun2026 23:43:29.764] [Netty Server IO #7/DEBUG] [net.minecraftforge.network.NetworkRegistry/NETREGISTRY]: Channel 'watut:main' : Version test of '4' from client : ACCEPTED
[12Jun2026 23:43:29.764] [Netty Server IO #7/DEBUG] [net.minecraftforge.network.NetworkRegistry/NETREGISTRY]: Channel 'skinshuffle:skin_refresh' : Version test of '' from client : ACCEPTED
[12Jun2026 23:43:29.764] [Netty Server IO #7/DEBUG] [net.minecraftforge.network.NetworkRegistry/NETREGISTRY]: Channel 'forge:tier_sorting' : Version test of '1.0' from client : ACCEPTED
[12Jun2026 23:43:29.764] [Netty Server IO #7/DEBUG] [net.minecraftforge.network.NetworkRegistry/NETREGISTRY]: Channel 'ic_ia:main' : Version test of '1' from client : ACCEPTED
[12Jun2026 23:43:29.764] [Netty Server IO #7/DEBUG] [net.minecraftforge.network.NetworkRegistry/NETREGISTRY]: Channel 'architectury:network' : Version test of '1' from client : ACCEPTED
[12Jun2026 23:43:29.764] [Netty Server IO #7/DEBUG] [net.minecraftforge.network.NetworkRegistry/NETREGISTRY]: Channel 'xaerolib:main' : Version test of '1.0' from client : ACCEPTED
[12Jun2026 23:43:29.764] [Netty Server IO #7/DEBUG] [net.minecraftforge.network.NetworkRegistry/NETREGISTRY]: Channel 'minecraft:unregister' : Version test of 'FML3' from client : ACCEPTED
[12Jun2026 23:43:29.764] [Netty Server IO #7/DEBUG] [net.minecraftforge.network.NetworkRegistry/NETREGISTRY]: Channel 'fml:play' : Version test of 'FML3' from client : ACCEPTED
[12Jun2026 23:43:29.764] [Netty Server IO #7/DEBUG] [net.minecraftforge.network.NetworkRegistry/NETREGISTRY]: Channel 'xaerominimap:main' : Version test of '1.0' from client : ACCEPTED
[12Jun2026 23:43:29.764] [Netty Server IO #7/DEBUG] [net.minecraftforge.network.NetworkRegistry/NETREGISTRY]: Channel 'plasmo:voice/v2/installed' : Version test of 'ALLOWVANILLA 💓💓💓' from client : ACCEPTED
[12Jun2026 23:43:29.765] [Netty Server IO #7/DEBUG] [net.minecraftforge.network.NetworkRegistry/NETREGISTRY]: Channel 'gravestone:default' : Version test of '1.0.0' from client : ACCEPTED
[12Jun2026 23:43:29.765] [Netty Server IO #7/DEBUG] [net.minecraftforge.network.NetworkRegistry/NETREGISTRY]: Channel 'trade_cycling:cycle_trades' : Version test of 'ALLOWVANILLA 💓💓💓' from client : ACCEPTED
[12Jun2026 23:43:29.765] [Netty Server IO #7/DEBUG] [net.minecraftforge.network.NetworkRegistry/NETREGISTRY]: Channel 'fml:handshake' : Version test of 'FML3' from client : ACCEPTED
[12Jun2026 23:43:29.765] [Netty Server IO #7/DEBUG] [net.minecraftforge.network.NetworkRegistry/NETREGISTRY]: Channel 'plasmo:voice/v2/service' : Version test of 'ALLOWVANILLA 💓💓💓' from client : ACCEPTED
[12Jun2026 23:43:29.765] [Netty Server IO #7/DEBUG] [net.minecraftforge.network.NetworkRegistry/NETREGISTRY]: Channel 'travelersbackpack:network' : Version test of 'travelersbackpack:1' from client : ACCEPTED
[12Jun2026 23:43:29.765] [Netty Server IO #7/DEBUG] [net.minecraftforge.network.NetworkRegistry/NETREGISTRY]: Channel 'plasmo:voice/v2' : Version test of 'ALLOWVANILLA 💓💓💓' from client : ACCEPTED
[12Jun2026 23:43:29.765] [Netty Server IO #7/DEBUG] [net.minecraftforge.network.NetworkRegistry/NETREGISTRY]: Channel 'balm:network' : Version test of '1.0' from client : ACCEPTED
[12Jun2026 23:43:29.765] [Netty Server IO #7/DEBUG] [net.minecraftforge.network.NetworkRegistry/NETREGISTRY]: Channel 'minecraft:register' : Version test of 'FML3' from client : ACCEPTED
[12Jun2026 23:43:29.765] [Netty Server IO #7/DEBUG] [net.minecraftforge.network.NetworkRegistry/NETREGISTRY]: Channel 'appleskin:sync' : Version test of '1' from client : ACCEPTED
[12Jun2026 23:43:29.765] [Netty Server IO #7/DEBUG] [net.minecraftforge.network.NetworkRegistry/NETREGISTRY]: Channel 'forge:split' : Version test of '1.1' from client : ACCEPTED
[12Jun2026 23:43:29.766] [Netty Server IO #7/DEBUG] [net.minecraftforge.network.NetworkRegistry/NETREGISTRY]: Channel 'waystones:network' : Version test of '1.0' from client : ACCEPTED
[12Jun2026 23:43:29.766] [Netty Server IO #7/DEBUG] [net.minecraftforge.network.NetworkRegistry/NETREGISTRY]: Channel 'skinshuffle:handshake' : Version test of '' from client : ACCEPTED
[12Jun2026 23:43:29.766] [Netty Server IO #7/DEBUG] [net.minecraftforge.network.NetworkRegistry/NETREGISTRY]: Channel 'skinshuffle:refresh' : Version test of '' from client : ACCEPTED
[12Jun2026 23:43:29.766] [Netty Server IO #7/DEBUG] [net.minecraftforge.network.NetworkRegistry/NETREGISTRY]: Accepting channel list from client
[12Jun2026 23:43:29.766] [Netty Server IO #7/DEBUG] [net.minecraftforge.network.HandshakeHandler/FMLHANDSHAKE]: Accepted client connection mod list
[12Jun2026 23:43:29.782] [Server thread/DEBUG] [net.minecraftforge.network.HandshakeHandler/FMLHANDSHAKE]: Sending ticking packet info 'Registry minecraft:command_argument_type' to 'fml:handshake' sequence 2
[12Jun2026 23:43:29.796] [Netty Server IO #7/DEBUG] [net.minecraftforge.network.LoginWrapper/FMLHANDSHAKE]: Recieved login wrapper packet event for channel fml:handshake with index 2
[12Jun2026 23:43:29.796] [Netty Server IO #7/DEBUG] [net.minecraftforge.network.HandshakeHandler/FMLHANDSHAKE]: Received client indexed reply 2 of type net.minecraftforge.network.HandshakeMessages$C2SAcknowledge
[12Jun2026 23:43:29.797] [Netty Server IO #7/DEBUG] [net.minecraftforge.network.HandshakeHandler/FMLHANDSHAKE]: Received acknowledgement from client
[12Jun2026 23:43:29.813] [Server thread/DEBUG] [net.minecraftforge.network.HandshakeHandler/FMLHANDSHAKE]: Sending ticking packet info 'Registry minecraft:recipe_serializer' to 'fml:handshake' sequence 3
[12Jun2026 23:43:29.844] [Server thread/DEBUG] [net.minecraftforge.network.HandshakeHandler/FMLHANDSHAKE]: Sending ticking packet info 'Registry minecraft:sound_event' to 'fml:handshake' sequence 4
[12Jun2026 23:43:29.877] [Server thread/DEBUG] [net.minecraftforge.network.HandshakeHandler/FMLHANDSHAKE]: Sending ticking packet info 'Registry minecraft:particle_type' to 'fml:handshake' sequence 5
[12Jun2026 23:43:29.910] [Server thread/DEBUG] [net.minecraftforge.network.HandshakeHandler/FMLHANDSHAKE]: Sending ticking packet info 'Registry minecraft:villager_profession' to 'fml:handshake' sequence 6
[12Jun2026 23:43:29.952] [Server thread/DEBUG] [net.minecraftforge.network.HandshakeHandler/FMLHANDSHAKE]: Sending ticking packet info 'Registry minecraft:item' to 'fml:handshake' sequence 7
[12Jun2026 23:43:29.988] [Server thread/DEBUG] [net.minecraftforge.network.HandshakeHandler/FMLHANDSHAKE]: Sending ticking packet info 'Registry minecraft:potion' to 'fml:handshake' sequence 8
[12Jun2026 23:43:30.021] [Server thread/DEBUG] [net.minecraftforge.network.HandshakeHandler/FMLHANDSHAKE]: Sending ticking packet info 'Registry minecraft:painting_variant' to 'fml:handshake' sequence 9
[12Jun2026 23:43:30.052] [Server thread/DEBUG] [net.minecraftforge.network.HandshakeHandler/FMLHANDSHAKE]: Sending ticking packet info 'Registry forge:fluid_type' to 'fml:handshake' sequence 10
[12Jun2026 23:43:30.085] [Server thread/DEBUG] [net.minecraftforge.network.HandshakeHandler/FMLHANDSHAKE]: Sending ticking packet info 'Registry minecraft:block_entity_type' to 'fml:handshake' sequence 11
[12Jun2026 23:43:30.120] [Server thread/DEBUG] [net.minecraftforge.network.HandshakeHandler/FMLHANDSHAKE]: Sending ticking packet info 'Registry forge:display_contexts' to 'fml:handshake' sequence 12
[12Jun2026 23:43:30.133] [Netty Server IO #7/DEBUG] [net.minecraftforge.network.LoginWrapper/FMLHANDSHAKE]: Recieved login wrapper packet event for channel fml:handshake with index 3
[12Jun2026 23:43:30.133] [Netty Server IO #7/DEBUG] [net.minecraftforge.network.HandshakeHandler/FMLHANDSHAKE]: Received client indexed reply 3 of type net.minecraftforge.network.HandshakeMessages$C2SAcknowledge
[12Jun2026 23:43:30.133] [Netty Server IO #7/DEBUG] [net.minecraftforge.network.HandshakeHandler/FMLHANDSHAKE]: Received acknowledgement from client
[12Jun2026 23:43:30.154] [Server thread/DEBUG] [net.minecraftforge.network.HandshakeHandler/FMLHANDSHAKE]: Sending ticking packet info 'Registry minecraft:block' to 'fml:handshake' sequence 13
[12Jun2026 23:43:30.186] [Server thread/DEBUG] [net.minecraftforge.network.HandshakeHandler/FMLHANDSHAKE]: Sending ticking packet info 'Registry forge:entity_data_serializers' to 'fml:handshake' sequence 14
[12Jun2026 23:43:30.224] [Server thread/DEBUG] [net.minecraftforge.network.HandshakeHandler/FMLHANDSHAKE]: Sending ticking packet info 'Registry valhelsia_structures:structure_height_provider_types' to 'fml:handshake' sequence 15
[12Jun2026 23:43:30.248] [Server thread/DEBUG] [net.minecraftforge.network.HandshakeHandler/FMLHANDSHAKE]: Sending ticking packet info 'Registry minecraft:mob_effect' to 'fml:handshake' sequence 16
[12Jun2026 23:43:30.292] [Server thread/DEBUG] [net.minecraftforge.network.HandshakeHandler/FMLHANDSHAKE]: Sending ticking packet info 'Registry minecraft:stat_type' to 'fml:handshake' sequence 17
[12Jun2026 23:43:30.345] [Server thread/DEBUG] [net.minecraftforge.network.HandshakeHandler/FMLHANDSHAKE]: Sending ticking packet info 'Registry minecraft:menu' to 'fml:handshake' sequence 18
[12Jun2026 23:43:30.395] [Server thread/DEBUG] [net.minecraftforge.network.HandshakeHandler/FMLHANDSHAKE]: Sending ticking packet info 'Registry minecraft:enchantment' to 'fml:handshake' sequence 19
[12Jun2026 23:43:30.422] [Netty Server IO #7/DEBUG] [net.minecraftforge.network.LoginWrapper/FMLHANDSHAKE]: Recieved login wrapper packet event for channel fml:handshake with index 4
[12Jun2026 23:43:30.422] [Netty Server IO #7/DEBUG] [net.minecraftforge.network.HandshakeHandler/FMLHANDSHAKE]: Received client indexed reply 4 of type net.minecraftforge.network.HandshakeMessages$C2SAcknowledge
[12Jun2026 23:43:30.423] [Netty Server IO #7/DEBUG] [net.minecraftforge.network.HandshakeHandler/FMLHANDSHAKE]: Received acknowledgement from client
[12Jun2026 23:43:30.425] [Netty Server IO #7/DEBUG] [net.minecraftforge.network.LoginWrapper/FMLHANDSHAKE]: Recieved login wrapper packet event for channel fml:handshake with index 5
[12Jun2026 23:43:30.425] [Netty Server IO #7/DEBUG] [net.minecraftforge.network.HandshakeHandler/FMLHANDSHAKE]: Received client indexed reply 5 of type net.minecraftforge.network.HandshakeMessages$C2SAcknowledge
[12Jun2026 23:43:30.425] [Netty Server IO #7/DEBUG] [net.minecraftforge.network.HandshakeHandler/FMLHANDSHAKE]: Received acknowledgement from client
[12Jun2026 23:43:30.425] [Netty Server IO #7/DEBUG] [net.minecraftforge.network.LoginWrapper/FMLHANDSHAKE]: Recieved login wrapper packet event for channel fml:handshake with index 6
[12Jun2026 23:43:30.426] [Netty Server IO #7/DEBUG] [net.minecraftforge.network.HandshakeHandler/FMLHANDSHAKE]: Received client indexed reply 6 of type net.minecraftforge.network.HandshakeMessages$C2SAcknowledge
[12Jun2026 23:43:30.426] [Netty Server IO #7/DEBUG] [net.minecraftforge.network.HandshakeHandler/FMLHANDSHAKE]: Received acknowledgement from client
[12Jun2026 23:43:30.448] [Server thread/DEBUG] [net.minecraftforge.network.HandshakeHandler/FMLHANDSHAKE]: Sending ticking packet info 'Registry minecraft:fluid' to 'fml:handshake' sequence 20
[12Jun2026 23:43:30.492] [Netty Server IO #7/DEBUG] [net.minecraftforge.network.LoginWrapper/FMLHANDSHAKE]: Recieved login wrapper packet event for channel fml:handshake with index 7
[12Jun2026 23:43:30.493] [Netty Server IO #7/DEBUG] [net.minecraftforge.network.HandshakeHandler/FMLHANDSHAKE]: Received client indexed reply 7 of type net.minecraftforge.network.HandshakeMessages$C2SAcknowledge
[12Jun2026 23:43:30.493] [Netty Server IO #7/DEBUG] [net.minecraftforge.network.HandshakeHandler/FMLHANDSHAKE]: Received acknowledgement from client
[12Jun2026 23:43:30.495] [Server thread/DEBUG] [net.minecraftforge.network.HandshakeHandler/FMLHANDSHAKE]: Sending ticking packet info 'Registry minecraft:entity_type' to 'fml:handshake' sequence 21
[12Jun2026 23:43:30.533] [Netty Server IO #7/DEBUG] [net.minecraftforge.network.LoginWrapper/FMLHANDSHAKE]: Recieved login wrapper packet event for channel fml:handshake with index 8
[12Jun2026 23:43:30.533] [Netty Server IO #7/DEBUG] [net.minecraftforge.network.HandshakeHandler/FMLHANDSHAKE]: Received client indexed reply 8 of type net.minecraftforge.network.HandshakeMessages$C2SAcknowledge
[12Jun2026 23:43:30.533] [Netty Server IO #7/DEBUG] [net.minecraftforge.network.HandshakeHandler/FMLHANDSHAKE]: Received acknowledgement from client
[12Jun2026 23:43:30.533] [Netty Server IO #7/DEBUG] [net.minecraftforge.network.LoginWrapper/FMLHANDSHAKE]: Recieved login wrapper packet event for channel fml:handshake with index 9
[12Jun2026 23:43:30.533] [Netty Server IO #7/DEBUG] [net.minecraftforge.network.HandshakeHandler/FMLHANDSHAKE]: Received client indexed reply 9 of type net.minecraftforge.network.HandshakeMessages$C2SAcknowledge
[12Jun2026 23:43:30.534] [Netty Server IO #7/DEBUG] [net.minecraftforge.network.HandshakeHandler/FMLHANDSHAKE]: Received acknowledgement from client
[12Jun2026 23:43:30.534] [Netty Server IO #7/DEBUG] [net.minecraftforge.network.LoginWrapper/FMLHANDSHAKE]: Recieved login wrapper packet event for channel fml:handshake with index 10
[12Jun2026 23:43:30.534] [Netty Server IO #7/DEBUG] [net.minecraftforge.network.HandshakeHandler/FMLHANDSHAKE]: Received client indexed reply 10 of type net.minecraftforge.network.HandshakeMessages$C2SAcknowledge
[12Jun2026 23:43:30.534] [Netty Server IO #7/DEBUG] [net.minecraftforge.network.HandshakeHandler/FMLHANDSHAKE]: Received acknowledgement from client
[12Jun2026 23:43:30.534] [Netty Server IO #7/DEBUG] [net.minecraftforge.network.LoginWrapper/FMLHANDSHAKE]: Recieved login wrapper packet event for channel fml:handshake with index 11
[12Jun2026 23:43:30.534] [Netty Server IO #7/DEBUG] [net.minecraftforge.network.HandshakeHandler/FMLHANDSHAKE]: Received client indexed reply 11 of type net.minecraftforge.network.HandshakeMessages$C2SAcknowledge
[12Jun2026 23:43:30.534] [Netty Server IO #7/DEBUG] [net.minecraftforge.network.HandshakeHandler/FMLHANDSHAKE]: Received acknowledgement from client
[12Jun2026 23:43:30.534] [Netty Server IO #7/DEBUG] [net.minecraftforge.network.LoginWrapper/FMLHANDSHAKE]: Recieved login wrapper packet event for channel fml:handshake with index 12
[12Jun2026 23:43:30.534] [Netty Server IO #7/DEBUG] [net.minecraftforge.network.HandshakeHandler/FMLHANDSHAKE]: Received client indexed reply 12 of type net.minecraftforge.network.HandshakeMessages$C2SAcknowledge
[12Jun2026 23:43:30.534] [Netty Server IO #7/DEBUG] [net.minecraftforge.network.HandshakeHandler/FMLHANDSHAKE]: Received acknowledgement from client
[12Jun2026 23:43:30.551] [Server thread/DEBUG] [net.minecraftforge.network.HandshakeHandler/FMLHANDSHAKE]: Sending ticking packet info 'Config gravestone-server.toml' to 'fml:handshake' sequence 22
[12Jun2026 23:43:30.593] [Netty Server IO #7/DEBUG] [net.minecraftforge.network.LoginWrapper/FMLHANDSHAKE]: Recieved login wrapper packet event for channel fml:handshake with index 13
[12Jun2026 23:43:30.593] [Netty Server IO #7/DEBUG] [net.minecraftforge.network.HandshakeHandler/FMLHANDSHAKE]: Received client indexed reply 13 of type net.minecraftforge.network.HandshakeMessages$C2SAcknowledge
[12Jun2026 23:43:30.593] [Netty Server IO #7/DEBUG] [net.minecraftforge.network.HandshakeHandler/FMLHANDSHAKE]: Received acknowledgement from client
[12Jun2026 23:43:30.593] [Netty Server IO #7/DEBUG] [net.minecraftforge.network.LoginWrapper/FMLHANDSHAKE]: Recieved login wrapper packet event for channel fml:handshake with index 14
[12Jun2026 23:43:30.593] [Netty Server IO #7/DEBUG] [net.minecraftforge.network.HandshakeHandler/FMLHANDSHAKE]: Received client indexed reply 14 of type net.minecraftforge.network.HandshakeMessages$C2SAcknowledge
[12Jun2026 23:43:30.593] [Netty Server IO #7/DEBUG] [net.minecraftforge.network.HandshakeHandler/FMLHANDSHAKE]: Received acknowledgement from client
[12Jun2026 23:43:30.593] [Netty Server IO #7/DEBUG] [net.minecraftforge.network.LoginWrapper/FMLHANDSHAKE]: Recieved login wrapper packet event for channel fml:handshake with index 15
[12Jun2026 23:43:30.593] [Netty Server IO #7/DEBUG] [net.minecraftforge.network.HandshakeHandler/FMLHANDSHAKE]: Received client indexed reply 15 of type net.minecraftforge.network.HandshakeMessages$C2SAcknowledge
[12Jun2026 23:43:30.593] [Netty Server IO #7/DEBUG] [net.minecraftforge.network.HandshakeHandler/FMLHANDSHAKE]: Received acknowledgement from client
[12Jun2026 23:43:30.593] [Netty Server IO #7/DEBUG] [net.minecraftforge.network.LoginWrapper/FMLHANDSHAKE]: Recieved login wrapper packet event for channel fml:handshake with index 16
[12Jun2026 23:43:30.593] [Netty Server IO #7/DEBUG] [net.minecraftforge.network.HandshakeHandler/FMLHANDSHAKE]: Received client indexed reply 16 of type net.minecraftforge.network.HandshakeMessages$C2SAcknowledge
[12Jun2026 23:43:30.593] [Netty Server IO #7/DEBUG] [net.minecraftforge.network.HandshakeHandler/FMLHANDSHAKE]: Received acknowledgement from client
[12Jun2026 23:43:30.594] [Netty Server IO #7/DEBUG] [net.minecraftforge.network.LoginWrapper/FMLHANDSHAKE]: Recieved login wrapper packet event for channel fml:handshake with index 17
[12Jun2026 23:43:30.594] [Netty Server IO #7/DEBUG] [net.minecraftforge.network.HandshakeHandler/FMLHANDSHAKE]: Received client indexed reply 17 of type net.minecraftforge.network.HandshakeMessages$C2SAcknowledge
[12Jun2026 23:43:30.594] [Netty Server IO #7/DEBUG] [net.minecraftforge.network.HandshakeHandler/FMLHANDSHAKE]: Received acknowledgement from client
[12Jun2026 23:43:30.595] [Netty Server IO #7/DEBUG] [net.minecraftforge.network.LoginWrapper/FMLHANDSHAKE]: Recieved login wrapper packet event for channel fml:handshake with index 18
[12Jun2026 23:43:30.595] [Netty Server IO #7/DEBUG] [net.minecraftforge.network.HandshakeHandler/FMLHANDSHAKE]: Received client indexed reply 18 of type net.minecraftforge.network.HandshakeMessages$C2SAcknowledge
[12Jun2026 23:43:30.595] [Netty Server IO #7/DEBUG] [net.minecraftforge.network.HandshakeHandler/FMLHANDSHAKE]: Received acknowledgement from client
[12Jun2026 23:43:30.603] [Server thread/DEBUG] [net.minecraftforge.network.HandshakeHandler/FMLHANDSHAKE]: Sending ticking packet info 'Config travelersbackpack-server.toml' to 'fml:handshake' sequence 23
[12Jun2026 23:43:30.635] [Netty Server IO #7/DEBUG] [net.minecraftforge.network.LoginWrapper/FMLHANDSHAKE]: Recieved login wrapper packet event for channel fml:handshake with index 19
[12Jun2026 23:43:30.635] [Netty Server IO #7/DEBUG] [net.minecraftforge.network.HandshakeHandler/FMLHANDSHAKE]: Received client indexed reply 19 of type net.minecraftforge.network.HandshakeMessages$C2SAcknowledge
[12Jun2026 23:43:30.635] [Netty Server IO #7/DEBUG] [net.minecraftforge.network.HandshakeHandler/FMLHANDSHAKE]: Received acknowledgement from client
[12Jun2026 23:43:30.635] [Netty Server IO #7/DEBUG] [net.minecraftforge.network.LoginWrapper/FMLHANDSHAKE]: Recieved login wrapper packet event for channel fml:handshake with index 20
[12Jun2026 23:43:30.635] [Netty Server IO #7/DEBUG] [net.minecraftforge.network.HandshakeHandler/FMLHANDSHAKE]: Received client indexed reply 20 of type net.minecraftforge.network.HandshakeMessages$C2SAcknowledge
[12Jun2026 23:43:30.635] [Netty Server IO #7/DEBUG] [net.minecraftforge.network.HandshakeHandler/FMLHANDSHAKE]: Received acknowledgement from client
[12Jun2026 23:43:30.645] [Server thread/DEBUG] [net.minecraftforge.network.HandshakeHandler/FMLHANDSHAKE]: Sending ticking packet info 'Config forge-server.toml' to 'fml:handshake' sequence 24
[12Jun2026 23:43:30.712] [Netty Server IO #7/DEBUG] [net.minecraftforge.network.LoginWrapper/FMLHANDSHAKE]: Recieved login wrapper packet event for channel fml:handshake with index 21
[12Jun2026 23:43:30.712] [Netty Server IO #7/DEBUG] [net.minecraftforge.network.HandshakeHandler/FMLHANDSHAKE]: Received client indexed reply 21 of type net.minecraftforge.network.HandshakeMessages$C2SAcknowledge
[12Jun2026 23:43:30.712] [Netty Server IO #7/DEBUG] [net.minecraftforge.network.HandshakeHandler/FMLHANDSHAKE]: Received acknowledgement from client
[12Jun2026 23:43:30.716] [Netty Server IO #7/DEBUG] [net.minecraftforge.network.LoginWrapper/FMLHANDSHAKE]: Recieved login wrapper packet event for channel fml:handshake with index 22
[12Jun2026 23:43:30.717] [Netty Server IO #7/DEBUG] [net.minecraftforge.network.HandshakeHandler/FMLHANDSHAKE]: Received client indexed reply 22 of type net.minecraftforge.network.HandshakeMessages$C2SAcknowledge
[12Jun2026 23:43:30.717] [Netty Server IO #7/DEBUG] [net.minecraftforge.network.HandshakeHandler/FMLHANDSHAKE]: Received acknowledgement from client
[12Jun2026 23:43:30.727] [Netty Server IO #7/DEBUG] [net.minecraftforge.network.LoginWrapper/FMLHANDSHAKE]: Recieved login wrapper packet event for channel fml:handshake with index 23
[12Jun2026 23:43:30.727] [Netty Server IO #7/DEBUG] [net.minecraftforge.network.HandshakeHandler/FMLHANDSHAKE]: Received client indexed reply 23 of type net.minecraftforge.network.HandshakeMessages$C2SAcknowledge
[12Jun2026 23:43:30.727] [Netty Server IO #7/DEBUG] [net.minecraftforge.network.HandshakeHandler/FMLHANDSHAKE]: Received acknowledgement from client
[12Jun2026 23:43:30.728] [Netty Server IO #7/DEBUG] [net.minecraftforge.network.LoginWrapper/FMLHANDSHAKE]: Recieved login wrapper packet event for channel fml:handshake with index 24
[12Jun2026 23:43:30.728] [Netty Server IO #7/DEBUG] [net.minecraftforge.network.HandshakeHandler/FMLHANDSHAKE]: Received client indexed reply 24 of type net.minecraftforge.network.HandshakeMessages$C2SAcknowledge
[12Jun2026 23:43:30.728] [Netty Server IO #7/DEBUG] [net.minecraftforge.network.HandshakeHandler/FMLHANDSHAKE]: Received acknowledgement from client
[12Jun2026 23:43:30.750] [Server thread/DEBUG] [net.minecraftforge.network.HandshakeHandler/FMLHANDSHAKE]: Handshake complete!
[12Jun2026 23:43:30.800] [ForkJoinPool.commonPool-worker-5/DEBUG] [SkinRestorer/]: Fetching Esponjateo's skin
[12Jun2026 23:43:31.264] [Server thread/INFO] [net.minecraft.server.players.PlayerList/]: Esponjateo[/[fdfd::1a06:b37f]:51663] logged in with entity id 1939 at (-86.30283235579772, 69.0, 286.57611436919444)
[12Jun2026 23:43:31.275] [Server thread/DEBUG] [net.minecraftforge.network.filters.NetworkFilters/]: Injected net.minecraftforge.network.filters.ForgeConnectionNetworkFilter@30ec2df6 into net.minecraft.network.Connection@14799642
[12Jun2026 23:43:31.316] [Server thread/INFO] [net.minecraft.server.MinecraftServer/]: Esponjateo joined the game
[12Jun2026 23:45:03.205] [Server thread/INFO] [net.minecraft.server.MinecraftServer/]: SubtleRotation has made the advancement [Hidden in the Depths]
[12Jun2026 23:46:37.802] [Server thread/INFO] [net.minecraft.server.MinecraftServer/]: PingEm has made the advancement [What a Deal!]
[12Jun2026 23:47:53.024] [Server thread/DEBUG] [net.minecraftforge.common.ForgeHooks/WP]: Gathering id map for writing to world save world
[12Jun2026 23:47:53.054] [Server thread/DEBUG] [net.minecraftforge.common.ForgeHooks/WP]: ID Map collection complete world
[12Jun2026 23:51:19.738] [Server thread/WARN] [net.minecraft.server.level.ServerPlayerGameMode/]: Mismatch in destroy block pos: BlockPos{x=-133, y=13, z=1196} BlockPos{x=-133, y=12, z=1197}
[12Jun2026 23:51:19.792] [Server thread/WARN] [net.minecraft.server.level.ServerPlayerGameMode/]: Mismatch in destroy block pos: BlockPos{x=-133, y=13, z=1196} BlockPos{x=-133, y=12, z=1197}
[12Jun2026 23:51:19.833] [Server thread/WARN] [net.minecraft.server.level.ServerPlayerGameMode/]: Mismatch in destroy block pos: BlockPos{x=-133, y=13, z=1196} BlockPos{x=-133, y=12, z=1197}
[12Jun2026 23:51:19.865] [Server thread/WARN] [net.minecraft.server.level.ServerPlayerGameMode/]: Mismatch in destroy block pos: BlockPos{x=-133, y=13, z=1196} BlockPos{x=-133, y=12, z=1197}
[12Jun2026 23:52:14.610] [Server thread/WARN] [net.minecraft.server.level.ServerPlayerGameMode/]: Mismatch in destroy block pos: BlockPos{x=-107, y=14, z=1198} BlockPos{x=-89, y=14, z=1202}
[12Jun2026 23:52:14.657] [Server thread/WARN] [net.minecraft.server.level.ServerPlayerGameMode/]: Mismatch in destroy block pos: BlockPos{x=-107, y=14, z=1198} BlockPos{x=-89, y=14, z=1202}
[12Jun2026 23:52:14.711] [Server thread/WARN] [net.minecraft.server.level.ServerPlayerGameMode/]: Mismatch in destroy block pos: BlockPos{x=-107, y=14, z=1198} BlockPos{x=-89, y=14, z=1202}
[12Jun2026 23:52:14.762] [Server thread/WARN] [net.minecraft.server.level.ServerPlayerGameMode/]: Mismatch in destroy block pos: BlockPos{x=-107, y=14, z=1198} BlockPos{x=-89, y=14, z=1202}
[12Jun2026 23:52:16.209] [Server thread/WARN] [net.minecraft.server.level.ServerPlayerGameMode/]: Mismatch in destroy block pos: BlockPos{x=-107, y=14, z=1198} BlockPos{x=-88, y=15, z=1202}
[12Jun2026 23:52:46.612] [Server thread/INFO] [net.minecraft.server.MinecraftServer/]: PingEm has made the advancement [A Seedy Place]
[12Jun2026 23:52:52.996] [Server thread/DEBUG] [net.minecraftforge.common.ForgeHooks/WP]: Gathering id map for writing to world save world
[12Jun2026 23:52:53.002] [Server thread/DEBUG] [net.minecraftforge.common.ForgeHooks/WP]: ID Map collection complete world
[12Jun2026 23:54:12.411] [Server thread/INFO] [net.minecraft.server.MinecraftServer/]: Esponjateo has made the advancement [Those Were the Days]
[12Jun2026 23:56:18.449] [Server thread/WARN] [net.minecraft.server.MinecraftServer/]: Can't keep up! Is the server overloaded? Running 2021ms or 40 ticks behind
[12Jun2026 23:56:29.022] [Server thread/WARN] [net.minecraft.server.network.ServerGamePacketListenerImpl/]: SubtleRotation moved too quickly! -18.883551202139643,-3.5,-267.8844903286317
[12Jun2026 23:56:29.023] [Server thread/WARN] [net.minecraft.server.network.ServerGamePacketListenerImpl/]: SubtleRotation moved too quickly! -18.883551202139643,-3.5,-267.8844903286317
[12Jun2026 23:57:54.990] [Server thread/DEBUG] [net.minecraftforge.common.ForgeHooks/WP]: Gathering id map for writing to world save world
[12Jun2026 23:57:54.997] [Server thread/DEBUG] [net.minecraftforge.common.ForgeHooks/WP]: ID Map collection complete world
[12Jun2026 23:58:18.016] [Server thread/WARN] [net.minecraft.server.network.ServerGamePacketListenerImpl/]: SubtleRotation moved too quickly! 2932.6332472923964,-25.0,-11602.857197554771
[12Jun2026 23:58:18.017] [Server thread/WARN] [net.minecraft.server.network.ServerGamePacketListenerImpl/]: SubtleRotation moved too quickly! 2932.6332472923964,-25.0,-11602.857197554771
[12Jun2026 23:58:18.024] [Server thread/WARN] [net.minecraft.server.network.ServerGamePacketListenerImpl/]: SubtleRotation moved too quickly! 2932.6332472923964,-25.0,-11602.857197554771
[12Jun2026 23:58:34.836] [Server thread/INFO] [net.minecraft.server.MinecraftServer/]: Esponjateo has made the advancement [War Pigs]
[12Jun2026 23:59:18.374] [Server thread/INFO] [net.minecraft.server.MinecraftServer/]: [Not Secure] <PingEm> who's a goodlittle nigga teehe ^_^
[12Jun2026 23:59:25.712] [Server thread/INFO] [net.minecraft.server.MinecraftServer/]: [Not Secure] <Esponjateo> WHAT
[13Jun2026 00:00:28.205] [Server thread/WARN] [net.minecraft.server.level.ServerPlayerGameMode/]: Mismatch in destroy block pos: BlockPos{x=-273, y=80, z=1470} BlockPos{x=-275, y=79, z=1469}
[13Jun2026 00:00:28.264] [Server thread/WARN] [net.minecraft.server.level.ServerPlayerGameMode/]: Mismatch in destroy block pos: BlockPos{x=-273, y=80, z=1470} BlockPos{x=-275, y=79, z=1469}
[13Jun2026 00:00:28.309] [Server thread/WARN] [net.minecraft.server.level.ServerPlayerGameMode/]: Mismatch in destroy block pos: BlockPos{x=-273, y=80, z=1470} BlockPos{x=-275, y=79, z=1469}
[13Jun2026 00:00:28.358] [Server thread/WARN] [net.minecraft.server.level.ServerPlayerGameMode/]: Mismatch in destroy block pos: BlockPos{x=-273, y=80, z=1470} BlockPos{x=-275, y=79, z=1469}
[13Jun2026 00:00:28.410] [Server thread/WARN] [net.minecraft.server.level.ServerPlayerGameMode/]: Mismatch in destroy block pos: BlockPos{x=-273, y=80, z=1470} BlockPos{x=-275, y=79, z=1469}
[13Jun2026 00:00:40.364] [Server thread/WARN] [net.minecraft.server.level.ServerPlayerGameMode/]: Mismatch in destroy block pos: BlockPos{x=-244, y=79, z=1467} BlockPos{x=-247, y=79, z=1466}
[13Jun2026 00:01:34.456] [Server thread/WARN] [net.minecraft.server.level.ServerPlayerGameMode/]: Mismatch in destroy block pos: BlockPos{x=-160, y=78, z=1499} BlockPos{x=-161, y=77, z=1497}
[13Jun2026 00:01:34.510] [Server thread/WARN] [net.minecraft.server.level.ServerPlayerGameMode/]: Mismatch in destroy block pos: BlockPos{x=-160, y=78, z=1499} BlockPos{x=-161, y=77, z=1497}
[13Jun2026 00:01:35.762] [Server thread/WARN] [net.minecraft.server.level.ServerPlayerGameMode/]: Mismatch in destroy block pos: BlockPos{x=-160, y=81, z=1500} BlockPos{x=-159, y=81, z=1500}
[13Jun2026 00:01:35.808] [Server thread/WARN] [net.minecraft.server.level.ServerPlayerGameMode/]: Mismatch in destroy block pos: BlockPos{x=-160, y=81, z=1500} BlockPos{x=-159, y=81, z=1500}
[13Jun2026 00:02:55.006] [Server thread/DEBUG] [net.minecraftforge.common.ForgeHooks/WP]: Gathering id map for writing to world save world
[13Jun2026 00:02:55.013] [Server thread/DEBUG] [net.minecraftforge.common.ForgeHooks/WP]: ID Map collection complete world
[13Jun2026 00:04:02.717] [Server thread/INFO] [net.minecraft.server.MinecraftServer/]: SubtleRotation has made the advancement [Those Were the Days]
[13Jun2026 00:04:09.711] [Server thread/INFO] [net.minecraft.server.MinecraftServer/]: SubtleRotation has made the advancement [War Pigs]
[13Jun2026 00:04:10.308] [Server thread/WARN] [net.minecraft.server.network.ServerGamePacketListenerImpl/]: PingEm was kicked for floating too long!
[13Jun2026 00:04:10.309] [Server thread/INFO] [net.minecraft.server.network.ServerGamePacketListenerImpl/]: PingEm lost connection: Flying is not enabled on this server
[13Jun2026 00:04:10.311] [Server thread/INFO] [net.minecraft.server.MinecraftServer/]: PingEm left the game
[13Jun2026 00:04:10.376] [Server thread/WARN] [net.minecraft.network.Connection/]: handleDisconnection() called twice
[13Jun2026 00:04:26.698] [Server thread/INFO] [net.minecraft.server.network.ServerGamePacketListenerImpl/]: Esponjateo lost connection: Disconnected
[13Jun2026 00:04:26.698] [Server thread/INFO] [net.minecraft.server.MinecraftServer/]: Esponjateo left the game
[13Jun2026 00:04:28.689] [Server thread/INFO] [net.minecraft.server.network.ServerGamePacketListenerImpl/]: SubtleRotation lost connection: Disconnected
[13Jun2026 00:04:28.690] [Server thread/INFO] [net.minecraft.server.MinecraftServer/]: SubtleRotation left the game
[13Jun2026 00:04:55.886] [Server thread/INFO] [PlasmoVoice/]: UDP server is stopped
[13Jun2026 00:04:55.893] [Server thread/INFO] [net.minecraft.server.MinecraftServer/]: Stopping server
[13Jun2026 00:04:55.905] [Server thread/INFO] [net.minecraft.server.MinecraftServer/]: Saving players
[13Jun2026 00:04:55.922] [Server thread/INFO] [net.minecraft.server.MinecraftServer/]: Saving worlds
